alert,operating_point,goes_class,class,start_utc,peak_utc,rise_min,window_min,hel1os_coverage,warned_model,lead_before_peak_min_model,lead_before_start_min_model,warned_trend,lead_before_peak_min_trend,lead_before_start_min_trend,warned_current,lead_before_peak_min_current,lead_before_start_min_current,warned_hope,lead_before_peak_min_hope,lead_before_start_min_hope,warned_rule,lead_before_peak_min_rule,lead_before_start_min_rule,warned_rule_C_level,lead_before_peak_min_rule_C_level,lead_before_start_min_rule_C_level,warned_combined,lead_before_peak_min_combined,lead_before_start_min_combined,lead_before_M1_min_model,lead_before_M1_min_trend,lead_before_M1_min_current,lead_before_M1_min_hope,lead_before_M1_min_rule,lead_before_M1_min_rule_C_level,lead_before_M1_min_combined
GOES >= C1 flare within 15 min,2 false alarms/day on validation,C2.1,C,2026-03-30 20:40,2026-03-30 20:47,7.0,37,1.0,True,0.0,-7.0,True,0.0,-7.0,True,0.0,-7.0,True,37.0,30.0,False,,,False,,,False,,,,,,,,,
GOES >= C1 flare within 15 min,2 false alarms/day on validation,C1.5,C,2026-03-30 23:58,2026-03-31 00:06,8.0,38,1.0,True,1.0,-7.0,False,,,False,,,True,38.0,30.0,True,0.0,-8.0,True,0.0,-8.0,False,,,,,,,,,
GOES >= C1 flare within 15 min,2 false alarms/day on validation,C1.5,C,2026-03-31 00:55,2026-03-31 01:01,6.0,36,1.0,False,,,False,,,False,,,True,36.0,30.0,False,,,False,,,False,,,,,,,,,
GOES >= C1 flare within 15 min,2 false alarms/day on validation,C1.0,C,2026-03-31 10:27,2026-03-31 10:34,7.0,37,1.0,True,1.0,-6.0,False,,,False,,,True,37.0,30.0,True,0.0,-7.0,True,0.0,-7.0,False,,,,,,,,,
GOES >= C1 flare within 15 min,2 false alarms/day on validation,C1.1,C,2026-03-31 21:16,2026-03-31 21:23,7.0,37,1.0,False,,,False,,,False,,,True,37.0,30.0,False,,,False,,,False,,,,,,,,,
GOES >= C1 flare within 15 min,2 false alarms/day on validation,C1.2,C,2026-04-01 06:38,2026-04-01 06:51,13.0,43,1.0,True,3.0,-10.0,False,,,False,,,True,43.0,30.0,True,6.0,-7.0,True,1.0,-12.0,False,,,,,,,,,
GOES >= C1 flare within 15 min,2 false alarms/day on validation,C1.3,C,2026-04-01 10:49,2026-04-01 11:05,16.0,46,1.0,True,9.0,-7.0,True,9.0,-7.0,False,,,True,46.0,30.0,True,9.0,-7.0,True,9.0,-7.0,False,,,,,,,,,
GOES >= C1 flare within 15 min,2 false alarms/day on validation,C5.3,C,2026-04-01 13:37,2026-04-01 13:48,11.0,41,1.0,True,5.0,-6.0,True,4.0,-7.0,True,4.0,-7.0,True,41.0,30.0,True,3.0,-8.0,True,3.0,-8.0,False,,,,,,,,,
GOES >= C1 flare within 15 min,2 false alarms/day on validation,C1.5,C,2026-04-01 17:38,2026-04-01 17:45,7.0,37,1.0,True,3.0,-4.0,True,3.0,-4.0,False,,,True,37.0,30.0,True,24.0,17.0,True,24.0,17.0,False,,,,,,,,,
GOES >= C1 flare within 15 min,2 false alarms/day on validation,C8.1,C,2026-04-01 19:47,2026-04-01 19:58,11.0,41,1.0,True,5.0,-6.0,True,4.0,-7.0,True,3.0,-8.0,True,41.0,30.0,True,4.0,-7.0,True,4.0,-7.0,False,,,,,,,,,
GOES >= C1 flare within 15 min,2 false alarms/day on validation,C1.4,C,2026-04-01 20:54,2026-04-01 21:02,8.0,38,1.0,True,0.0,-8.0,False,,,False,,,True,38.0,30.0,True,1.0,-7.0,True,1.0,-7.0,False,,,,,,,,,
GOES >= C1 flare within 15 min,2 false alarms/day on validation,C4.8,C,2026-04-01 21:34,2026-04-01 21:51,17.0,47,1.0,True,47.0,30.0,True,9.0,-8.0,True,7.0,-10.0,True,47.0,30.0,True,8.0,-9.0,True,8.0,-9.0,False,,,,,,,,,
GOES >= C1 flare within 15 min,2 false alarms/day on validation,C5.2,C,2026-04-01 22:41,2026-04-01 23:00,19.0,49,1.0,True,12.0,-7.0,True,7.0,-12.0,True,13.0,-6.0,True,49.0,30.0,True,5.0,-14.0,True,5.0,-14.0,False,,,,,,,,,
GOES >= C1 flare within 15 min,2 false alarms/day on validation,C6.1,C,2026-04-01 23:08,2026-04-01 23:28,20.0,27,1.0,True,27.0,7.0,True,27.0,7.0,True,27.0,7.0,True,27.0,7.0,True,27.0,7.0,True,27.0,7.0,False,,,,,,,,,
GOES >= C1 flare within 15 min,2 false alarms/day on validation,C1.4,C,2026-04-02 07:07,2026-04-02 07:13,6.0,36,1.0,True,17.0,11.0,True,17.0,11.0,False,,,True,36.0,30.0,True,16.0,10.0,True,16.0,10.0,False,,,,,,,,,
GOES >= C1 flare within 15 min,2 false alarms/day on validation,C1.3,C,2026-04-02 07:26,2026-04-02 07:30,4.0,16,1.0,True,10.0,6.0,False,,,False,,,True,16.0,12.0,True,16.0,12.0,True,16.0,12.0,False,,,,,,,,,
GOES >= C1 flare within 15 min,2 false alarms/day on validation,C1.3,C,2026-04-02 12:23,2026-04-02 12:30,7.0,37,1.0,True,37.0,30.0,True,0.0,-7.0,False,,,True,37.0,30.0,True,37.0,30.0,True,37.0,30.0,False,,,,,,,,,
GOES >= C1 flare within 15 min,2 false alarms/day on validation,C3.7,C,2026-04-02 14:47,2026-04-02 15:02,15.0,45,1.0,True,9.0,-6.0,True,9.0,-6.0,True,45.0,30.0,True,45.0,30.0,True,6.0,-9.0,True,6.0,-9.0,False,,,,,,,,,
GOES >= C1 flare within 15 min,2 false alarms/day on validation,C1.9,C,2026-04-02 16:58,2026-04-02 17:09,11.0,41,1.0,True,4.0,-7.0,True,2.0,-9.0,True,2.0,-9.0,True,41.0,30.0,True,13.0,2.0,True,13.0,2.0,False,,,,,,,,,
GOES >= C1 flare within 15 min,2 false alarms/day on validation,M3.5,M,2026-04-02 17:24,2026-04-02 18:15,51.0,65,1.0,True,65.0,14.0,True,13.0,-38.0,True,65.0,14.0,True,65.0,14.0,True,65.0,14.0,True,65.0,14.0,False,,,,,,,,,
GOES >= C1 flare within 15 min,2 false alarms/day on validation,C1.2,C,2026-04-02 21:21,2026-04-02 21:28,7.0,37,1.0,False,,,False,,,False,,,True,37.0,30.0,False,,,False,,,False,,,,,,,,,
GOES >= C1 flare within 15 min,2 false alarms/day on validation,C1.9,C,2026-04-02 22:46,2026-04-02 22:55,9.0,39,1.0,True,2.0,-7.0,True,2.0,-7.0,True,1.0,-8.0,True,39.0,30.0,True,2.0,-7.0,True,2.0,-7.0,False,,,,,,,,,
GOES >= C1 flare within 15 min,2 false alarms/day on validation,C1.6,C,2026-04-02 23:08,2026-04-02 23:15,7.0,19,1.0,True,19.0,12.0,True,19.0,12.0,True,19.0,12.0,True,19.0,12.0,True,19.0,12.0,True,19.0,12.0,False,,,,,,,,,
GOES >= C1 flare within 15 min,2 false alarms/day on validation,C1.5,C,2026-04-02 23:53,2026-04-02 23:58,5.0,35,1.0,False,,,False,,,False,,,True,35.0,30.0,False,,,False,,,False,,,,,,,,,
GOES >= C1 flare within 15 min,2 false alarms/day on validation,C2.4,C,2026-04-03 00:49,2026-04-03 00:55,6.0,36,1.0,True,2.0,-4.0,True,0.0,-6.0,True,1.0,-5.0,True,36.0,30.0,True,7.0,1.0,True,7.0,1.0,False,,,,,,,,,
GOES >= C1 flare within 15 min,2 false alarms/day on validation,C7.0,C,2026-04-03 00:59,2026-04-03 01:07,8.0,11,1.0,True,11.0,3.0,True,11.0,3.0,True,11.0,3.0,True,11.0,3.0,True,11.0,3.0,True,11.0,3.0,False,,,,,,,,,
GOES >= C1 flare within 15 min,2 false alarms/day on validation,C2.2,C,2026-04-03 03:24,2026-04-03 03:32,8.0,38,1.0,True,1.0,-7.0,True,1.0,-7.0,True,0.0,-8.0,True,38.0,30.0,True,1.0,-7.0,True,1.0,-7.0,False,,,,,,,,,
GOES >= C1 flare within 15 min,2 false alarms/day on validation,C6.0,C,2026-04-03 05:20,2026-04-03 05:42,22.0,52,1.0,True,15.0,-7.0,True,14.0,-8.0,True,2.0,-20.0,True,52.0,30.0,True,15.0,-7.0,True,15.0,-7.0,False,,,,,,,,,
GOES >= C1 flare within 15 min,2 false alarms/day on validation,M1.3,M,2026-04-03 07:45,2026-04-03 07:56,11.0,41,1.0,True,3.0,-8.0,True,3.0,-8.0,True,5.0,-6.0,True,41.0,30.0,True,3.0,-8.0,True,3.0,-8.0,False,,,,,,,,,
GOES >= C1 flare within 15 min,2 false alarms/day on validation,C7.7,C,2026-04-03 10:03,2026-04-03 10:17,14.0,44,1.0,True,6.0,-8.0,True,6.0,-8.0,True,6.0,-8.0,True,44.0,30.0,True,6.0,-8.0,True,6.0,-8.0,False,,,,,,,,,
GOES >= C1 flare within 15 min,2 false alarms/day on validation,C3.3,C,2026-04-03 11:05,2026-04-03 11:09,4.0,34,1.0,True,0.0,-4.0,True,0.0,-4.0,True,34.0,30.0,True,34.0,30.0,False,,,False,,,False,,,,,,,,,
GOES >= C1 flare within 15 min,2 false alarms/day on validation,C3.4,C,2026-04-03 11:53,2026-04-03 12:00,7.0,37,1.0,True,0.0,-7.0,True,1.0,-6.0,True,37.0,30.0,True,37.0,30.0,False,,,False,,,False,,,,,,,,,
GOES >= C1 flare within 15 min,2 false alarms/day on validation,C5.1,C,2026-04-03 12:19,2026-04-03 12:28,9.0,27,1.0,True,27.0,18.0,True,27.0,18.0,True,27.0,18.0,True,27.0,18.0,True,26.0,17.0,True,26.0,17.0,False,,,,,,,,,
GOES >= C1 flare within 15 min,2 false alarms/day on validation,M1.3,M,2026-04-03 12:46,2026-04-03 12:50,4.0,21,1.0,True,21.0,17.0,True,21.0,17.0,True,21.0,17.0,True,21.0,17.0,False,,,False,,,False,,,,,,,,,
GOES >= C1 flare within 15 min,2 false alarms/day on validation,C3.4,C,2026-04-03 16:04,2026-04-03 16:08,4.0,34,1.0,True,12.0,8.0,True,2.0,-2.0,True,2.0,-2.0,True,34.0,30.0,True,9.0,5.0,True,9.0,5.0,False,,,,,,,,,
GOES >= C1 flare within 15 min,2 false alarms/day on validation,C1.7,C,2026-04-03 17:31,2026-04-03 17:36,5.0,35,1.0,True,0.0,-5.0,True,0.0,-5.0,False,,,True,35.0,30.0,False,,,False,,,False,,,,,,,,,
GOES >= C1 flare within 15 min,2 false alarms/day on validation,C1.4,C,2026-04-03 18:55,2026-04-03 19:00,5.0,35,1.0,True,0.0,-5.0,False,,,False,,,True,35.0,30.0,False,,,False,,,False,,,,,,,,,
GOES >= C1 flare within 15 min,2 false alarms/day on validation,C2.4,C,2026-04-03 19:06,2026-04-03 19:14,8.0,13,1.0,True,13.0,5.0,True,3.0,-5.0,True,2.0,-6.0,True,13.0,5.0,True,13.0,5.0,True,13.0,5.0,False,,,,,,,,,
GOES >= C1 flare within 15 min,2 false alarms/day on validation,C4.9,C,2026-04-03 19:17,2026-04-03 19:21,4.0,6,1.0,True,6.0,2.0,True,6.0,2.0,True,6.0,2.0,True,6.0,2.0,True,6.0,2.0,True,6.0,2.0,False,,,,,,,,,
GOES >= C1 flare within 15 min,2 false alarms/day on validation,C2.1,C,2026-04-03 20:06,2026-04-03 20:13,7.0,37,1.0,True,0.0,-7.0,True,0.0,-7.0,True,0.0,-7.0,True,37.0,30.0,False,,,False,,,False,,,,,,,,,
GOES >= C1 flare within 15 min,2 false alarms/day on validation,C2.3,C,2026-04-03 21:25,2026-04-03 21:34,9.0,39,1.0,True,3.0,-6.0,True,1.0,-8.0,True,0.0,-9.0,True,39.0,30.0,True,3.0,-6.0,True,3.0,-6.0,False,,,,,,,,,
GOES >= C1 flare within 15 min,2 false alarms/day on validation,C5.8,C,2026-04-03 21:42,2026-04-03 22:02,20.0,27,1.0,True,27.0,7.0,True,27.0,7.0,True,27.0,7.0,True,27.0,7.0,True,27.0,7.0,True,27.0,7.0,False,,,,,,,,,
GOES >= C1 flare within 15 min,2 false alarms/day on validation,C1.7,C,2026-04-03 23:36,2026-04-03 23:45,9.0,39,1.0,True,1.0,-8.0,True,1.0,-8.0,True,0.0,-9.0,True,39.0,30.0,True,2.0,-7.0,True,2.0,-7.0,False,,,,,,,,,
GOES >= C1 flare within 15 min,2 false alarms/day on validation,C2.3,C,2026-04-04 00:26,2026-04-04 00:41,15.0,45,1.0,True,9.0,-6.0,True,5.0,-10.0,True,4.0,-11.0,True,45.0,30.0,True,6.0,-9.0,True,6.0,-9.0,False,,,,,,,,,
GOES >= C1 flare within 15 min,2 false alarms/day on validation,M7.5,M,2026-04-04 01:07,2026-04-04 01:17,10.0,35,1.0,True,35.0,25.0,True,4.0,-6.0,True,35.0,25.0,True,35.0,25.0,True,35.0,25.0,True,35.0,25.0,False,,,,,,,,,
GOES >= C1 flare within 15 min,2 false alarms/day on validation,C1.7,C,2026-04-04 02:51,2026-04-04 02:58,7.0,37,1.0,True,0.0,-7.0,True,0.0,-7.0,True,37.0,30.0,True,37.0,30.0,False,,,False,,,False,,,,,,,,,
GOES >= C1 flare within 15 min,2 false alarms/day on validation,C2.2,C,2026-04-04 03:16,2026-04-04 03:30,14.0,31,1.0,True,31.0,17.0,True,31.0,17.0,True,5.0,-9.0,True,31.0,17.0,True,30.0,16.0,True,30.0,16.0,False,,,,,,,,,
GOES >= C1 flare within 15 min,2 false alarms/day on validation,C2.5,C,2026-04-04 04:19,2026-04-04 04:35,16.0,46,1.0,True,10.0,-6.0,True,9.0,-7.0,True,7.0,-9.0,True,46.0,30.0,True,9.0,-7.0,True,9.0,-7.0,False,,,,,,,,,
GOES >= C1 flare within 15 min,2 false alarms/day on validation,C1.0,C,2026-04-04 05:49,2026-04-04 05:54,5.0,35,1.0,False,,,False,,,False,,,True,35.0,30.0,False,,,False,,,False,,,,,,,,,
GOES >= C1 flare within 15 min,2 false alarms/day on validation,C2.9,C,2026-04-04 06:01,2026-04-04 06:14,13.0,19,1.0,True,5.0,-8.0,True,4.0,-9.0,True,3.0,-10.0,True,19.0,6.0,True,19.0,6.0,True,19.0,6.0,False,,,,,,,,,
GOES >= C1 flare within 15 min,2 false alarms/day on validation,C2.2,C,2026-04-04 06:52,2026-04-04 07:01,9.0,39,1.0,True,5.0,-4.0,True,28.0,19.0,True,28.0,19.0,True,39.0,30.0,True,4.0,-5.0,True,4.0,-5.0,False,,,,,,,,,
GOES >= C1 flare within 15 min,2 false alarms/day on validation,M1.7,M,2026-04-04 07:38,2026-04-04 07:58,20.0,50,1.0,True,50.0,30.0,True,15.0,-5.0,True,50.0,30.0,True,50.0,30.0,True,14.0,-6.0,True,14.0,-6.0,False,,,,,,,,,
GOES >= C1 flare within 15 min,2 false alarms/day on validation,C1.2,C,2026-04-04 11:22,2026-04-04 11:34,12.0,42,1.0,True,4.0,-8.0,True,3.0,-9.0,False,,,True,42.0,30.0,True,3.0,-9.0,True,3.0,-9.0,False,,,,,,,,,
GOES >= C1 flare within 15 min,2 false alarms/day on validation,M1.2,M,2026-04-04 11:57,2026-04-04 12:11,14.0,36,1.0,True,36.0,22.0,True,8.0,-6.0,True,7.0,-7.0,True,36.0,22.0,True,7.0,-7.0,True,7.0,-7.0,False,,,,,,,,,
GOES >= C1 flare within 15 min,2 false alarms/day on validation,C1.7,C,2026-04-04 13:29,2026-04-04 13:39,10.0,40,1.0,True,2.0,-8.0,True,1.0,-9.0,True,1.0,-9.0,True,40.0,30.0,True,2.0,-8.0,True,2.0,-8.0,False,,,,,,,,,
GOES >= C1 flare within 15 min,2 false alarms/day on validation,C1.6,C,2026-04-04 15:00,2026-04-04 15:15,15.0,45,1.0,True,7.0,-8.0,True,7.0,-8.0,False,,,True,45.0,30.0,True,7.0,-8.0,True,7.0,-8.0,False,,,,,,,,,
GOES >= C1 flare within 15 min,2 false alarms/day on validation,C1.7,C,2026-04-04 16:18,2026-04-04 16:25,7.0,37,1.0,True,2.0,-5.0,True,1.0,-6.0,False,,,True,37.0,30.0,True,16.0,9.0,True,16.0,9.0,False,,,,,,,,,
GOES >= C1 flare within 15 min,2 false alarms/day on validation,C2.8,C,2026-04-04 17:02,2026-04-04 17:15,13.0,43,1.0,True,6.0,-7.0,True,6.0,-7.0,True,4.0,-9.0,True,43.0,30.0,True,5.0,-8.0,True,5.0,-8.0,False,,,,,,,,,
GOES >= C1 flare within 15 min,2 false alarms/day on validation,C1.7,C,2026-04-04 18:48,2026-04-04 19:00,12.0,42,1.0,True,5.0,-7.0,True,2.0,-10.0,True,0.0,-12.0,True,42.0,30.0,True,4.0,-8.0,True,4.0,-8.0,False,,,,,,,,,
GOES >= C1 flare within 15 min,2 false alarms/day on validation,C7.8,C,2026-04-04 19:35,2026-04-04 19:47,12.0,42,1.0,True,42.0,30.0,True,8.0,-4.0,True,7.0,-5.0,True,42.0,30.0,True,7.0,-5.0,True,7.0,-5.0,False,,,,,,,,,
GOES >= C1 flare within 15 min,2 false alarms/day on validation,M1.0,M,2026-04-04 22:54,2026-04-04 23:04,10.0,40,1.0,True,31.0,21.0,True,4.0,-6.0,True,3.0,-7.0,True,40.0,30.0,True,34.0,24.0,True,34.0,24.0,False,,,,,,,,,
GOES >= C1 flare within 15 min,2 false alarms/day on validation,C1.4,C,2026-04-05 00:21,2026-04-05 00:28,7.0,37,1.0,True,1.0,-6.0,False,,,False,,,True,37.0,30.0,True,2.0,-5.0,True,2.0,-5.0,False,,,,,,,,,
GOES >= C1 flare within 15 min,2 false alarms/day on validation,C3.8,C,2026-04-05 01:51,2026-04-05 02:04,13.0,43,1.0,True,6.0,-7.0,True,6.0,-7.0,True,5.0,-8.0,True,43.0,30.0,True,6.0,-7.0,True,6.0,-7.0,False,,,,,,,,,
GOES >= C1 flare within 15 min,2 false alarms/day on validation,C1.1,C,2026-04-05 03:23,2026-04-05 03:29,6.0,36,1.0,True,0.0,-6.0,True,0.0,-6.0,False,,,True,36.0,30.0,True,12.0,6.0,True,12.0,6.0,False,,,,,,,,,
GOES >= C1 flare within 15 min,2 false alarms/day on validation,C1.5,C,2026-04-05 03:34,2026-04-05 03:41,7.0,11,1.0,True,11.0,4.0,True,11.0,4.0,False,,,True,11.0,4.0,True,11.0,4.0,True,11.0,4.0,False,,,,,,,,,
GOES >= C1 flare within 15 min,2 false alarms/day on validation,C1.8,C,2026-04-05 03:55,2026-04-05 04:00,5.0,18,1.0,True,18.0,13.0,True,0.0,-5.0,True,0.0,-5.0,True,18.0,13.0,True,18.0,13.0,True,18.0,13.0,False,,,,,,,,,
GOES >= C1 flare within 15 min,2 false alarms/day on validation,C1.2,C,2026-04-05 04:20,2026-04-05 04:28,8.0,27,1.0,True,27.0,19.0,True,27.0,19.0,True,27.0,19.0,True,27.0,19.0,True,26.0,18.0,True,26.0,18.0,False,,,,,,,,,
GOES >= C1 flare within 15 min,2 false alarms/day on validation,C1.1,C,2026-04-05 05:01,2026-04-05 05:06,5.0,35,1.0,True,35.0,30.0,True,0.0,-5.0,False,,,True,35.0,30.0,True,0.0,-5.0,True,0.0,-5.0,False,,,,,,,,,
GOES >= C1 flare within 15 min,2 false alarms/day on validation,C1.6,C,2026-04-05 05:35,2026-04-05 05:43,8.0,36,1.0,True,36.0,28.0,True,10.0,2.0,False,,,True,36.0,28.0,True,2.0,-6.0,True,2.0,-6.0,False,,,,,,,,,
GOES >= C1 flare within 15 min,2 false alarms/day on validation,C1.5,C,2026-04-05 05:59,2026-04-05 06:04,5.0,20,1.0,True,20.0,15.0,True,20.0,15.0,False,,,True,20.0,15.0,True,20.0,15.0,True,20.0,15.0,False,,,,,,,,,
GOES >= C1 flare within 15 min,2 false alarms/day on validation,C1.4,C,2026-04-05 06:41,2026-04-05 06:49,8.0,38,1.0,False,,,False,,,False,,,True,38.0,30.0,False,,,False,,,False,,,,,,,,,
GOES >= C1 flare within 15 min,2 false alarms/day on validation,C1.1,C,2026-04-05 08:21,2026-04-05 08:29,8.0,38,1.0,False,,,False,,,False,,,True,38.0,30.0,True,2.0,-6.0,True,2.0,-6.0,False,,,,,,,,,
GOES >= C1 flare within 15 min,2 false alarms/day on validation,C1.3,C,2026-04-05 10:52,2026-04-05 11:04,12.0,42,1.0,True,4.0,-8.0,True,3.0,-9.0,False,,,True,42.0,30.0,True,39.0,27.0,True,3.0,-9.0,False,,,,,,,,,
GOES >= C1 flare within 15 min,2 false alarms/day on validation,C1.1,C,2026-04-05 12:57,2026-04-05 13:00,3.0,33,1.0,True,1.0,-2.0,True,1.0,-2.0,False,,,True,33.0,30.0,False,,,False,,,False,,,,,,,,,
GOES >= C1 flare within 15 min,2 false alarms/day on validation,C2.8,C,2026-04-05 23:39,2026-04-05 23:47,8.0,38,1.0,True,15.0,7.0,True,15.0,7.0,True,2.0,-6.0,True,38.0,30.0,True,13.0,5.0,True,13.0,5.0,False,,,,,,,,,
GOES >= C1 flare within 15 min,2 false alarms/day on validation,C1.0,C,2026-04-06 05:06,2026-04-06 05:15,9.0,39,1.0,True,0.0,-9.0,False,,,False,,,True,39.0,30.0,True,4.0,-5.0,False,,,False,,,,,,,,,
GOES >= C1 flare within 15 min,2 false alarms/day on validation,C1.1,C,2026-04-07 22:04,2026-04-07 22:12,8.0,38,0.67,True,15.0,7.0,True,1.0,-7.0,False,,,True,32.0,24.0,True,15.0,7.0,True,15.0,7.0,False,,,,,,,,,
GOES >= C1 flare within 15 min,2 false alarms/day on validation,C2.4,C,2026-04-07 23:10,2026-04-07 23:20,10.0,40,1.0,True,5.0,-5.0,True,4.0,-6.0,True,2.0,-8.0,True,40.0,30.0,True,3.0,-7.0,True,3.0,-7.0,False,,,,,,,,,
GOES >= C1 flare within 15 min,2 false alarms/day on validation,C1.0,C,2026-04-08 00:38,2026-04-08 00:48,10.0,40,1.0,False,,,False,,,False,,,True,40.0,30.0,True,3.0,-7.0,True,3.0,-7.0,False,,,,,,,,,
GOES >= C1 flare within 15 min,2 false alarms/day on validation,C1.3,C,2026-04-08 04:57,2026-04-08 05:01,4.0,34,1.0,True,18.0,14.0,True,0.0,-4.0,False,,,True,34.0,30.0,True,17.0,13.0,True,17.0,13.0,False,,,,,,,,,
GOES >= C1 flare within 15 min,2 false alarms/day on validation,C1.4,C,2026-04-08 23:38,2026-04-08 23:50,12.0,42,1.0,True,3.0,-9.0,False,,,False,,,True,42.0,30.0,True,6.0,-6.0,True,6.0,-6.0,False,,,,,,,,,
GOES >= C1 flare within 15 min,2 false alarms/day on validation,C1.4,C,2026-04-09 00:57,2026-04-09 01:05,8.0,38,1.0,True,1.0,-7.0,True,0.0,-8.0,False,,,True,38.0,30.0,False,,,False,,,False,,,,,,,,,
GOES >= C1 flare within 15 min,2 false alarms/day on validation,C1.3,C,2026-04-09 05:21,2026-04-09 05:28,7.0,37,1.0,True,1.0,-6.0,True,1.0,-6.0,False,,,True,37.0,30.0,True,2.0,-5.0,False,,,False,,,,,,,,,
GOES >= C1 flare within 15 min,2 false alarms/day on validation,C1.0,C,2026-04-09 06:28,2026-04-09 06:31,3.0,33,1.0,True,11.0,8.0,True,9.0,6.0,False,,,True,33.0,30.0,True,10.0,7.0,True,10.0,7.0,False,,,,,,,,,
GOES >= C1 flare within 15 min,2 false alarms/day on validation,C1.4,C,2026-04-09 08:07,2026-04-09 08:14,7.0,37,1.0,True,37.0,30.0,True,0.0,-7.0,True,0.0,-7.0,True,37.0,30.0,True,19.0,12.0,True,19.0,12.0,False,,,,,,,,,
GOES >= C1 flare within 15 min,2 false alarms/day on validation,C1.0,C,2026-04-11 10:07,2026-04-11 10:24,17.0,47,1.0,True,8.0,-9.0,True,6.0,-11.0,False,,,True,47.0,30.0,True,7.0,-10.0,False,,,False,,,,,,,,,
GOES >= C1 flare within 15 min,2 false alarms/day on validation,C2.0,C,2026-04-11 23:15,2026-04-11 23:24,9.0,39,1.0,True,0.0,-9.0,True,1.0,-8.0,True,0.0,-9.0,True,39.0,30.0,True,0.0,-9.0,True,0.0,-9.0,False,,,,,,,,,
GOES >= C1 flare within 15 min,2 false alarms/day on validation,C1.9,C,2026-04-12 00:47,2026-04-12 01:01,14.0,44,1.0,True,5.0,-9.0,True,42.0,28.0,True,1.0,-13.0,True,44.0,30.0,True,41.0,27.0,False,,,False,,,,,,,,,
GOES >= C1 flare within 15 min,2 false alarms/day on validation,C1.5,C,2026-04-12 02:17,2026-04-12 02:20,3.0,33,1.0,True,0.0,-3.0,True,0.0,-3.0,False,,,True,33.0,30.0,True,33.0,30.0,False,,,False,,,,,,,,,
GOES >= C1 flare within 15 min,2 false alarms/day on validation,C1.0,C,2026-04-12 03:09,2026-04-12 03:18,9.0,39,1.0,True,0.0,-9.0,True,1.0,-8.0,False,,,True,39.0,30.0,False,,,False,,,False,,,,,,,,,
GOES >= C1 flare within 15 min,2 false alarms/day on validation,C2.4,C,2026-04-12 04:55,2026-04-12 05:08,13.0,43,1.0,True,3.0,-10.0,True,5.0,-8.0,True,1.0,-12.0,True,43.0,30.0,True,5.0,-8.0,False,,,False,,,,,,,,,
GOES >= C1 flare within 15 min,2 false alarms/day on validation,C2.4,C,2026-04-12 07:31,2026-04-12 07:38,7.0,37,1.0,True,3.0,-4.0,True,3.0,-4.0,True,0.0,-7.0,True,37.0,30.0,True,0.0,-7.0,True,0.0,-7.0,False,,,,,,,,,
GOES >= C1 flare within 15 min,2 false alarms/day on validation,C1.5,C,2026-04-12 08:29,2026-04-12 08:38,9.0,39,1.0,True,0.0,-9.0,True,1.0,-8.0,False,,,True,39.0,30.0,False,,,False,,,False,,,,,,,,,
GOES >= C1 flare within 15 min,2 false alarms/day on validation,C1.1,C,2026-04-13 11:20,2026-04-13 11:37,17.0,47,1.0,True,8.0,-9.0,False,,,False,,,True,47.0,30.0,True,9.0,-8.0,False,,,False,,,,,,,,,
GOES >= C1 flare within 15 min,2 false alarms/day on validation,C1.6,C,2026-04-18 06:40,2026-04-18 07:04,24.0,54,1.0,True,16.0,-8.0,False,,,True,5.0,-19.0,True,54.0,30.0,True,17.0,-7.0,True,17.0,-7.0,False,,,,,,,,,
GOES >= C1 flare within 15 min,2 false alarms/day on validation,C1.0,C,2026-04-20 08:33,2026-04-20 08:45,12.0,42,1.0,True,1.0,-11.0,True,0.0,-12.0,False,,,True,42.0,30.0,True,3.0,-9.0,False,,,False,,,,,,,,,
GOES >= C1 flare within 15 min,2 false alarms/day on validation,C1.6,C,2026-04-20 14:57,2026-04-20 15:13,16.0,46,1.0,True,9.0,-7.0,True,8.0,-8.0,True,0.0,-16.0,True,46.0,30.0,True,9.0,-7.0,False,,,False,,,,,,,,,
GOES >= C1 flare within 15 min,2 false alarms/day on validation,C1.3,C,2026-04-21 01:03,2026-04-21 01:15,12.0,42,1.0,True,4.0,-8.0,True,4.0,-8.0,False,,,True,42.0,30.0,True,5.0,-7.0,False,,,False,,,,,,,,,
GOES >= C1 flare within 15 min,2 false alarms/day on validation,C5.3,C,2026-04-21 05:53,2026-04-21 06:02,9.0,39,1.0,True,0.0,-9.0,True,1.0,-8.0,True,0.0,-9.0,True,39.0,30.0,False,,,False,,,False,,,,,,,,,
GOES >= C1 flare within 15 min,2 false alarms/day on validation,C1.3,C,2026-04-21 06:47,2026-04-21 06:55,8.0,38,1.0,True,4.0,-4.0,True,4.0,-4.0,False,,,True,38.0,30.0,True,2.0,-6.0,True,2.0,-6.0,False,,,,,,,,,
GOES >= C1 flare within 15 min,2 false alarms/day on validation,C1.8,C,2026-04-21 07:00,2026-04-21 07:19,19.0,23,1.0,True,23.0,4.0,False,,,True,7.0,-12.0,True,23.0,4.0,True,23.0,4.0,True,23.0,4.0,False,,,,,,,,,
GOES >= C1 flare within 15 min,2 false alarms/day on validation,C1.6,C,2026-04-21 09:42,2026-04-21 09:56,14.0,44,1.0,True,9.0,-5.0,True,9.0,-5.0,False,,,True,44.0,30.0,True,7.0,-7.0,True,7.0,-7.0,False,,,,,,,,,
GOES >= C1 flare within 15 min,2 false alarms/day on validation,C2.2,C,2026-04-21 11:26,2026-04-21 11:30,4.0,34,1.0,True,1.0,-3.0,True,1.0,-3.0,True,0.0,-4.0,True,34.0,30.0,True,0.0,-4.0,True,0.0,-4.0,False,,,,,,,,,
GOES >= C1 flare within 15 min,2 false alarms/day on validation,C4.0,C,2026-04-21 11:45,2026-04-21 11:50,5.0,19,1.0,True,19.0,14.0,True,19.0,14.0,True,19.0,14.0,True,19.0,14.0,True,19.0,14.0,True,19.0,14.0,False,,,,,,,,,
GOES >= C1 flare within 15 min,2 false alarms/day on validation,C1.4,C,2026-04-21 13:41,2026-04-21 14:02,21.0,51,0.9,True,6.0,-15.0,False,,,False,,,True,51.0,30.0,True,12.0,-9.0,True,12.0,-9.0,False,,,,,,,,,
GOES >= C1 flare within 15 min,2 false alarms/day on validation,C1.8,C,2026-04-21 14:15,2026-04-21 14:24,9.0,21,0.99,True,21.0,12.0,True,0.0,-9.0,True,0.0,-9.0,True,21.0,12.0,True,2.0,-7.0,True,2.0,-7.0,False,,,,,,,,,
GOES >= C1 flare within 15 min,2 false alarms/day on validation,C1.3,C,2026-04-21 16:29,2026-04-21 16:43,14.0,44,1.0,True,5.0,-9.0,True,4.0,-10.0,False,,,True,44.0,30.0,True,7.0,-7.0,False,,,False,,,,,,,,,
GOES >= C1 flare within 15 min,2 false alarms/day on validation,C1.7,C,2026-04-21 18:17,2026-04-21 18:36,19.0,49,1.0,True,13.0,-6.0,True,13.0,-6.0,False,,,True,49.0,30.0,True,11.0,-8.0,True,11.0,-8.0,False,,,,,,,,,
GOES >= C1 flare within 15 min,2 false alarms/day on validation,C1.9,C,2026-04-21 21:20,2026-04-21 21:25,5.0,35,1.0,True,9.0,4.0,True,9.0,4.0,False,,,True,35.0,30.0,True,0.0,-5.0,True,0.0,-5.0,False,,,,,,,,,
GOES >= C1 flare within 15 min,2 false alarms/day on validation,C1.2,C,2026-04-21 23:13,2026-04-21 23:20,7.0,37,1.0,True,3.0,-4.0,True,3.0,-4.0,False,,,True,37.0,30.0,True,25.0,18.0,True,0.0,-7.0,False,,,,,,,,,
GOES >= C1 flare within 15 min,2 false alarms/day on validation,C1.7,C,2026-04-22 01:32,2026-04-22 01:39,7.0,37,1.0,False,,,True,0.0,-7.0,False,,,True,37.0,30.0,False,,,False,,,False,,,,,,,,,
GOES >= C1 flare within 15 min,2 false alarms/day on validation,C1.4,C,2026-04-22 04:22,2026-04-22 04:33,11.0,41,1.0,True,4.0,-7.0,True,2.0,-9.0,False,,,True,41.0,30.0,True,26.0,15.0,True,4.0,-7.0,False,,,,,,,,,
GOES >= C1 flare within 15 min,2 false alarms/day on validation,C1.1,C,2026-04-22 06:10,2026-04-22 06:17,7.0,37,1.0,False,,,False,,,False,,,True,37.0,30.0,False,,,False,,,False,,,,,,,,,
GOES >= C1 flare within 15 min,2 false alarms/day on validation,C1.0,C,2026-04-22 09:49,2026-04-22 09:58,9.0,39,1.0,True,1.0,-8.0,True,1.0,-8.0,False,,,True,39.0,30.0,False,,,False,,,False,,,,,,,,,
GOES >= C1 flare within 15 min,2 false alarms/day on validation,C7.9,C,2026-04-24 03:57,2026-04-24 04:01,4.0,34,1.0,True,0.0,-4.0,True,1.0,-3.0,True,1.0,-3.0,True,34.0,30.0,True,11.0,7.0,True,11.0,7.0,False,,,,,,,,,
GOES >= C1 flare within 15 min,2 false alarms/day on validation,C3.1,C,2026-04-24 05:22,2026-04-24 05:30,8.0,38,1.0,True,1.0,-7.0,True,1.0,-7.0,True,38.0,30.0,True,38.0,30.0,False,,,False,,,False,,,,,,,,,
GOES >= C1 flare within 15 min,2 false alarms/day on validation,C3.9,C,2026-04-24 07:07,2026-04-24 07:11,4.0,34,1.0,True,1.0,-3.0,True,1.0,-3.0,True,2.0,-2.0,True,34.0,30.0,False,,,False,,,False,,,,,,,,,
GOES >= C1 flare within 15 min,2 false alarms/day on validation,X2.5,X,2026-04-24 08:01,2026-04-24 08:13,12.0,42,1.0,True,6.0,-6.0,True,16.0,4.0,True,42.0,30.0,True,42.0,30.0,True,4.0,-8.0,True,4.0,-8.0,False,,,,,,,,,
GOES >= C1 flare within 15 min,2 false alarms/day on validation,M1.9,M,2026-04-24 08:57,2026-04-24 09:07,10.0,40,1.0,True,2.0,-8.0,True,40.0,30.0,True,40.0,30.0,True,40.0,30.0,True,1.0,-9.0,True,1.0,-9.0,False,,,,,,,,,
GOES >= C1 flare within 15 min,2 false alarms/day on validation,C4.5,C,2026-04-24 10:50,2026-04-24 10:57,7.0,37,1.0,True,1.0,-6.0,True,0.0,-7.0,True,37.0,30.0,True,37.0,30.0,False,,,False,,,False,,,,,,,,,
GOES >= C1 flare within 15 min,2 false alarms/day on validation,C3.9,C,2026-04-24 12:16,2026-04-24 12:21,5.0,35,1.0,True,17.0,12.0,True,18.0,13.0,True,35.0,30.0,True,35.0,30.0,True,16.0,11.0,True,16.0,11.0,False,,,,,,,,,
GOES >= C1 flare within 15 min,2 false alarms/day on validation,M1.7,M,2026-04-24 12:34,2026-04-24 13:01,27.0,39,1.0,True,21.0,-6.0,True,39.0,12.0,True,39.0,12.0,True,39.0,12.0,True,39.0,12.0,True,39.0,12.0,False,,,,,,,,,
GOES >= C1 flare within 15 min,2 false alarms/day on validation,C3.5,C,2026-04-24 14:33,2026-04-24 14:38,5.0,35,1.0,True,2.0,-3.0,True,19.0,14.0,True,35.0,30.0,True,35.0,30.0,False,,,False,,,False,,,,,,,,,
GOES >= C1 flare within 15 min,2 false alarms/day on validation,C3.7,C,2026-04-24 15:55,2026-04-24 16:06,11.0,41,1.0,True,5.0,-6.0,True,5.0,-6.0,True,5.0,-6.0,True,41.0,30.0,True,4.0,-7.0,True,4.0,-7.0,False,,,,,,,,,
GOES >= C1 flare within 15 min,2 false alarms/day on validation,C3.4,C,2026-04-24 16:40,2026-04-24 16:44,4.0,34,1.0,True,34.0,30.0,True,0.0,-4.0,True,34.0,30.0,True,34.0,30.0,True,0.0,-4.0,True,0.0,-4.0,False,,,,,,,,,
GOES >= C1 flare within 15 min,2 false alarms/day on validation,C7.0,C,2026-04-24 17:04,2026-04-24 17:15,11.0,30,1.0,True,30.0,19.0,True,30.0,19.0,True,30.0,19.0,True,30.0,19.0,True,4.0,-7.0,True,4.0,-7.0,False,,,,,,,,,
GOES >= C1 flare within 15 min,2 false alarms/day on validation,M6.4,M,2026-04-24 17:54,2026-04-24 18:15,21.0,51,1.0,True,51.0,30.0,True,14.0,-7.0,True,51.0,30.0,True,51.0,30.0,True,13.0,-8.0,True,13.0,-8.0,False,,,,,,,,,
GOES >= C1 flare within 15 min,2 false alarms/day on validation,C4.6,C,2026-04-25 01:17,2026-04-25 01:33,16.0,46,1.0,True,9.0,-7.0,True,9.0,-7.0,True,8.0,-8.0,True,46.0,30.0,True,8.0,-8.0,True,8.0,-8.0,False,,,,,,,,,
GOES >= C1 flare within 15 min,2 false alarms/day on validation,C1.3,C,2026-04-25 07:03,2026-04-25 07:08,5.0,35,1.0,True,18.0,13.0,True,18.0,13.0,False,,,True,35.0,30.0,False,,,False,,,False,,,,,,,,,
GOES >= C1 flare within 15 min,2 false alarms/day on validation,C2.4,C,2026-04-25 07:40,2026-04-25 07:46,6.0,36,1.0,True,1.0,-5.0,True,1.0,-5.0,True,0.0,-6.0,True,36.0,30.0,False,,,False,,,False,,,,,,,,,
GOES >= C1 flare within 15 min,2 false alarms/day on validation,M1.3,M,2026-04-25 07:56,2026-04-25 07:59,3.0,12,1.0,True,12.0,9.0,True,12.0,9.0,True,12.0,9.0,True,12.0,9.0,True,12.0,9.0,True,12.0,9.0,False,,,,,,,,,
GOES >= C1 flare within 15 min,2 false alarms/day on validation,C2.1,C,2026-04-25 09:30,2026-04-25 09:32,2.0,32,1.0,False,,,False,,,False,,,True,32.0,30.0,False,,,False,,,False,,,,,,,,,
GOES >= C1 flare within 15 min,2 false alarms/day on validation,C3.2,C,2026-04-25 09:47,2026-04-25 09:54,7.0,21,1.0,True,21.0,14.0,True,21.0,14.0,True,21.0,14.0,True,21.0,14.0,False,,,False,,,False,,,,,,,,,
GOES >= C1 flare within 15 min,2 false alarms/day on validation,C1.4,C,2026-04-25 12:25,2026-04-25 12:31,6.0,36,0.94,False,,,False,,,False,,,True,36.0,30.0,False,,,False,,,False,,,,,,,,,
GOES >= C1 flare within 15 min,2 false alarms/day on validation,C3.8,C,2026-04-25 13:08,2026-04-25 13:20,12.0,42,0.91,True,3.0,-9.0,True,3.0,-9.0,True,3.0,-9.0,True,42.0,30.0,True,25.0,13.0,True,25.0,13.0,False,,,,,,,,,
GOES >= C1 flare within 15 min,2 false alarms/day on validation,M1.1,M,2026-04-25 14:22,2026-04-25 14:30,8.0,38,0.97,True,0.0,-8.0,True,0.0,-8.0,True,0.0,-8.0,True,38.0,30.0,False,,,False,,,False,,,,,,,,,
GOES >= C1 flare within 15 min,2 false alarms/day on validation,C2.1,C,2026-04-25 15:53,2026-04-25 16:02,9.0,39,1.0,True,2.0,-7.0,True,3.0,-6.0,True,1.0,-8.0,True,39.0,30.0,True,0.0,-9.0,True,0.0,-9.0,False,,,,,,,,,
GOES >= C1 flare within 15 min,2 false alarms/day on validation,C3.9,C,2026-04-25 19:26,2026-04-25 19:38,12.0,42,1.0,True,3.0,-9.0,True,3.0,-9.0,True,2.0,-10.0,True,42.0,30.0,True,3.0,-9.0,True,3.0,-9.0,False,,,,,,,,,
GOES >= C1 flare within 15 min,2 false alarms/day on validation,C3.5,C,2026-04-25 21:24,2026-04-25 21:26,2.0,32,1.0,False,,,False,,,False,,,True,32.0,30.0,False,,,False,,,False,,,,,,,,,
GOES >= C1 flare within 15 min,2 false alarms/day on validation,C1.9,C,2026-04-25 23:42,2026-04-25 23:48,6.0,36,1.0,False,,,False,,,False,,,True,36.0,30.0,False,,,False,,,False,,,,,,,,,
GOES >= C1 flare within 15 min,2 false alarms/day on validation,M1.3,M,2026-04-26 00:08,2026-04-26 00:23,15.0,34,1.0,True,34.0,19.0,True,34.0,19.0,True,6.0,-9.0,True,34.0,19.0,True,34.0,19.0,True,34.0,19.0,False,,,,,,,,,
GOES >= C1 flare within 15 min,2 false alarms/day on validation,C2.1,C,2026-04-26 05:19,2026-04-26 05:26,7.0,37,1.0,True,1.0,-6.0,True,1.0,-6.0,True,0.0,-7.0,True,37.0,30.0,False,,,False,,,False,,,,,,,,,
GOES >= C1 flare within 15 min,2 false alarms/day on validation,C3.8,C,2026-04-26 07:08,2026-04-26 07:19,11.0,41,1.0,True,3.0,-8.0,True,3.0,-8.0,True,2.0,-9.0,True,41.0,30.0,True,2.0,-9.0,True,2.0,-9.0,False,,,,,,,,,
GOES >= C1 flare within 15 min,2 false alarms/day on validation,C3.5,C,2026-04-26 11:03,2026-04-26 11:17,14.0,44,1.0,True,6.0,-8.0,True,5.0,-9.0,True,4.0,-10.0,True,44.0,30.0,True,5.0,-9.0,True,5.0,-9.0,False,,,,,,,,,
GOES >= C1 flare within 15 min,2 false alarms/day on validation,C3.5,C,2026-04-26 11:32,2026-04-26 11:36,4.0,18,1.0,True,18.0,14.0,True,18.0,14.0,True,18.0,14.0,True,18.0,14.0,True,18.0,14.0,True,18.0,14.0,False,,,,,,,,,
GOES >= C1 flare within 15 min,2 false alarms/day on validation,C1.9,C,2026-04-26 12:18,2026-04-26 12:22,4.0,34,1.0,True,0.0,-4.0,False,,,True,34.0,30.0,True,34.0,30.0,False,,,False,,,False,,,,,,,,,
GOES >= C1 flare within 15 min,2 false alarms/day on validation,C2.5,C,2026-04-26 12:31,2026-04-26 12:37,6.0,14,1.0,True,14.0,8.0,False,,,True,0.0,-6.0,True,14.0,8.0,False,,,False,,,False,,,,,,,,,
GOES >= C1 flare within 15 min,2 false alarms/day on validation,M1.4,M,2026-04-26 13:54,2026-04-26 14:03,9.0,39,1.0,True,12.0,3.0,True,5.0,-4.0,True,5.0,-4.0,True,39.0,30.0,True,10.0,1.0,True,10.0,1.0,False,,,,,,,,,
GOES >= C1 flare within 15 min,2 false alarms/day on validation,C8.4,C,2026-04-26 14:18,2026-04-26 14:25,7.0,21,1.0,True,21.0,14.0,True,21.0,14.0,True,21.0,14.0,True,21.0,14.0,True,21.0,14.0,True,21.0,14.0,False,,,,,,,,,
GOES >= C1 flare within 15 min,2 false alarms/day on validation,C2.7,C,2026-04-26 15:04,2026-04-26 15:11,7.0,37,1.0,True,0.0,-7.0,True,0.0,-7.0,True,37.0,30.0,True,37.0,30.0,False,,,False,,,False,,,,,,,,,
GOES >= C1 flare within 15 min,2 false alarms/day on validation,C2.9,C,2026-04-26 15:18,2026-04-26 15:22,4.0,10,1.0,True,10.0,6.0,True,10.0,6.0,True,10.0,6.0,True,10.0,6.0,True,10.0,6.0,True,10.0,6.0,False,,,,,,,,,
GOES >= C1 flare within 15 min,2 false alarms/day on validation,C5.0,C,2026-04-26 15:49,2026-04-26 16:01,12.0,38,1.0,True,5.0,-7.0,True,6.0,-6.0,True,38.0,26.0,True,38.0,26.0,True,8.0,-4.0,True,8.0,-4.0,False,,,,,,,,,
GOES >= C1 flare within 15 min,2 false alarms/day on validation,C4.9,C,2026-04-26 16:07,2026-04-26 16:13,6.0,11,1.0,True,11.0,5.0,True,11.0,5.0,True,11.0,5.0,True,11.0,5.0,True,11.0,5.0,True,11.0,5.0,False,,,,,,,,,
GOES >= C1 flare within 15 min,2 false alarms/day on validation,C5.4,C,2026-04-26 17:34,2026-04-26 17:39,5.0,35,1.0,True,1.0,-4.0,True,1.0,-4.0,True,35.0,30.0,True,35.0,30.0,False,,,False,,,False,,,,,,,,,
GOES >= C1 flare within 15 min,2 false alarms/day on validation,C9.7,C,2026-04-26 17:57,2026-04-26 18:03,6.0,23,1.0,True,23.0,17.0,True,23.0,17.0,True,23.0,17.0,True,23.0,17.0,True,23.0,17.0,True,23.0,17.0,False,,,,,,,,,
GOES >= C1 flare within 15 min,2 false alarms/day on validation,C8.8,C,2026-04-26 19:00,2026-04-26 19:15,15.0,45,1.0,True,8.0,-7.0,True,31.0,16.0,True,45.0,30.0,True,45.0,30.0,True,6.0,-9.0,True,6.0,-9.0,False,,,,,,,,,
GOES >= C1 flare within 15 min,2 false alarms/day on validation,M1.7,M,2026-04-26 19:18,2026-04-26 19:24,6.0,8,1.0,True,8.0,2.0,True,8.0,2.0,True,8.0,2.0,True,8.0,2.0,True,8.0,2.0,True,8.0,2.0,False,,,,,,,,,
GOES >= C1 flare within 15 min,2 false alarms/day on validation,M2.2,M,2026-04-26 19:54,2026-04-26 20:04,10.0,39,1.0,True,39.0,29.0,True,39.0,29.0,True,39.0,29.0,True,39.0,29.0,True,39.0,29.0,True,39.0,29.0,False,,,,,,,,,
GOES >= C1 flare within 15 min,2 false alarms/day on validation,C5.0,C,2026-04-26 21:30,2026-04-26 21:35,5.0,35,1.0,True,0.0,-5.0,True,17.0,12.0,True,35.0,30.0,True,35.0,30.0,False,,,False,,,False,,,,,,,,,
GOES >= C1 flare within 15 min,2 false alarms/day on validation,C7.7,C,2026-04-26 21:39,2026-04-26 21:48,9.0,12,1.0,True,12.0,3.0,True,12.0,3.0,True,12.0,3.0,True,12.0,3.0,True,11.0,2.0,True,11.0,2.0,False,,,,,,,,,
GOES >= C1 flare within 15 min,2 false alarms/day on validation,C5.4,C,2026-04-26 22:43,2026-04-26 22:48,5.0,35,1.0,True,14.0,9.0,True,15.0,10.0,True,35.0,30.0,True,35.0,30.0,True,13.0,8.0,True,13.0,8.0,False,,,,,,,,,
GOES >= C1 flare within 15 min,2 false alarms/day on validation,M6.0,M,2026-04-26 22:51,2026-04-26 22:57,6.0,8,1.0,True,8.0,2.0,True,8.0,2.0,True,8.0,2.0,True,8.0,2.0,True,8.0,2.0,True,8.0,2.0,False,,,,,,,,,
GOES >= C1 flare within 15 min,2 false alarms/day on validation,C2.7,C,2026-04-27 00:58,2026-04-27 01:05,7.0,37,1.0,True,0.0,-7.0,True,0.0,-7.0,True,1.0,-6.0,True,37.0,30.0,False,,,False,,,False,,,,,,,,,
GOES >= C1 flare within 15 min,2 false alarms/day on validation,C3.3,C,2026-04-27 01:07,2026-04-27 01:21,14.0,15,1.0,True,15.0,1.0,True,15.0,1.0,True,15.0,1.0,True,15.0,1.0,True,15.0,1.0,True,15.0,1.0,False,,,,,,,,,
GOES >= C1 flare within 15 min,2 false alarms/day on validation,C4.6,C,2026-04-27 01:28,2026-04-27 01:37,9.0,15,1.0,True,13.0,4.0,True,3.0,-6.0,True,15.0,6.0,True,15.0,6.0,True,0.0,-9.0,True,0.0,-9.0,False,,,,,,,,,
GOES >= C1 flare within 15 min,2 false alarms/day on validation,C6.8,C,2026-04-27 01:53,2026-04-27 02:03,10.0,25,1.0,True,25.0,15.0,True,25.0,15.0,True,25.0,15.0,True,25.0,15.0,True,3.0,-7.0,True,3.0,-7.0,False,,,,,,,,,
GOES >= C1 flare within 15 min,2 false alarms/day on validation,C6.5,C,2026-04-27 02:09,2026-04-27 02:15,6.0,11,1.0,True,11.0,5.0,True,11.0,5.0,True,11.0,5.0,True,11.0,5.0,True,11.0,5.0,True,11.0,5.0,False,,,,,,,,,
GOES >= C1 flare within 15 min,2 false alarms/day on validation,C5.9,C,2026-04-27 03:30,2026-04-27 03:37,7.0,37,1.0,True,1.0,-6.0,True,2.0,-5.0,True,37.0,30.0,True,37.0,30.0,False,,,False,,,False,,,,,,,,,
GOES >= C1 flare within 15 min,2 false alarms/day on validation,C3.5,C,2026-04-27 04:05,2026-04-27 04:10,5.0,32,1.0,True,32.0,27.0,True,32.0,27.0,True,32.0,27.0,True,32.0,27.0,True,32.0,27.0,True,32.0,27.0,False,,,,,,,,,
GOES >= C1 flare within 15 min,2 false alarms/day on validation,C1.8,C,2026-04-27 05:37,2026-04-27 05:43,6.0,36,1.0,False,,,False,,,False,,,True,36.0,30.0,False,,,False,,,False,,,,,,,,,
GOES >= C1 flare within 15 min,2 false alarms/day on validation,C1.8,C,2026-04-27 06:02,2026-04-27 06:07,5.0,23,1.0,True,23.0,18.0,True,23.0,18.0,False,,,True,23.0,18.0,True,23.0,18.0,True,23.0,18.0,False,,,,,,,,,
GOES >= C1 flare within 15 min,2 false alarms/day on validation,M1.0,M,2026-04-27 06:39,2026-04-27 06:45,6.0,36,1.0,True,2.0,-4.0,True,1.0,-5.0,True,1.0,-5.0,True,36.0,30.0,False,,,False,,,False,,,,,,,,,
GOES >= C1 flare within 15 min,2 false alarms/day on validation,C5.4,C,2026-04-27 07:38,2026-04-27 07:45,7.0,37,1.0,True,3.0,-4.0,True,3.0,-4.0,True,37.0,30.0,True,37.0,30.0,True,1.0,-6.0,True,1.0,-6.0,False,,,,,,,,,
GOES >= C1 flare within 15 min,2 false alarms/day on validation,C1.6,C,2026-04-27 10:00,2026-04-27 10:07,7.0,37,1.0,True,1.0,-6.0,True,1.0,-6.0,False,,,True,37.0,30.0,False,,,False,,,False,,,,,,,,,
GOES >= C1 flare within 15 min,2 false alarms/day on validation,C1.7,C,2026-04-27 18:37,2026-04-27 18:46,9.0,39,1.0,True,2.0,-7.0,True,1.0,-8.0,False,,,True,39.0,30.0,True,0.0,-9.0,True,0.0,-9.0,False,,,,,,,,,
GOES >= C1 flare within 15 min,2 false alarms/day on validation,C1.0,C,2026-04-27 21:40,2026-04-27 21:44,4.0,34,1.0,False,,,False,,,False,,,True,34.0,30.0,False,,,False,,,False,,,,,,,,,
GOES >= C1 flare within 15 min,2 false alarms/day on validation,C1.4,C,2026-04-27 22:45,2026-04-27 22:54,9.0,39,1.0,True,1.0,-8.0,False,,,False,,,True,39.0,30.0,True,28.0,19.0,True,28.0,19.0,False,,,,,,,,,
GOES >= C1 flare within 15 min,2 false alarms/day on validation,C5.4,C,2026-04-27 23:06,2026-04-27 23:13,7.0,18,1.0,True,2.0,-5.0,True,3.0,-4.0,True,2.0,-5.0,True,18.0,11.0,True,0.0,-7.0,True,0.0,-7.0,False,,,,,,,,,
GOES >= C1 flare within 15 min,2 false alarms/day on validation,C2.3,C,2026-04-28 00:54,2026-04-28 01:03,9.0,39,1.0,True,3.0,-6.0,True,2.0,-7.0,True,0.0,-9.0,True,39.0,30.0,True,2.0,-7.0,True,2.0,-7.0,False,,,,,,,,,
GOES >= C1 flare within 15 min,2 false alarms/day on validation,C2.7,C,2026-04-28 01:22,2026-04-28 01:32,10.0,28,1.0,True,28.0,18.0,True,28.0,18.0,True,28.0,18.0,True,28.0,18.0,True,28.0,18.0,True,28.0,18.0,False,,,,,,,,,
GOES >= C1 flare within 15 min,2 false alarms/day on validation,C1.6,C,2026-04-28 04:58,2026-04-28 05:06,8.0,38,1.0,True,1.0,-7.0,True,0.0,-8.0,False,,,True,38.0,30.0,False,,,False,,,False,,,,,,,,,
GOES >= C1 flare within 15 min,2 false alarms/day on validation,C6.0,C,2026-04-28 08:09,2026-04-28 08:17,8.0,38,1.0,True,3.0,-5.0,True,3.0,-5.0,True,38.0,30.0,True,38.0,30.0,True,2.0,-6.0,True,2.0,-6.0,False,,,,,,,,,
GOES >= C1 flare within 15 min,2 false alarms/day on validation,C9.0,C,2026-04-28 09:13,2026-04-28 09:23,10.0,40,1.0,True,3.0,-7.0,True,2.0,-8.0,True,3.0,-7.0,True,40.0,30.0,False,,,False,,,False,,,,,,,,,
GOES >= C1 flare within 15 min,2 false alarms/day on validation,C7.1,C,2026-04-28 09:28,2026-04-28 09:32,4.0,8,1.0,True,8.0,4.0,True,8.0,4.0,True,8.0,4.0,True,8.0,4.0,True,8.0,4.0,True,8.0,4.0,False,,,,,,,,,
GOES >= C1 flare within 15 min,2 false alarms/day on validation,C3.1,C,2026-04-28 11:12,2026-04-28 11:18,6.0,36,1.0,True,0.0,-6.0,True,0.0,-6.0,True,0.0,-6.0,True,36.0,30.0,False,,,False,,,False,,,,,,,,,
GOES >= C1 flare within 15 min,2 false alarms/day on validation,C9.3,C,2026-04-28 11:41,2026-04-28 11:46,5.0,27,1.0,True,27.0,22.0,True,27.0,22.0,True,27.0,22.0,True,27.0,22.0,True,27.0,22.0,True,27.0,22.0,False,,,,,,,,,
GOES >= C1 flare within 15 min,2 false alarms/day on validation,C7.7,C,2026-04-28 12:00,2026-04-28 12:14,14.0,27,1.0,True,27.0,13.0,True,27.0,13.0,True,27.0,13.0,True,27.0,13.0,True,27.0,13.0,True,27.0,13.0,False,,,,,,,,,
GOES >= C1 flare within 15 min,2 false alarms/day on validation,M1.0,M,2026-04-28 12:17,2026-04-28 12:23,6.0,8,1.0,True,8.0,2.0,True,8.0,2.0,True,8.0,2.0,True,8.0,2.0,True,0.0,-6.0,True,0.0,-6.0,False,,,,,,,,,
GOES >= C1 flare within 15 min,2 false alarms/day on validation,M1.5,M,2026-04-28 13:49,2026-04-28 13:53,4.0,34,1.0,True,0.0,-4.0,True,0.0,-4.0,True,34.0,30.0,True,34.0,30.0,False,,,False,,,False,,,,,,,,,
GOES >= C1 flare within 15 min,2 false alarms/day on validation,M1.1,M,2026-04-28 14:03,2026-04-28 14:07,4.0,13,1.0,True,13.0,9.0,True,13.0,9.0,True,13.0,9.0,True,13.0,9.0,True,12.0,8.0,True,12.0,8.0,False,,,,,,,,,
GOES >= C1 flare within 15 min,2 false alarms/day on validation,C2.6,C,2026-04-28 14:30,2026-04-28 14:33,3.0,25,1.0,True,25.0,22.0,True,25.0,22.0,True,25.0,22.0,True,25.0,22.0,True,24.0,21.0,True,24.0,21.0,False,,,,,,,,,
GOES >= C1 flare within 15 min,2 false alarms/day on validation,C4.2,C,2026-04-28 15:49,2026-04-28 15:53,4.0,34,1.0,True,0.0,-4.0,True,0.0,-4.0,True,0.0,-4.0,True,34.0,30.0,False,,,False,,,False,,,,,,,,,
GOES >= C1 flare within 15 min,2 false alarms/day on validation,C2.7,C,2026-04-28 16:01,2026-04-28 16:08,7.0,14,1.0,True,14.0,7.0,True,14.0,7.0,True,14.0,7.0,True,14.0,7.0,True,13.0,6.0,True,13.0,6.0,False,,,,,,,,,
GOES >= C1 flare within 15 min,2 false alarms/day on validation,C5.2,C,2026-04-28 18:10,2026-04-28 18:32,22.0,52,1.0,True,16.0,-6.0,True,16.0,-6.0,True,16.0,-6.0,True,52.0,30.0,True,38.0,16.0,True,38.0,16.0,False,,,,,,,,,
GOES >= C1 flare within 15 min,2 false alarms/day on validation,C8.1,C,2026-04-28 18:43,2026-04-28 18:49,6.0,16,1.0,True,16.0,10.0,True,2.0,-4.0,True,16.0,10.0,True,16.0,10.0,True,16.0,10.0,True,16.0,10.0,False,,,,,,,,,
GOES >= C1 flare within 15 min,2 false alarms/day on validation,C2.5,C,2026-04-28 19:49,2026-04-28 19:53,4.0,34,1.0,True,1.0,-3.0,True,1.0,-3.0,True,34.0,30.0,True,34.0,30.0,False,,,False,,,False,,,,,,,,,
GOES >= C1 flare within 15 min,2 false alarms/day on validation,C3.1,C,2026-04-28 22:02,2026-04-28 22:05,3.0,33,1.0,True,0.0,-3.0,True,0.0,-3.0,True,0.0,-3.0,True,33.0,30.0,False,,,False,,,False,,,,,,,,,
GOES >= C1 flare within 15 min,2 false alarms/day on validation,C2.0,C,2026-04-28 22:39,2026-04-28 22:47,8.0,38,1.0,True,2.0,-6.0,True,2.0,-6.0,False,,,True,38.0,30.0,True,1.0,-7.0,True,1.0,-7.0,False,,,,,,,,,
GOES >= C1 flare within 15 min,2 false alarms/day on validation,C1.7,C,2026-04-29 00:00,2026-04-29 00:07,7.0,37,1.0,False,,,False,,,False,,,True,37.0,30.0,False,,,False,,,False,,,,,,,,,
GOES >= C1 flare within 15 min,2 false alarms/day on validation,C3.5,C,2026-04-30 08:46,2026-04-30 09:03,17.0,47,1.0,True,9.0,-8.0,True,3.0,-14.0,True,6.0,-11.0,True,47.0,30.0,True,9.0,-8.0,True,9.0,-8.0,False,,,,,,,,,
GOES >= C1 flare within 15 min,2 false alarms/day on validation,C3.3,C,2026-04-30 09:11,2026-04-30 09:17,6.0,13,1.0,True,13.0,7.0,True,13.0,7.0,True,13.0,7.0,True,13.0,7.0,True,13.0,7.0,True,13.0,7.0,False,,,,,,,,,
GOES >= C1 flare within 15 min,2 false alarms/day on validation,C3.7,C,2026-04-30 09:35,2026-04-30 09:40,5.0,22,1.0,True,22.0,17.0,True,0.0,-5.0,True,22.0,17.0,True,22.0,17.0,True,22.0,17.0,True,22.0,17.0,False,,,,,,,,,
GOES >= C1 flare within 15 min,2 false alarms/day on validation,C1.8,C,2026-04-30 22:45,2026-04-30 22:50,5.0,35,1.0,True,1.0,-4.0,True,0.0,-5.0,False,,,True,35.0,30.0,False,,,False,,,False,,,,,,,,,
GOES >= C1 flare within 15 min,2 false alarms/day on validation,C1.4,C,2026-05-01 02:46,2026-05-01 02:52,6.0,36,1.0,False,,,False,,,False,,,True,36.0,30.0,False,,,False,,,False,,,,,,,,,
GOES >= C1 flare within 15 min,2 false alarms/day on validation,C1.8,C,2026-05-01 04:12,2026-05-01 04:19,7.0,37,1.0,True,0.0,-7.0,True,0.0,-7.0,False,,,True,37.0,30.0,False,,,False,,,False,,,,,,,,,
GOES >= C1 flare within 15 min,2 false alarms/day on validation,C1.4,C,2026-05-01 06:54,2026-05-01 06:59,5.0,35,1.0,False,,,False,,,False,,,True,35.0,30.0,False,,,False,,,False,,,,,,,,,
GOES >= C1 flare within 15 min,2 false alarms/day on validation,C1.4,C,2026-05-01 08:47,2026-05-01 08:50,3.0,33,1.0,False,,,False,,,False,,,True,33.0,30.0,False,,,False,,,False,,,,,,,,,
GOES >= C1 flare within 15 min,2 false alarms/day on validation,C1.9,C,2026-05-01 09:29,2026-05-01 09:33,4.0,34,1.0,True,6.0,2.0,True,0.0,-4.0,False,,,True,34.0,30.0,True,5.0,1.0,True,5.0,1.0,False,,,,,,,,,
GOES >= C1 flare within 15 min,2 false alarms/day on validation,C1.7,C,2026-05-01 14:10,2026-05-01 14:14,4.0,34,0.93,True,0.0,-4.0,True,0.0,-4.0,False,,,True,34.0,30.0,False,,,False,,,False,,,,,,,,,
GOES >= C1 flare within 15 min,2 false alarms/day on validation,C7.4,C,2026-05-01 15:24,2026-05-01 15:29,5.0,35,1.0,True,0.0,-5.0,True,1.0,-4.0,True,1.0,-4.0,True,35.0,30.0,False,,,False,,,False,,,,,,,,,
GOES >= C1 flare within 15 min,2 false alarms/day on validation,C1.3,C,2026-05-01 23:10,2026-05-01 23:15,5.0,35,1.0,True,0.0,-5.0,False,,,False,,,True,35.0,30.0,False,,,False,,,False,,,,,,,,,
GOES >= C1 flare within 15 min,2 false alarms/day on validation,C2.8,C,2026-05-01 23:21,2026-05-01 23:29,8.0,13,1.0,True,13.0,5.0,True,2.0,-6.0,True,1.0,-7.0,True,13.0,5.0,True,13.0,5.0,True,13.0,5.0,False,,,,,,,,,
GOES >= C1 flare within 15 min,2 false alarms/day on validation,C2.5,C,2026-05-02 02:30,2026-05-02 02:45,15.0,45,1.0,True,8.0,-7.0,True,6.0,-9.0,True,4.0,-11.0,True,45.0,30.0,True,6.0,-9.0,True,6.0,-9.0,False,,,,,,,,,
GOES >= C1 flare within 15 min,2 false alarms/day on validation,C2.4,C,2026-05-02 05:37,2026-05-02 05:48,11.0,41,1.0,True,3.0,-8.0,True,2.0,-9.0,True,1.0,-10.0,True,41.0,30.0,True,2.0,-9.0,True,2.0,-9.0,False,,,,,,,,,
GOES >= C1 flare within 15 min,2 false alarms/day on validation,C1.9,C,2026-05-02 06:16,2026-05-02 06:25,9.0,36,1.0,True,36.0,27.0,True,36.0,27.0,True,36.0,27.0,True,36.0,27.0,True,36.0,27.0,True,36.0,27.0,False,,,,,,,,,
GOES >= C1 flare within 15 min,2 false alarms/day on validation,C1.8,C,2026-05-02 07:56,2026-05-02 08:10,14.0,44,1.0,True,7.0,-7.0,False,,,False,,,True,44.0,30.0,True,6.0,-8.0,True,6.0,-8.0,False,,,,,,,,,
GOES >= C1 flare within 15 min,2 false alarms/day on validation,C2.2,C,2026-05-02 09:22,2026-05-02 09:25,3.0,33,1.0,True,0.0,-3.0,True,0.0,-3.0,True,0.0,-3.0,True,33.0,30.0,False,,,False,,,False,,,,,,,,,
GOES >= C1 flare within 15 min,2 false alarms/day on validation,C2.0,C,2026-05-02 10:20,2026-05-02 10:28,8.0,38,1.0,True,3.0,-5.0,True,2.0,-6.0,True,0.0,-8.0,True,38.0,30.0,True,2.0,-6.0,True,2.0,-6.0,False,,,,,,,,,
GOES >= C1 flare within 15 min,2 false alarms/day on validation,C4.0,C,2026-05-02 10:44,2026-05-02 11:04,20.0,35,1.0,True,35.0,15.0,True,35.0,15.0,True,35.0,15.0,True,35.0,15.0,True,12.0,-8.0,True,12.0,-8.0,False,,,,,,,,,
GOES >= C1 flare within 15 min,2 false alarms/day on validation,C3.1,C,2026-05-02 11:44,2026-05-02 11:51,7.0,37,1.0,True,37.0,30.0,True,2.0,-5.0,True,37.0,30.0,True,37.0,30.0,True,1.0,-6.0,True,1.0,-6.0,False,,,,,,,,,
GOES >= C1 flare within 15 min,2 false alarms/day on validation,C3.5,C,2026-05-02 11:55,2026-05-02 12:03,8.0,11,1.0,True,11.0,3.0,True,11.0,3.0,True,11.0,3.0,True,11.0,3.0,True,11.0,3.0,True,11.0,3.0,False,,,,,,,,,
GOES >= C1 flare within 15 min,2 false alarms/day on validation,C3.8,C,2026-05-02 12:05,2026-05-02 12:11,6.0,7,1.0,True,7.0,1.0,False,,,True,7.0,1.0,True,7.0,1.0,True,7.0,1.0,True,7.0,1.0,False,,,,,,,,,
GOES >= C1 flare within 15 min,2 false alarms/day on validation,C2.4,C,2026-05-02 13:56,2026-05-02 14:04,8.0,38,1.0,True,3.0,-5.0,True,2.0,-6.0,True,2.0,-6.0,True,38.0,30.0,True,1.0,-7.0,True,1.0,-7.0,False,,,,,,,,,
GOES >= C1 flare within 15 min,2 false alarms/day on validation,C3.5,C,2026-05-02 15:11,2026-05-02 15:21,10.0,40,1.0,True,2.0,-8.0,True,2.0,-8.0,True,2.0,-8.0,True,40.0,30.0,True,1.0,-9.0,True,1.0,-9.0,False,,,,,,,,,
GOES >= C1 flare within 15 min,2 false alarms/day on validation,C4.2,C,2026-05-02 15:31,2026-05-02 15:35,4.0,13,1.0,True,13.0,9.0,True,13.0,9.0,True,13.0,9.0,True,13.0,9.0,True,13.0,9.0,True,13.0,9.0,False,,,,,,,,,
GOES >= C1 flare within 15 min,2 false alarms/day on validation,C8.7,C,2026-05-02 18:30,2026-05-02 18:38,8.0,38,1.0,True,1.0,-7.0,True,1.0,-7.0,True,1.0,-7.0,True,38.0,30.0,False,,,False,,,False,,,,,,,,,
GOES >= C1 flare within 15 min,2 false alarms/day on validation,C2.2,C,2026-05-02 20:17,2026-05-02 20:25,8.0,38,1.0,True,0.0,-8.0,True,0.0,-8.0,False,,,True,38.0,30.0,False,,,False,,,False,,,,,,,,,
GOES >= C1 flare within 15 min,2 false alarms/day on validation,C1.5,C,2026-05-03 02:20,2026-05-03 02:27,7.0,37,1.0,True,32.0,25.0,True,0.0,-7.0,False,,,True,37.0,30.0,True,30.0,23.0,True,30.0,23.0,False,,,,,,,,,
GOES >= C1 flare within 15 min,2 false alarms/day on validation,C1.6,C,2026-05-03 03:33,2026-05-03 03:41,8.0,38,1.0,True,1.0,-7.0,True,1.0,-7.0,False,,,True,38.0,30.0,True,0.0,-8.0,True,0.0,-8.0,False,,,,,,,,,
GOES >= C1 flare within 15 min,2 false alarms/day on validation,C3.6,C,2026-05-03 06:56,2026-05-03 07:08,12.0,42,1.0,True,7.0,-5.0,True,6.0,-6.0,True,6.0,-6.0,True,42.0,30.0,True,6.0,-6.0,True,6.0,-6.0,False,,,,,,,,,
GOES >= C1 flare within 15 min,2 false alarms/day on validation,M1.8,M,2026-05-04 01:13,2026-05-04 01:33,20.0,50,1.0,True,13.0,-7.0,True,7.0,-13.0,True,6.0,-14.0,True,50.0,30.0,True,12.0,-8.0,True,12.0,-8.0,False,,,,,,,,,
GOES >= C1 flare within 15 min,2 false alarms/day on validation,C1.1,C,2026-05-04 10:39,2026-05-04 10:51,12.0,42,1.0,False,,,False,,,False,,,True,42.0,30.0,True,5.0,-7.0,True,5.0,-7.0,False,,,,,,,,,
GOES >= C1 flare within 15 min,2 false alarms/day on validation,C1.5,C,2026-05-04 11:33,2026-05-04 11:39,6.0,36,1.0,True,13.0,7.0,False,,,False,,,True,36.0,30.0,True,19.0,13.0,True,19.0,13.0,False,,,,,,,,,
GOES >= C1 flare within 15 min,2 false alarms/day on validation,C1.2,C,2026-05-05 04:19,2026-05-05 04:24,5.0,35,1.0,False,,,False,,,False,,,True,35.0,30.0,False,,,False,,,False,,,,,,,,,
GOES >= C1 flare within 15 min,2 false alarms/day on validation,C1.3,C,2026-05-05 05:04,2026-05-05 05:12,8.0,38,1.0,False,,,False,,,False,,,True,38.0,30.0,True,0.0,-8.0,True,0.0,-8.0,False,,,,,,,,,
GOES >= C1 flare within 15 min,2 false alarms/day on validation,C6.0,C,2026-05-05 05:21,2026-05-05 05:27,6.0,14,1.0,True,14.0,8.0,True,1.0,-5.0,True,1.0,-5.0,True,14.0,8.0,True,14.0,8.0,True,14.0,8.0,False,,,,,,,,,
GOES >= C1 flare within 15 min,2 false alarms/day on validation,C3.9,C,2026-05-05 05:37,2026-05-05 05:46,9.0,18,1.0,True,18.0,9.0,True,18.0,9.0,True,18.0,9.0,True,18.0,9.0,True,18.0,9.0,True,18.0,9.0,False,,,,,,,,,
GOES >= C1 flare within 15 min,2 false alarms/day on validation,C1.9,C,2026-05-05 08:30,2026-05-05 08:38,8.0,38,1.0,True,2.0,-6.0,True,1.0,-7.0,False,,,True,38.0,30.0,True,9.0,1.0,True,9.0,1.0,False,,,,,,,,,
GOES >= C1 flare within 15 min,2 false alarms/day on validation,C1.8,C,2026-05-05 14:09,2026-05-05 14:12,3.0,33,1.0,True,0.0,-3.0,True,0.0,-3.0,False,,,True,33.0,30.0,False,,,False,,,False,,,,,,,,,
GOES >= C1 flare within 15 min,2 false alarms/day on validation,C1.2,C,2026-05-05 14:59,2026-05-05 15:09,10.0,40,1.0,False,,,False,,,False,,,True,40.0,30.0,False,,,False,,,False,,,,,,,,,
GOES >= C1 flare within 15 min,2 false alarms/day on validation,C1.0,C,2026-05-06 04:33,2026-05-06 04:46,13.0,43,1.0,True,5.0,-8.0,False,,,False,,,True,43.0,30.0,True,5.0,-8.0,False,,,False,,,,,,,,,
GOES >= C1 flare within 15 min,2 false alarms/day on validation,C1.4,C,2026-05-06 17:19,2026-05-06 17:24,5.0,35,1.0,True,1.0,-4.0,True,0.0,-5.0,False,,,True,35.0,30.0,False,,,False,,,False,,,,,,,,,
GOES >= C1 flare within 15 min,2 false alarms/day on validation,C4.5,C,2026-05-07 01:28,2026-05-07 02:15,47.0,77,1.0,True,44.0,-3.0,True,38.0,-9.0,True,40.0,-7.0,True,77.0,30.0,True,45.0,-2.0,True,45.0,-2.0,False,,,,,,,,,
GOES >= C1 flare within 15 min,2 false alarms/day on validation,C2.3,C,2026-05-07 10:35,2026-05-07 10:45,10.0,40,1.0,True,2.0,-8.0,True,2.0,-8.0,True,1.0,-9.0,True,40.0,30.0,True,0.0,-10.0,True,0.0,-10.0,False,,,,,,,,,
GOES >= C1 flare within 15 min,2 false alarms/day on validation,C1.5,C,2026-05-07 12:53,2026-05-07 12:59,6.0,36,0.96,True,0.0,-6.0,True,0.0,-6.0,False,,,True,36.0,30.0,False,,,False,,,False,,,,,,,,,
GOES >= C1 flare within 15 min,2 false alarms/day on validation,M2.6,M,2026-05-07 14:20,2026-05-07 15:14,54.0,84,0.99,True,59.0,5.0,True,45.0,-9.0,True,49.0,-5.0,True,84.0,30.0,True,57.0,3.0,True,57.0,3.0,False,,,,,,,,,
GOES >= C1 flare within 15 min,2 false alarms/day on validation,C6.0,C,2026-05-07 17:45,2026-05-07 17:57,12.0,42,1.0,True,8.0,-4.0,True,8.0,-4.0,True,42.0,30.0,True,42.0,30.0,True,6.0,-6.0,True,6.0,-6.0,False,,,,,,,,,
GOES >= C1 flare within 15 min,2 false alarms/day on validation,C4.2,C,2026-05-08 15:41,2026-05-08 15:51,10.0,40,1.0,True,5.0,-5.0,True,4.0,-6.0,True,3.0,-7.0,True,40.0,30.0,True,4.0,-6.0,True,4.0,-6.0,False,,,,,,,,,
GOES >= C1 flare within 15 min,2 false alarms/day on validation,C1.4,C,2026-05-08 17:56,2026-05-08 18:02,6.0,36,1.0,True,0.0,-6.0,False,,,False,,,True,36.0,30.0,True,9.0,3.0,True,9.0,3.0,False,,,,,,,,,
GOES >= C1 flare within 15 min,2 false alarms/day on validation,C1.1,C,2026-05-08 18:20,2026-05-08 18:25,5.0,22,1.0,True,22.0,17.0,True,22.0,17.0,False,,,True,22.0,17.0,True,22.0,17.0,True,22.0,17.0,False,,,,,,,,,
GOES >= C1 flare within 15 min,2 false alarms/day on validation,C2.1,C,2026-05-08 19:01,2026-05-08 19:07,6.0,36,1.0,True,0.0,-6.0,True,0.0,-6.0,False,,,True,36.0,30.0,True,0.0,-6.0,True,0.0,-6.0,False,,,,,,,,,
GOES >= C1 flare within 15 min,2 false alarms/day on validation,C1.2,C,2026-05-08 19:16,2026-05-08 19:21,5.0,13,1.0,True,13.0,8.0,True,13.0,8.0,True,13.0,8.0,True,13.0,8.0,True,13.0,8.0,True,13.0,8.0,False,,,,,,,,,
GOES >= C1 flare within 15 min,2 false alarms/day on validation,C2.6,C,2026-05-08 20:05,2026-05-08 20:21,16.0,46,1.0,True,7.0,-9.0,True,7.0,-9.0,True,3.0,-13.0,True,46.0,30.0,True,9.0,-7.0,True,9.0,-7.0,False,,,,,,,,,
GOES >= C1 flare within 15 min,2 false alarms/day on validation,C1.0,C,2026-05-08 22:00,2026-05-08 22:07,7.0,37,1.0,False,,,False,,,False,,,True,37.0,30.0,False,,,False,,,False,,,,,,,,,
GOES >= C1 flare within 15 min,2 false alarms/day on validation,C2.4,C,2026-05-08 23:19,2026-05-08 23:28,9.0,39,1.0,True,4.0,-5.0,True,3.0,-6.0,True,1.0,-8.0,True,39.0,30.0,True,3.0,-6.0,True,3.0,-6.0,False,,,,,,,,,
GOES >= C1 flare within 15 min,2 false alarms/day on validation,C1.3,C,2026-05-09 00:11,2026-05-09 00:21,10.0,40,1.0,True,0.0,-10.0,True,0.0,-10.0,False,,,True,40.0,30.0,True,1.0,-9.0,False,,,False,,,,,,,,,
GOES >= C1 flare within 15 min,2 false alarms/day on validation,C2.1,C,2026-05-09 02:18,2026-05-09 02:28,10.0,40,1.0,True,5.0,-5.0,True,5.0,-5.0,True,1.0,-9.0,True,40.0,30.0,True,40.0,30.0,True,4.0,-6.0,False,,,,,,,,,
GOES >= C1 flare within 15 min,2 false alarms/day on validation,C2.3,C,2026-05-09 03:21,2026-05-09 03:31,10.0,40,1.0,True,1.0,-9.0,True,2.0,-8.0,True,1.0,-9.0,True,40.0,30.0,True,2.0,-8.0,True,2.0,-8.0,False,,,,,,,,,
GOES >= C1 flare within 15 min,2 false alarms/day on validation,C1.5,C,2026-05-09 05:14,2026-05-09 05:21,7.0,37,1.0,False,,,False,,,False,,,True,37.0,30.0,False,,,False,,,False,,,,,,,,,
GOES >= C1 flare within 15 min,2 false alarms/day on validation,C1.5,C,2026-05-09 06:22,2026-05-09 06:33,11.0,41,1.0,True,7.0,-4.0,False,,,False,,,True,41.0,30.0,True,6.0,-5.0,True,6.0,-5.0,False,,,,,,,,,
GOES >= C1 flare within 15 min,2 false alarms/day on validation,C1.6,C,2026-05-09 07:53,2026-05-09 08:02,9.0,39,1.0,True,1.0,-8.0,True,1.0,-8.0,False,,,True,39.0,30.0,True,3.0,-6.0,False,,,False,,,,,,,,,
GOES >= C1 flare within 15 min,2 false alarms/day on validation,C1.2,C,2026-05-09 09:19,2026-05-09 09:24,5.0,35,1.0,False,,,False,,,False,,,True,35.0,30.0,False,,,False,,,False,,,,,,,,,
GOES >= C1 flare within 15 min,2 false alarms/day on validation,C1.3,C,2026-05-09 13:15,2026-05-09 13:19,4.0,34,1.0,False,,,False,,,False,,,True,34.0,30.0,False,,,False,,,False,,,,,,,,,
GOES >= C1 flare within 15 min,2 false alarms/day on validation,C1.5,C,2026-05-09 13:59,2026-05-09 14:17,18.0,48,1.0,True,3.0,-15.0,False,,,False,,,True,48.0,30.0,True,7.0,-11.0,True,7.0,-11.0,False,,,,,,,,,
GOES >= C1 flare within 15 min,2 false alarms/day on validation,C1.5,C,2026-05-09 14:22,2026-05-09 14:31,9.0,13,1.0,False,,,False,,,False,,,True,13.0,4.0,False,,,False,,,False,,,,,,,,,
GOES >= C1 flare within 15 min,2 false alarms/day on validation,C1.5,C,2026-05-09 15:16,2026-05-09 15:26,10.0,40,1.0,True,2.0,-8.0,False,,,False,,,True,40.0,30.0,True,3.0,-7.0,True,3.0,-7.0,False,,,,,,,,,
GOES >= C1 flare within 15 min,2 false alarms/day on validation,C1.1,C,2026-05-09 16:20,2026-05-09 16:25,5.0,35,1.0,False,,,False,,,False,,,True,35.0,30.0,False,,,False,,,False,,,,,,,,,
GOES >= C1 flare within 15 min,2 false alarms/day on validation,C1.2,C,2026-05-09 18:48,2026-05-09 18:55,7.0,37,1.0,True,0.0,-7.0,False,,,False,,,True,37.0,30.0,False,,,False,,,False,,,,,,,,,
GOES >= C1 flare within 15 min,2 false alarms/day on validation,C1.2,C,2026-05-09 19:12,2026-05-09 19:20,8.0,24,1.0,True,24.0,16.0,False,,,False,,,True,24.0,16.0,True,24.0,16.0,True,24.0,16.0,False,,,,,,,,,
GOES >= C1 flare within 15 min,2 false alarms/day on validation,C1.2,C,2026-05-09 20:21,2026-05-09 20:29,8.0,38,1.0,False,,,False,,,False,,,True,38.0,30.0,False,,,False,,,False,,,,,,,,,
GOES >= C1 flare within 15 min,2 false alarms/day on validation,C2.0,C,2026-05-09 21:37,2026-05-09 21:46,9.0,39,1.0,True,2.0,-7.0,True,0.0,-9.0,True,0.0,-9.0,True,39.0,30.0,True,6.0,-3.0,True,6.0,-3.0,False,,,,,,,,,
GOES >= C1 flare within 15 min,2 false alarms/day on validation,C2.1,C,2026-05-09 21:57,2026-05-09 22:03,6.0,16,1.0,True,16.0,10.0,True,16.0,10.0,True,16.0,10.0,True,16.0,10.0,True,16.0,10.0,True,16.0,10.0,False,,,,,,,,,
GOES >= C1 flare within 15 min,2 false alarms/day on validation,C1.6,C,2026-05-10 02:27,2026-05-10 02:33,6.0,36,1.0,True,0.0,-6.0,False,,,False,,,True,36.0,30.0,False,,,False,,,False,,,,,,,,,
GOES >= C1 flare within 15 min,2 false alarms/day on validation,C2.1,C,2026-05-10 02:36,2026-05-10 02:40,4.0,6,1.0,True,6.0,2.0,True,6.0,2.0,True,0.0,-4.0,True,6.0,2.0,True,6.0,2.0,True,6.0,2.0,False,,,,,,,,,
GOES >= C1 flare within 15 min,2 false alarms/day on validation,C1.4,C,2026-05-10 03:56,2026-05-10 04:03,7.0,37,1.0,True,0.0,-7.0,False,,,False,,,True,37.0,30.0,False,,,False,,,False,,,,,,,,,
GOES >= C1 flare within 15 min,2 false alarms/day on validation,C2.0,C,2026-05-10 04:59,2026-05-10 05:04,5.0,35,1.0,True,0.0,-5.0,True,0.0,-5.0,False,,,True,35.0,30.0,False,,,False,,,False,,,,,,,,,
GOES >= C1 flare within 15 min,2 false alarms/day on validation,C1.4,C,2026-05-10 06:32,2026-05-10 06:40,8.0,38,1.0,True,1.0,-7.0,True,1.0,-7.0,False,,,True,38.0,30.0,False,,,False,,,False,,,,,,,,,
GOES >= C1 flare within 15 min,2 false alarms/day on validation,C2.0,C,2026-05-10 07:28,2026-05-10 07:34,6.0,36,1.0,True,2.0,-4.0,True,2.0,-4.0,True,1.0,-5.0,True,36.0,30.0,True,0.0,-6.0,True,0.0,-6.0,False,,,,,,,,,
GOES >= C1 flare within 15 min,2 false alarms/day on validation,C1.9,C,2026-05-10 09:15,2026-05-10 09:24,9.0,39,1.0,True,0.0,-9.0,True,0.0,-9.0,False,,,True,39.0,30.0,True,2.0,-7.0,True,2.0,-7.0,False,,,,,,,,,
GOES >= C1 flare within 15 min,2 false alarms/day on validation,C3.7,C,2026-05-10 09:32,2026-05-10 09:39,7.0,14,1.0,True,14.0,7.0,True,14.0,7.0,True,14.0,7.0,True,14.0,7.0,True,14.0,7.0,True,14.0,7.0,False,,,,,,,,,
GOES >= C1 flare within 15 min,2 false alarms/day on validation,C1.1,C,2026-05-10 10:36,2026-05-10 10:43,7.0,37,1.0,True,0.0,-7.0,True,0.0,-7.0,False,,,True,37.0,30.0,True,0.0,-7.0,True,0.0,-7.0,False,,,,,,,,,
GOES >= C1 flare within 15 min,2 false alarms/day on validation,M5.7,M,2026-05-10 13:19,2026-05-10 13:39,20.0,50,1.0,True,48.0,28.0,True,12.0,-8.0,True,11.0,-9.0,True,50.0,30.0,True,47.0,27.0,True,21.0,1.0,False,,,,,,,,,
GOES >= C1 flare within 15 min,2 false alarms/day on validation,C1.2,C,2026-05-10 19:27,2026-05-10 19:34,7.0,37,1.0,False,,,False,,,False,,,True,37.0,30.0,False,,,False,,,False,,,,,,,,,
GOES >= C1 flare within 15 min,2 false alarms/day on validation,C1.3,C,2026-05-10 20:58,2026-05-10 21:09,11.0,41,1.0,True,4.0,-7.0,False,,,False,,,True,41.0,30.0,True,3.0,-8.0,True,3.0,-8.0,False,,,,,,,,,
GOES >= C1 flare within 15 min,2 false alarms/day on validation,C1.4,C,2026-05-10 23:11,2026-05-10 23:18,7.0,37,1.0,True,0.0,-7.0,True,0.0,-7.0,False,,,True,37.0,30.0,False,,,False,,,False,,,,,,,,,
GOES >= C1 flare within 15 min,2 false alarms/day on validation,C1.0,C,2026-05-11 00:45,2026-05-11 00:52,7.0,37,1.0,False,,,False,,,False,,,True,37.0,30.0,False,,,False,,,False,,,,,,,,,
GOES >= C1 flare within 15 min,2 false alarms/day on validation,C1.4,C,2026-05-11 08:21,2026-05-11 08:32,11.0,41,1.0,True,3.0,-8.0,True,2.0,-9.0,False,,,True,41.0,30.0,True,2.0,-9.0,True,2.0,-9.0,False,,,,,,,,,
GOES >= C1 flare within 15 min,2 false alarms/day on validation,C1.2,C,2026-05-11 11:49,2026-05-11 11:54,5.0,35,1.0,True,0.0,-5.0,True,0.0,-5.0,False,,,True,35.0,30.0,True,0.0,-5.0,True,0.0,-5.0,False,,,,,,,,,
GOES >= C1 flare within 15 min,2 false alarms/day on validation,C1.8,C,2026-05-11 14:05,2026-05-11 14:15,10.0,40,1.0,True,1.0,-9.0,False,,,False,,,True,40.0,30.0,True,2.0,-8.0,True,2.0,-8.0,False,,,,,,,,,
GOES >= C1 flare within 15 min,2 false alarms/day on validation,C1.3,C,2026-05-12 00:48,2026-05-12 01:01,13.0,43,1.0,True,7.0,-6.0,False,,,False,,,True,43.0,30.0,True,5.0,-8.0,True,5.0,-8.0,False,,,,,,,,,
GOES >= C1 flare within 15 min,2 false alarms/day on validation,C1.0,C,2026-05-12 06:44,2026-05-12 06:54,10.0,40,1.0,True,17.0,7.0,False,,,False,,,True,40.0,30.0,False,,,False,,,False,,,,,,,,,
GOES >= C1 flare within 15 min,2 false alarms/day on validation,C1.1,C,2026-05-12 09:26,2026-05-12 09:35,9.0,39,1.0,True,1.0,-8.0,False,,,False,,,True,39.0,30.0,True,1.0,-8.0,True,1.0,-8.0,False,,,,,,,,,
GOES >= C1 flare within 15 min,2 false alarms/day on validation,C1.3,C,2026-05-12 10:19,2026-05-12 10:26,7.0,37,1.0,True,3.0,-4.0,True,2.0,-5.0,False,,,True,37.0,30.0,True,2.0,-5.0,True,2.0,-5.0,False,,,,,,,,,
GOES >= C1 flare within 15 min,2 false alarms/day on validation,C1.4,C,2026-05-12 10:38,2026-05-12 10:49,11.0,22,1.0,True,22.0,11.0,True,22.0,11.0,False,,,True,22.0,11.0,True,22.0,11.0,True,22.0,11.0,False,,,,,,,,,
GOES >= C1 flare within 15 min,2 false alarms/day on validation,C2.0,C,2026-05-12 12:40,2026-05-12 12:49,9.0,39,1.0,True,12.0,3.0,True,0.0,-9.0,True,0.0,-9.0,True,39.0,30.0,True,0.0,-9.0,True,0.0,-9.0,False,,,,,,,,,
GOES >= C1 flare within 15 min,2 false alarms/day on validation,C1.5,C,2026-05-12 17:11,2026-05-12 17:17,6.0,36,1.0,True,0.0,-6.0,True,0.0,-6.0,False,,,True,36.0,30.0,False,,,False,,,False,,,,,,,,,
GOES >= C1 flare within 15 min,2 false alarms/day on validation,C1.1,C,2026-05-12 21:42,2026-05-12 21:48,6.0,36,1.0,False,,,False,,,False,,,True,36.0,30.0,False,,,False,,,False,,,,,,,,,
GOES >= C1 flare within 15 min,2 false alarms/day on validation,C1.0,C,2026-05-12 22:11,2026-05-12 22:17,6.0,28,1.0,True,28.0,22.0,False,,,False,,,True,28.0,22.0,True,27.0,21.0,True,27.0,21.0,False,,,,,,,,,
GOES >= C1 flare within 15 min,2 false alarms/day on validation,C2.1,C,2026-05-13 01:43,2026-05-13 01:54,11.0,41,1.0,True,5.0,-6.0,True,3.0,-8.0,True,0.0,-11.0,True,41.0,30.0,True,4.0,-7.0,True,4.0,-7.0,False,,,,,,,,,
GOES >= C1 flare within 15 min,2 false alarms/day on validation,C2.3,C,2026-05-13 06:31,2026-05-13 06:40,9.0,39,1.0,True,1.0,-8.0,True,1.0,-8.0,True,1.0,-8.0,True,39.0,30.0,True,11.0,2.0,True,11.0,2.0,False,,,,,,,,,
GOES >= C1 flare within 15 min,2 false alarms/day on validation,C1.5,C,2026-05-13 10:28,2026-05-13 10:36,8.0,38,1.0,True,0.0,-8.0,False,,,False,,,True,38.0,30.0,False,,,False,,,False,,,,,,,,,
GOES >= C1 flare within 15 min,2 false alarms/day on validation,C1.0,C,2026-05-13 16:46,2026-05-13 16:54,8.0,38,1.0,True,1.0,-7.0,True,1.0,-7.0,False,,,True,38.0,30.0,True,1.0,-7.0,True,1.0,-7.0,False,,,,,,,,,
GOES >= C1 flare within 15 min,2 false alarms/day on validation,C2.0,C,2026-05-13 17:06,2026-05-13 17:14,8.0,19,1.0,True,19.0,11.0,True,19.0,11.0,True,0.0,-8.0,True,19.0,11.0,True,19.0,11.0,True,19.0,11.0,False,,,,,,,,,
GOES >= C1 flare within 15 min,2 false alarms/day on validation,C1.4,C,2026-05-13 18:00,2026-05-13 18:05,5.0,35,1.0,True,1.0,-4.0,True,0.0,-5.0,False,,,True,35.0,30.0,True,0.0,-5.0,True,0.0,-5.0,False,,,,,,,,,
GOES >= C1 flare within 15 min,2 false alarms/day on validation,C1.4,C,2026-05-13 19:35,2026-05-13 19:48,13.0,43,1.0,True,4.0,-9.0,False,,,False,,,True,43.0,30.0,True,5.0,-8.0,True,5.0,-8.0,False,,,,,,,,,
GOES >= C1 flare within 15 min,2 false alarms/day on validation,C1.6,C,2026-05-14 02:05,2026-05-14 02:12,7.0,37,1.0,True,0.0,-7.0,True,0.0,-7.0,False,,,True,37.0,30.0,False,,,False,,,False,,,,,,,,,
GOES >= C1 flare within 15 min,2 false alarms/day on validation,C2.6,C,2026-05-14 03:27,2026-05-14 03:41,14.0,44,1.0,True,8.0,-6.0,True,8.0,-6.0,True,7.0,-7.0,True,44.0,30.0,True,7.0,-7.0,True,7.0,-7.0,False,,,,,,,,,
GOES >= C1 flare within 15 min,2 false alarms/day on validation,C1.9,C,2026-05-14 05:20,2026-05-14 05:37,17.0,47,1.0,True,11.0,-6.0,True,10.0,-7.0,True,1.0,-16.0,True,47.0,30.0,True,10.0,-7.0,True,10.0,-7.0,False,,,,,,,,,
GOES >= C1 flare within 15 min,2 false alarms/day on validation,C1.6,C,2026-05-14 05:56,2026-05-14 06:04,8.0,26,1.0,True,26.0,18.0,False,,,True,26.0,18.0,True,26.0,18.0,False,,,False,,,False,,,,,,,,,
GOES >= C1 flare within 15 min,2 false alarms/day on validation,C5.5,C,2026-05-14 06:31,2026-05-14 06:42,11.0,37,1.0,True,3.0,-8.0,True,3.0,-8.0,True,2.0,-9.0,True,37.0,26.0,True,37.0,26.0,True,37.0,26.0,False,,,,,,,,,
GOES >= C1 flare within 15 min,2 false alarms/day on validation,C1.2,C,2026-05-14 08:48,2026-05-14 08:55,7.0,37,1.0,True,0.0,-7.0,False,,,False,,,True,37.0,30.0,False,,,False,,,False,,,,,,,,,
GOES >= C1 flare within 15 min,2 false alarms/day on validation,C2.5,C,2026-05-14 09:13,2026-05-14 09:20,7.0,24,1.0,True,3.0,-4.0,True,3.0,-4.0,True,2.0,-5.0,True,24.0,17.0,True,24.0,17.0,True,24.0,17.0,False,,,,,,,,,
GOES >= C1 flare within 15 min,2 false alarms/day on validation,C1.5,C,2026-05-14 10:33,2026-05-14 10:42,9.0,39,1.0,True,0.0,-9.0,False,,,False,,,True,39.0,30.0,False,,,False,,,False,,,,,,,,,
GOES >= C1 flare within 15 min,2 false alarms/day on validation,C2.5,C,2026-05-14 10:46,2026-05-14 10:56,10.0,13,1.0,True,13.0,3.0,True,4.0,-6.0,True,4.0,-6.0,True,13.0,3.0,True,13.0,3.0,True,13.0,3.0,False,,,,,,,,,
GOES >= C1 flare within 15 min,2 false alarms/day on validation,C3.8,C,2026-05-14 11:26,2026-05-14 11:36,10.0,39,1.0,True,39.0,29.0,True,39.0,29.0,True,39.0,29.0,True,39.0,29.0,True,39.0,29.0,True,39.0,29.0,False,,,,,,,,,
GOES >= C1 flare within 15 min,2 false alarms/day on validation,C1.0,C,2026-05-14 13:21,2026-05-14 13:40,19.0,49,1.0,False,,,False,,,False,,,True,49.0,30.0,True,13.0,-6.0,False,,,False,,,,,,,,,
GOES >= C1 flare within 15 min,2 false alarms/day on validation,C1.3,C,2026-05-14 14:24,2026-05-14 14:33,9.0,39,1.0,True,2.0,-7.0,False,,,False,,,True,39.0,30.0,False,,,False,,,False,,,,,,,,,
GOES >= C1 flare within 15 min,2 false alarms/day on validation,C2.4,C,2026-05-14 17:04,2026-05-14 17:13,9.0,39,1.0,True,3.0,-6.0,True,1.0,-8.0,True,0.0,-9.0,True,39.0,30.0,True,2.0,-7.0,True,2.0,-7.0,False,,,,,,,,,
GOES >= C1 flare within 15 min,2 false alarms/day on validation,C4.4,C,2026-05-14 17:18,2026-05-14 17:39,21.0,25,1.0,True,25.0,4.0,True,25.0,4.0,True,25.0,4.0,True,25.0,4.0,True,25.0,4.0,True,25.0,4.0,False,,,,,,,,,
GOES >= C1 flare within 15 min,2 false alarms/day on validation,C5.1,C,2026-05-14 18:21,2026-05-14 18:40,19.0,49,1.0,True,49.0,30.0,True,4.0,-15.0,True,49.0,30.0,True,49.0,30.0,False,,,False,,,False,,,,,,,,,
GOES >= C1 flare within 15 min,2 false alarms/day on validation,C1.0,C,2026-05-14 21:55,2026-05-14 22:03,8.0,38,1.0,False,,,False,,,False,,,True,38.0,30.0,True,0.0,-8.0,True,0.0,-8.0,False,,,,,,,,,
GOES >= C1 flare within 15 min,2 false alarms/day on validation,C1.5,C,2026-05-14 22:14,2026-05-14 22:20,6.0,16,1.0,True,14.0,8.0,True,0.0,-6.0,False,,,True,16.0,10.0,True,16.0,10.0,True,16.0,10.0,False,,,,,,,,,
GOES >= C1 flare within 15 min,2 false alarms/day on validation,C1.1,C,2026-05-14 22:58,2026-05-14 23:07,9.0,39,1.0,True,39.0,30.0,False,,,False,,,True,39.0,30.0,False,,,False,,,False,,,,,,,,,
GOES >= C1 flare within 15 min,2 false alarms/day on validation,C1.2,C,2026-05-14 23:16,2026-05-14 23:21,5.0,13,1.0,False,,,False,,,False,,,True,13.0,8.0,True,13.0,8.0,True,13.0,8.0,False,,,,,,,,,
GOES >= C1 flare within 15 min,2 false alarms/day on validation,C1.0,C,2026-05-15 01:48,2026-05-15 01:52,4.0,34,1.0,False,,,False,,,False,,,True,34.0,30.0,False,,,False,,,False,,,,,,,,,
GOES >= C1 flare within 15 min,2 false alarms/day on validation,C3.3,C,2026-05-15 02:52,2026-05-15 03:09,17.0,47,1.0,True,9.0,-8.0,True,6.0,-11.0,True,5.0,-12.0,True,47.0,30.0,True,8.0,-9.0,True,8.0,-9.0,False,,,,,,,,,
GOES >= C1 flare within 15 min,2 false alarms/day on validation,C4.3,C,2026-05-15 11:43,2026-05-15 11:50,7.0,37,1.0,True,37.0,30.0,True,2.0,-5.0,True,1.0,-6.0,True,37.0,30.0,True,37.0,30.0,True,2.0,-5.0,False,,,,,,,,,
GOES >= C1 flare within 15 min,2 false alarms/day on validation,C6.6,C,2026-05-15 13:08,2026-05-15 13:13,5.0,35,1.0,True,0.0,-5.0,True,0.0,-5.0,True,0.0,-5.0,True,35.0,30.0,True,11.0,6.0,False,,,False,,,,,,,,,
GOES >= C1 flare within 15 min,2 false alarms/day on validation,C1.1,C,2026-05-15 13:40,2026-05-15 13:50,10.0,36,1.0,True,36.0,26.0,True,36.0,26.0,True,36.0,26.0,True,36.0,26.0,True,1.0,-9.0,True,1.0,-9.0,False,,,,,,,,,
GOES >= C1 flare within 15 min,2 false alarms/day on validation,C9.4,C,2026-05-15 16:05,2026-05-15 16:14,9.0,39,1.0,True,0.0,-9.0,True,1.0,-8.0,True,0.0,-9.0,True,39.0,30.0,False,,,False,,,False,,,,,,,,,
GOES >= C1 flare within 15 min,2 false alarms/day on validation,C1.1,C,2026-05-16 14:19,2026-05-16 14:39,20.0,50,1.0,True,13.0,-7.0,False,,,False,,,True,50.0,30.0,False,,,False,,,False,,,,,,,,,
GOES >= C1 flare within 15 min,2 false alarms/day on validation,C3.4,C,2026-05-16 15:08,2026-05-16 15:12,4.0,32,1.0,True,32.0,28.0,True,0.0,-4.0,False,,,True,32.0,28.0,False,,,False,,,False,,,,,,,,,
GOES >= C1 flare within 15 min,2 false alarms/day on validation,M1.8,M,2026-05-16 15:50,2026-05-16 16:12,22.0,52,1.0,True,14.0,-8.0,True,13.0,-9.0,True,11.0,-11.0,True,52.0,30.0,True,13.0,-9.0,True,13.0,-9.0,False,,,,,,,,,
GOES >= C1 flare within 15 min,2 false alarms/day on validation,M1.3,M,2026-05-16 16:22,2026-05-16 16:29,7.0,16,1.0,True,16.0,9.0,True,16.0,9.0,True,16.0,9.0,True,16.0,9.0,True,16.0,9.0,True,16.0,9.0,False,,,,,,,,,
GOES >= C1 flare within 15 min,2 false alarms/day on validation,M1.9,M,2026-05-16 17:39,2026-05-16 17:42,3.0,33,1.0,False,,,True,1.0,-2.0,True,33.0,30.0,True,33.0,30.0,False,,,False,,,False,,,,,,,,,
GOES >= C1 flare within 15 min,2 false alarms/day on validation,C2.6,C,2026-05-16 19:02,2026-05-16 19:07,5.0,35,1.0,True,0.0,-5.0,True,0.0,-5.0,True,0.0,-5.0,True,35.0,30.0,False,,,False,,,False,,,,,,,,,
GOES >= C1 flare within 15 min,2 false alarms/day on validation,C3.6,C,2026-05-16 19:57,2026-05-16 20:03,6.0,36,1.0,True,0.0,-6.0,True,0.0,-6.0,True,0.0,-6.0,True,36.0,30.0,False,,,False,,,False,,,,,,,,,
GOES >= C1 flare within 15 min,2 false alarms/day on validation,C1.4,C,2026-05-16 22:22,2026-05-16 22:26,4.0,34,1.0,False,,,False,,,False,,,True,34.0,30.0,True,30.0,26.0,True,30.0,26.0,False,,,,,,,,,
GOES >= C1 flare within 15 min,2 false alarms/day on validation,C5.8,C,2026-05-16 23:13,2026-05-16 23:30,17.0,47,1.0,True,10.0,-7.0,True,9.0,-8.0,True,8.0,-9.0,True,47.0,30.0,True,9.0,-8.0,True,9.0,-8.0,False,,,,,,,,,
GOES >= C1 flare within 15 min,2 false alarms/day on validation,M1.4,M,2026-05-17 03:29,2026-05-17 03:39,10.0,40,1.0,True,5.0,-5.0,True,4.0,-6.0,True,3.0,-7.0,True,40.0,30.0,True,3.0,-7.0,True,3.0,-7.0,False,,,,,,,,,
GOES >= C1 flare within 15 min,2 false alarms/day on validation,C1.9,C,2026-05-18 18:10,2026-05-18 18:28,18.0,48,1.0,True,10.0,-8.0,True,10.0,-8.0,True,1.0,-17.0,True,48.0,30.0,True,11.0,-7.0,False,,,False,,,,,,,,,
GOES >= C1 flare within 15 min,2 false alarms/day on validation,C2.1,C,2026-05-19 07:29,2026-05-19 07:40,11.0,41,1.0,True,2.0,-9.0,True,2.0,-9.0,True,1.0,-10.0,True,41.0,30.0,True,0.0,-11.0,True,0.0,-11.0,False,,,,,,,,,
GOES >= C1 flare within 15 min,2 false alarms/day on validation,C1.1,C,2026-05-19 16:40,2026-05-19 16:51,11.0,41,1.0,True,2.0,-9.0,True,2.0,-9.0,False,,,True,41.0,30.0,True,13.0,2.0,True,0.0,-11.0,False,,,,,,,,,
GOES >= C1 flare within 15 min,2 false alarms/day on validation,C2.1,C,2026-05-19 19:44,2026-05-19 20:00,16.0,46,1.0,True,3.0,-13.0,True,2.0,-14.0,True,0.0,-16.0,True,46.0,30.0,True,11.0,-5.0,True,2.0,-14.0,False,,,,,,,,,
GOES >= C1 flare within 15 min,2 false alarms/day on validation,C1.0,C,2026-05-19 21:13,2026-05-19 21:25,12.0,42,1.0,True,3.0,-9.0,True,3.0,-9.0,False,,,True,42.0,30.0,True,5.0,-7.0,False,,,False,,,,,,,,,
GOES >= C1 flare within 15 min,2 false alarms/day on validation,C1.0,C,2026-05-19 21:40,2026-05-19 21:45,5.0,19,1.0,True,19.0,14.0,False,,,False,,,True,19.0,14.0,True,19.0,14.0,False,,,False,,,,,,,,,
GOES >= C1 flare within 15 min,2 false alarms/day on validation,C1.4,C,2026-05-19 21:58,2026-05-19 22:03,5.0,17,1.0,True,17.0,12.0,True,0.0,-5.0,False,,,True,17.0,12.0,False,,,False,,,False,,,,,,,,,
GOES >= C1 flare within 15 min,2 false alarms/day on validation,C1.0,C,2026-05-20 04:12,2026-05-20 04:43,31.0,61,1.0,False,,,False,,,False,,,True,61.0,30.0,True,22.0,-9.0,False,,,False,,,,,,,,,
GOES >= C1 flare within 15 min,2 false alarms/day on validation,C1.0,C,2026-05-20 09:59,2026-05-20 10:09,10.0,40,1.0,True,0.0,-10.0,False,,,False,,,True,40.0,30.0,True,0.0,-10.0,True,0.0,-10.0,False,,,,,,,,,
GOES >= C1 flare within 15 min,2 false alarms/day on validation,C5.5,C,2026-05-21 13:09,2026-05-21 13:21,12.0,42,1.0,True,3.0,-9.0,True,3.0,-9.0,True,2.0,-10.0,True,42.0,30.0,True,3.0,-9.0,True,3.0,-9.0,False,,,,,,,,,
GOES >= C1 flare within 15 min,2 false alarms/day on validation,C8.3,C,2026-05-21 18:04,2026-05-21 18:14,10.0,40,1.0,True,2.0,-8.0,True,2.0,-8.0,True,1.0,-9.0,True,40.0,30.0,False,,,False,,,False,,,,,,,,,
GOES >= C1 flare within 15 min,2 false alarms/day on validation,C9.5,C,2026-05-21 18:19,2026-05-21 18:25,6.0,10,1.0,True,10.0,4.0,True,10.0,4.0,True,10.0,4.0,True,10.0,4.0,True,10.0,4.0,True,10.0,4.0,False,,,,,,,,,
GOES >= C1 flare within 15 min,2 false alarms/day on validation,C1.3,C,2026-05-21 23:04,2026-05-21 23:10,6.0,36,1.0,True,0.0,-6.0,False,,,False,,,True,36.0,30.0,True,0.0,-6.0,True,0.0,-6.0,False,,,,,,,,,
GOES >= C1 flare within 15 min,2 false alarms/day on validation,C1.3,C,2026-05-23 03:22,2026-05-23 03:27,5.0,35,1.0,True,0.0,-5.0,True,0.0,-5.0,False,,,True,35.0,30.0,False,,,False,,,False,,,,,,,,,
GOES >= C1 flare within 15 min,2 false alarms/day on validation,C1.4,C,2026-05-23 03:46,2026-05-23 03:50,4.0,22,1.0,True,22.0,18.0,True,22.0,18.0,False,,,True,22.0,18.0,True,21.0,17.0,True,21.0,17.0,False,,,,,,,,,
GOES >= C1 flare within 15 min,2 false alarms/day on validation,C3.6,C,2026-05-23 05:35,2026-05-23 05:48,13.0,43,1.0,True,4.0,-9.0,True,4.0,-9.0,True,3.0,-10.0,True,43.0,30.0,True,4.0,-9.0,True,4.0,-9.0,False,,,,,,,,,
GOES >= C1 flare within 15 min,2 false alarms/day on validation,C2.1,C,2026-05-23 07:11,2026-05-23 07:17,6.0,36,1.0,True,0.0,-6.0,True,0.0,-6.0,True,1.0,-5.0,True,36.0,30.0,False,,,False,,,False,,,,,,,,,
GOES >= C1 flare within 15 min,2 false alarms/day on validation,C1.9,C,2026-05-23 09:10,2026-05-23 09:13,3.0,33,1.0,False,,,True,0.0,-3.0,False,,,True,33.0,30.0,False,,,False,,,False,,,,,,,,,
GOES >= C1 flare within 15 min,2 false alarms/day on validation,C2.9,C,2026-05-23 11:35,2026-05-23 11:44,9.0,39,1.0,True,1.0,-8.0,True,1.0,-8.0,True,1.0,-8.0,True,39.0,30.0,False,,,False,,,False,,,,,,,,,
GOES >= C1 flare within 15 min,2 false alarms/day on validation,C2.3,C,2026-05-23 14:02,2026-05-23 14:11,9.0,39,1.0,True,0.0,-9.0,True,1.0,-8.0,True,0.0,-9.0,True,39.0,30.0,False,,,False,,,False,,,,,,,,,
GOES >= C1 flare within 15 min,2 false alarms/day on validation,C1.8,C,2026-05-23 17:08,2026-05-23 17:14,6.0,36,1.0,True,18.0,12.0,True,0.0,-6.0,True,2.0,-4.0,True,36.0,30.0,True,18.0,12.0,True,18.0,12.0,False,,,,,,,,,
GOES >= C1 flare within 15 min,2 false alarms/day on validation,C2.0,C,2026-05-23 17:34,2026-05-23 17:46,12.0,31,1.0,True,31.0,19.0,True,31.0,19.0,True,31.0,19.0,True,31.0,19.0,True,31.0,19.0,True,31.0,19.0,False,,,,,,,,,
GOES >= C1 flare within 15 min,2 false alarms/day on validation,C2.7,C,2026-05-23 19:07,2026-05-23 19:32,25.0,55,1.0,False,,,True,16.0,-9.0,True,18.0,-7.0,True,55.0,30.0,True,19.0,-6.0,True,19.0,-6.0,False,,,,,,,,,
GOES >= C1 flare within 15 min,2 false alarms/day on validation,C2.8,C,2026-05-23 19:45,2026-05-23 19:55,10.0,22,1.0,False,,,False,,,True,22.0,12.0,True,22.0,12.0,True,22.0,12.0,True,22.0,12.0,False,,,,,,,,,
GOES >= C1 flare within 15 min,2 false alarms/day on validation,C2.9,C,2026-05-23 21:00,2026-05-23 21:05,5.0,35,1.0,True,0.0,-5.0,True,0.0,-5.0,True,35.0,30.0,True,35.0,30.0,False,,,False,,,False,,,,,,,,,
GOES >= C1 flare within 15 min,2 false alarms/day on validation,C5.5,C,2026-05-23 21:57,2026-05-23 22:04,7.0,37,1.0,True,2.0,-5.0,True,37.0,30.0,True,37.0,30.0,True,37.0,30.0,True,36.0,29.0,True,36.0,29.0,False,,,,,,,,,
GOES >= C1 flare within 15 min,2 false alarms/day on validation,C2.6,C,2026-05-23 22:23,2026-05-23 22:32,9.0,27,1.0,True,27.0,18.0,True,27.0,18.0,True,27.0,18.0,True,27.0,18.0,True,27.0,18.0,True,27.0,18.0,False,,,,,,,,,
GOES >= C1 flare within 15 min,2 false alarms/day on validation,C4.7,C,2026-05-23 23:43,2026-05-23 23:59,16.0,46,1.0,True,7.0,-9.0,True,7.0,-9.0,True,10.0,-6.0,True,46.0,30.0,True,8.0,-8.0,True,8.0,-8.0,False,,,,,,,,,
GOES >= C1 flare within 15 min,2 false alarms/day on validation,C3.5,C,2026-05-24 00:48,2026-05-24 01:04,16.0,46,1.0,True,9.0,-7.0,True,9.0,-7.0,True,46.0,30.0,True,46.0,30.0,True,8.0,-8.0,True,8.0,-8.0,False,,,,,,,,,
GOES >= C1 flare within 15 min,2 false alarms/day on validation,C3.4,C,2026-05-24 02:18,2026-05-24 02:25,7.0,37,1.0,True,1.0,-6.0,True,11.0,4.0,True,19.0,12.0,True,37.0,30.0,True,17.0,10.0,True,17.0,10.0,False,,,,,,,,,
GOES >= C1 flare within 15 min,2 false alarms/day on validation,C3.7,C,2026-05-24 02:33,2026-05-24 02:37,4.0,11,1.0,True,11.0,7.0,True,11.0,7.0,True,11.0,7.0,True,11.0,7.0,True,11.0,7.0,True,11.0,7.0,False,,,,,,,,,
GOES >= C1 flare within 15 min,2 false alarms/day on validation,C3.7,C,2026-05-25 00:51,2026-05-25 01:04,13.0,43,1.0,True,5.0,-8.0,True,5.0,-8.0,True,4.0,-9.0,True,43.0,30.0,True,3.0,-10.0,True,3.0,-10.0,False,,,,,,,,,
GOES >= C1 flare within 15 min,2 false alarms/day on validation,C1.7,C,2026-05-25 06:41,2026-05-25 06:53,12.0,42,1.0,True,5.0,-7.0,True,4.0,-8.0,False,,,True,42.0,30.0,True,4.0,-8.0,True,4.0,-8.0,False,,,,,,,,,
GOES >= C1 flare within 15 min,2 false alarms/day on validation,C2.4,C,2026-05-26 07:11,2026-05-26 07:17,6.0,36,1.0,True,1.0,-5.0,True,1.0,-5.0,True,1.0,-5.0,True,36.0,30.0,False,,,False,,,False,,,,,,,,,
GOES >= C1 flare within 15 min,2 false alarms/day on validation,C9.7,C,2026-05-26 12:30,2026-05-26 12:38,8.0,38,1.0,True,2.0,-6.0,True,2.0,-6.0,True,2.0,-6.0,True,38.0,30.0,True,1.0,-7.0,True,1.0,-7.0,False,,,,,,,,,
GOES >= C1 flare within 15 min,2 false alarms/day on validation,C1.6,C,2026-05-26 13:50,2026-05-26 14:00,10.0,40,1.0,True,1.0,-9.0,False,,,False,,,True,40.0,30.0,True,2.0,-8.0,True,2.0,-8.0,False,,,,,,,,,
GOES >= C1 flare within 15 min,2 false alarms/day on validation,C2.5,C,2026-05-26 20:10,2026-05-26 20:19,9.0,39,1.0,True,5.0,-4.0,True,5.0,-4.0,True,5.0,-4.0,True,39.0,30.0,True,3.0,-6.0,True,3.0,-6.0,False,,,,,,,,,
GOES >= C1 flare within 15 min,2 false alarms/day on validation,C1.7,C,2026-05-26 20:40,2026-05-26 20:48,8.0,28,1.0,True,28.0,20.0,True,0.0,-8.0,True,28.0,20.0,True,28.0,20.0,True,28.0,20.0,True,28.0,20.0,False,,,,,,,,,
GOES >= C1 flare within 15 min,2 false alarms/day on validation,C1.8,C,2026-05-26 20:51,2026-05-26 20:56,5.0,7,1.0,True,7.0,2.0,False,,,False,,,True,7.0,2.0,True,7.0,2.0,True,7.0,2.0,False,,,,,,,,,
GOES >= C1 flare within 15 min,2 false alarms/day on validation,C4.7,C,2026-05-26 23:39,2026-05-26 23:49,10.0,40,1.0,True,2.0,-8.0,True,2.0,-8.0,True,2.0,-8.0,True,40.0,30.0,True,1.0,-9.0,True,1.0,-9.0,False,,,,,,,,,
GOES >= C1 flare within 15 min,2 false alarms/day on validation,C1.9,C,2026-05-27 01:49,2026-05-27 01:59,10.0,40,1.0,True,2.0,-8.0,True,2.0,-8.0,True,0.0,-10.0,True,40.0,30.0,True,2.0,-8.0,True,2.0,-8.0,False,,,,,,,,,
GOES >= C1 flare within 15 min,2 false alarms/day on validation,C3.4,C,2026-05-27 12:07,2026-05-27 12:16,9.0,39,1.0,True,4.0,-5.0,True,0.0,-9.0,True,0.0,-9.0,True,39.0,30.0,True,2.0,-7.0,True,2.0,-7.0,False,,,,,,,,,
GOES >= C1 flare within 15 min,2 false alarms/day on validation,C2.8,C,2026-05-27 13:20,2026-05-27 13:23,3.0,33,1.0,True,0.0,-3.0,True,0.0,-3.0,True,0.0,-3.0,True,33.0,30.0,False,,,False,,,False,,,,,,,,,
GOES >= C1 flare within 15 min,2 false alarms/day on validation,C3.1,C,2026-05-28 15:09,2026-05-28 15:16,7.0,37,1.0,True,1.0,-6.0,True,1.0,-6.0,True,0.0,-7.0,True,37.0,30.0,False,,,False,,,False,,,,,,,,,
GOES >= C1 flare within 15 min,2 false alarms/day on validation,C1.4,C,2026-05-28 16:28,2026-05-28 16:37,9.0,39,1.0,True,0.0,-9.0,False,,,False,,,True,39.0,30.0,False,,,False,,,False,,,,,,,,,
GOES >= C1 flare within 15 min,2 false alarms/day on validation,C6.0,C,2026-05-29 04:50,2026-05-29 05:08,18.0,48,1.0,True,12.0,-6.0,True,11.0,-7.0,True,10.0,-8.0,True,48.0,30.0,True,22.0,4.0,True,10.0,-8.0,False,,,,,,,,,
GOES >= C1 flare within 15 min,2 false alarms/day on validation,C7.6,C,2026-05-29 05:24,2026-05-29 05:37,13.0,28,1.0,True,28.0,15.0,True,28.0,15.0,True,28.0,15.0,True,28.0,15.0,True,28.0,15.0,True,28.0,15.0,False,,,,,,,,,
GOES >= C1 flare within 15 min,2 false alarms/day on validation,M1.1,M,2026-05-29 06:40,2026-05-29 07:04,24.0,54,1.0,True,19.0,-5.0,True,35.0,11.0,True,54.0,30.0,True,54.0,30.0,True,33.0,9.0,True,33.0,9.0,False,,,,,,,,,
GOES >= C1 flare within 15 min,2 false alarms/day on validation,C1.2,C,2026-05-29 15:41,2026-05-29 15:53,12.0,42,1.0,True,5.0,-7.0,False,,,False,,,True,42.0,30.0,True,5.0,-7.0,True,5.0,-7.0,False,,,,,,,,,
GOES >= C1 flare within 15 min,2 false alarms/day on validation,C1.1,C,2026-05-29 19:01,2026-05-29 19:09,8.0,38,1.0,True,0.0,-8.0,False,,,False,,,True,38.0,30.0,False,,,False,,,False,,,,,,,,,
GOES >= C1 flare within 15 min,2 false alarms/day on validation,C1.6,C,2026-05-29 19:28,2026-05-29 19:33,5.0,23,1.0,True,23.0,18.0,True,23.0,18.0,False,,,True,23.0,18.0,True,22.0,17.0,True,22.0,17.0,False,,,,,,,,,
GOES >= C1 flare within 15 min,2 false alarms/day on validation,C3.0,C,2026-05-29 19:36,2026-05-29 19:47,11.0,13,1.0,True,13.0,2.0,True,13.0,2.0,True,7.0,-4.0,True,13.0,2.0,True,13.0,2.0,True,13.0,2.0,False,,,,,,,,,
GOES >= C1 flare within 15 min,2 false alarms/day on validation,C2.0,C,2026-05-29 21:11,2026-05-29 21:29,18.0,48,1.0,True,10.0,-8.0,True,8.0,-10.0,True,0.0,-18.0,True,48.0,30.0,True,12.0,-6.0,True,12.0,-6.0,False,,,,,,,,,
GOES >= C1 flare within 15 min,2 false alarms/day on validation,C1.3,C,2026-05-30 02:35,2026-05-30 02:40,5.0,35,1.0,True,0.0,-5.0,False,,,False,,,True,35.0,30.0,False,,,False,,,False,,,,,,,,,
GOES >= C1 flare within 15 min,2 false alarms/day on validation,C3.9,C,2026-05-30 07:29,2026-05-30 07:47,18.0,48,1.0,True,10.0,-8.0,True,10.0,-8.0,True,9.0,-9.0,True,48.0,30.0,True,9.0,-9.0,True,9.0,-9.0,False,,,,,,,,,
GOES >= C1 flare within 15 min,2 false alarms/day on validation,C1.8,C,2026-05-30 08:40,2026-05-30 08:52,12.0,42,1.0,True,0.0,-12.0,False,,,False,,,True,42.0,30.0,True,3.0,-9.0,True,3.0,-9.0,False,,,,,,,,,
GOES >= C1 flare within 15 min,2 false alarms/day on validation,C4.7,C,2026-05-30 11:45,2026-05-30 11:53,8.0,38,1.0,True,0.0,-8.0,True,0.0,-8.0,True,0.0,-8.0,True,38.0,30.0,False,,,False,,,False,,,,,,,,,
GOES >= C1 flare within 15 min,2 false alarms/day on validation,C1.1,C,2026-05-30 14:37,2026-05-30 14:48,11.0,41,1.0,True,1.0,-10.0,False,,,False,,,True,41.0,30.0,True,4.0,-7.0,True,4.0,-7.0,False,,,,,,,,,
GOES >= C1 flare within 15 min,2 false alarms/day on validation,C1.1,C,2026-05-30 17:27,2026-05-30 17:36,9.0,39,1.0,False,,,False,,,False,,,True,39.0,30.0,True,1.0,-8.0,True,1.0,-8.0,False,,,,,,,,,
GOES >= C1 flare within 15 min,2 false alarms/day on validation,C1.1,C,2026-05-30 22:22,2026-05-30 22:28,6.0,36,1.0,False,,,False,,,False,,,True,36.0,30.0,False,,,False,,,False,,,,,,,,,
GOES >= C1 flare within 15 min,2 false alarms/day on validation,C1.2,C,2026-05-30 22:31,2026-05-30 22:37,6.0,8,1.0,False,,,False,,,False,,,True,8.0,2.0,False,,,False,,,False,,,,,,,,,
GOES >= C1 flare within 15 min,2 false alarms/day on validation,C1.6,C,2026-05-31 17:56,2026-05-31 18:10,14.0,44,1.0,True,8.0,-6.0,True,7.0,-7.0,False,,,True,44.0,30.0,True,8.0,-6.0,True,8.0,-6.0,False,,,,,,,,,
GOES >= C1 flare within 15 min,2 false alarms/day on validation,C1.7,C,2026-05-31 18:31,2026-05-31 18:36,5.0,25,1.0,True,25.0,20.0,True,0.0,-5.0,False,,,True,25.0,20.0,True,25.0,20.0,True,25.0,20.0,False,,,,,,,,,
GOES >= C1 flare within 15 min,2 false alarms/day on validation,C1.5,C,2026-05-31 19:39,2026-05-31 19:43,4.0,34,1.0,True,0.0,-4.0,True,0.0,-4.0,False,,,True,34.0,30.0,False,,,False,,,False,,,,,,,,,
GOES >= C1 flare within 15 min,2 false alarms/day on validation,C1.9,C,2026-05-31 21:42,2026-05-31 21:53,11.0,41,1.0,True,4.0,-7.0,True,3.0,-8.0,False,,,True,41.0,30.0,True,3.0,-8.0,True,3.0,-8.0,False,,,,,,,,,
GOES >= C1 flare within 15 min,2 false alarms/day on validation,C1.5,C,2026-06-01 05:11,2026-06-01 05:19,8.0,38,1.0,True,1.0,-7.0,True,1.0,-7.0,False,,,True,38.0,30.0,False,,,False,,,False,,,,,,,,,
GOES >= C1 flare within 15 min,2 false alarms/day on validation,C1.1,C,2026-06-02 02:28,2026-06-02 02:33,5.0,35,1.0,False,,,False,,,False,,,True,35.0,30.0,True,18.0,13.0,False,,,False,,,,,,,,,
GOES >= C1 flare within 15 min,2 false alarms/day on validation,C1.8,C,2026-06-02 02:40,2026-06-02 02:50,10.0,16,1.0,True,16.0,6.0,True,5.0,-5.0,False,,,True,16.0,6.0,True,15.0,5.0,True,15.0,5.0,False,,,,,,,,,
GOES >= C1 flare within 15 min,2 false alarms/day on validation,C1.4,C,2026-06-02 04:11,2026-06-02 04:23,12.0,42,1.0,True,3.0,-9.0,False,,,False,,,True,42.0,30.0,True,5.0,-7.0,True,5.0,-7.0,False,,,,,,,,,
GOES >= C1 flare within 15 min,2 false alarms/day on validation,M1.2,M,2026-06-02 04:42,2026-06-02 04:45,3.0,21,1.0,True,21.0,18.0,True,0.0,-3.0,True,0.0,-3.0,True,21.0,18.0,False,,,False,,,False,,,,,,,,,
GOES >= C1 flare within 15 min,2 false alarms/day on validation,C3.1,C,2026-06-02 06:46,2026-06-02 06:59,13.0,43,1.0,True,6.0,-7.0,True,3.0,-10.0,True,0.0,-13.0,True,43.0,30.0,True,6.0,-7.0,True,6.0,-7.0,False,,,,,,,,,
GOES >= C1 flare within 15 min,2 false alarms/day on validation,C1.2,C,2026-06-02 07:51,2026-06-02 07:55,4.0,34,1.0,True,0.0,-4.0,False,,,False,,,True,34.0,30.0,False,,,False,,,False,,,,,,,,,
GOES >= C1 flare within 15 min,2 false alarms/day on validation,C1.4,C,2026-06-02 08:21,2026-06-02 08:29,8.0,33,1.0,True,0.0,-8.0,False,,,False,,,True,33.0,25.0,True,32.0,24.0,True,32.0,24.0,False,,,,,,,,,
GOES >= C1 flare within 15 min,2 false alarms/day on validation,C3.7,C,2026-06-02 08:31,2026-06-02 08:44,13.0,14,1.0,True,9.0,-4.0,True,6.0,-7.0,True,6.0,-7.0,True,14.0,1.0,True,5.0,-8.0,True,5.0,-8.0,False,,,,,,,,,
GOES >= C1 flare within 15 min,2 false alarms/day on validation,M1.2,M,2026-06-02 09:51,2026-06-02 10:05,14.0,44,1.0,True,6.0,-8.0,True,6.0,-8.0,True,5.0,-9.0,True,44.0,30.0,True,5.0,-9.0,True,5.0,-9.0,False,,,,,,,,,
GOES >= C1 flare within 15 min,2 false alarms/day on validation,C4.3,C,2026-06-02 10:57,2026-06-02 11:02,5.0,35,1.0,True,0.0,-5.0,True,1.0,-4.0,True,35.0,30.0,True,35.0,30.0,False,,,False,,,False,,,,,,,,,
GOES >= C1 flare within 15 min,2 false alarms/day on validation,C2.3,C,2026-06-02 13:53,2026-06-02 13:58,5.0,35,1.0,True,1.0,-4.0,True,1.0,-4.0,True,1.0,-4.0,True,35.0,30.0,False,,,False,,,False,,,,,,,,,
GOES >= C1 flare within 15 min,2 false alarms/day on validation,M3.3,M,2026-06-02 16:31,2026-06-02 16:50,19.0,49,1.0,True,11.0,-8.0,True,10.0,-9.0,True,9.0,-10.0,True,49.0,30.0,True,10.0,-9.0,True,10.0,-9.0,False,,,,,,,,,
GOES >= C1 flare within 15 min,2 false alarms/day on validation,C2.9,C,2026-06-02 18:07,2026-06-02 18:13,6.0,36,1.0,True,1.0,-5.0,True,1.0,-5.0,True,1.0,-5.0,True,36.0,30.0,True,0.0,-6.0,True,0.0,-6.0,False,,,,,,,,,
GOES >= C1 flare within 15 min,2 false alarms/day on validation,C2.4,C,2026-06-02 18:35,2026-06-02 18:41,6.0,27,1.0,True,27.0,21.0,True,27.0,21.0,True,27.0,21.0,True,27.0,21.0,True,27.0,21.0,True,27.0,21.0,False,,,,,,,,,
GOES >= C1 flare within 15 min,2 false alarms/day on validation,C4.2,C,2026-06-02 20:24,2026-06-02 20:39,15.0,45,1.0,True,8.0,-7.0,True,7.0,-8.0,True,5.0,-10.0,True,45.0,30.0,True,7.0,-8.0,True,7.0,-8.0,False,,,,,,,,,
GOES >= C1 flare within 15 min,2 false alarms/day on validation,C4.0,C,2026-06-03 00:22,2026-06-03 00:46,24.0,54,1.0,True,17.0,-7.0,True,14.0,-10.0,True,13.0,-11.0,True,54.0,30.0,True,16.0,-8.0,True,16.0,-8.0,False,,,,,,,,,
GOES >= C1 flare within 15 min,2 false alarms/day on validation,C2.0,C,2026-06-03 01:11,2026-06-03 01:15,4.0,28,1.0,True,28.0,24.0,True,0.0,-4.0,True,28.0,24.0,True,28.0,24.0,False,,,False,,,False,,,,,,,,,
GOES >= C1 flare within 15 min,2 false alarms/day on validation,M9.3,M,2026-06-03 01:22,2026-06-03 01:36,14.0,20,1.0,True,20.0,6.0,True,20.0,6.0,True,9.0,-5.0,True,20.0,6.0,True,19.0,5.0,True,19.0,5.0,False,,,,,,,,,
GOES >= C1 flare within 15 min,2 false alarms/day on validation,C1.8,C,2026-06-03 03:24,2026-06-03 03:34,10.0,40,1.0,True,3.0,-7.0,False,,,False,,,True,40.0,30.0,True,1.0,-9.0,True,1.0,-9.0,False,,,,,,,,,
GOES >= C1 flare within 15 min,2 false alarms/day on validation,C2.1,C,2026-06-03 04:50,2026-06-03 04:55,5.0,35,1.0,True,1.0,-4.0,True,1.0,-4.0,False,,,True,35.0,30.0,True,0.0,-5.0,True,0.0,-5.0,False,,,,,,,,,
GOES >= C1 flare within 15 min,2 false alarms/day on validation,M7.7,M,2026-06-03 06:49,2026-06-03 07:00,11.0,41,1.0,True,5.0,-6.0,True,5.0,-6.0,True,3.0,-8.0,True,41.0,30.0,True,5.0,-6.0,True,5.0,-6.0,False,,,,,,,,,
GOES >= C1 flare within 15 min,2 false alarms/day on validation,C2.4,C,2026-06-03 10:53,2026-06-03 10:59,6.0,36,1.0,True,1.0,-5.0,True,1.0,-5.0,True,0.0,-6.0,True,36.0,30.0,True,0.0,-6.0,True,0.0,-6.0,False,,,,,,,,,
GOES >= C1 flare within 15 min,2 false alarms/day on validation,X1.0,X,2026-06-03 11:19,2026-06-03 11:28,9.0,28,1.0,True,28.0,19.0,True,28.0,19.0,True,28.0,19.0,True,28.0,19.0,True,28.0,19.0,True,28.0,19.0,False,,,,,,,,,
GOES >= C1 flare within 15 min,2 false alarms/day on validation,C1.7,C,2026-06-03 15:26,2026-06-03 15:36,10.0,40,1.0,True,3.0,-7.0,True,2.0,-8.0,False,,,True,40.0,30.0,True,2.0,-8.0,True,2.0,-8.0,False,,,,,,,,,
GOES >= C1 flare within 15 min,2 false alarms/day on validation,C1.5,C,2026-06-03 19:21,2026-06-03 19:26,5.0,35,1.0,True,1.0,-4.0,True,0.0,-5.0,False,,,True,35.0,30.0,True,1.0,-4.0,True,1.0,-4.0,False,,,,,,,,,
GOES >= C1 flare within 15 min,2 false alarms/day on validation,C1.8,C,2026-06-03 20:46,2026-06-03 20:52,6.0,36,1.0,False,,,False,,,False,,,True,36.0,30.0,False,,,False,,,False,,,,,,,,,
GOES >= C1 flare within 15 min,2 false alarms/day on validation,C5.1,C,2026-06-03 23:27,2026-06-03 23:43,16.0,46,1.0,True,12.0,-4.0,True,11.0,-5.0,True,10.0,-6.0,True,46.0,30.0,True,18.0,2.0,True,18.0,2.0,False,,,,,,,,,
GOES >= C1 flare within 15 min,2 false alarms/day on validation,C1.4,C,2026-06-05 02:17,2026-06-05 02:21,4.0,12,1.0,True,12.0,8.0,False,,,False,,,True,12.0,8.0,True,12.0,8.0,True,12.0,8.0,False,,,,,,,,,
GOES >= C1 flare within 15 min,2 false alarms/day on validation,C1.7,C,2026-06-05 11:40,2026-06-05 11:47,7.0,37,1.0,True,0.0,-7.0,False,,,False,,,True,37.0,30.0,False,,,False,,,False,,,,,,,,,
GOES >= C1 flare within 15 min,2 false alarms/day on validation,C1.9,C,2026-06-05 11:51,2026-06-05 11:54,3.0,6,1.0,True,6.0,3.0,True,6.0,3.0,False,,,True,6.0,3.0,True,6.0,3.0,True,6.0,3.0,False,,,,,,,,,
GOES >= C1 flare within 15 min,2 false alarms/day on validation,C1.5,C,2026-06-05 13:20,2026-06-05 13:25,5.0,35,1.0,False,,,False,,,False,,,True,35.0,30.0,False,,,False,,,False,,,,,,,,,
GOES >= C1 flare within 15 min,2 false alarms/day on validation,C4.1,C,2026-06-05 14:52,2026-06-05 15:03,11.0,41,1.0,True,6.0,-5.0,True,6.0,-5.0,True,5.0,-6.0,True,41.0,30.0,True,5.0,-6.0,True,5.0,-6.0,False,,,,,,,,,
GOES >= C1 flare within 15 min,2 false alarms/day on validation,C3.9,C,2026-06-05 15:10,2026-06-05 15:13,3.0,9,1.0,True,9.0,6.0,True,9.0,6.0,True,9.0,6.0,True,9.0,6.0,False,,,False,,,False,,,,,,,,,
GOES >= C1 flare within 15 min,2 false alarms/day on validation,C1.4,C,2026-06-05 18:15,2026-06-05 18:22,7.0,37,1.0,True,0.0,-7.0,False,,,False,,,True,37.0,30.0,False,,,False,,,False,,,,,,,,,
GOES >= C1 flare within 15 min,2 false alarms/day on validation,C3.8,C,2026-06-05 18:31,2026-06-05 18:54,23.0,31,1.0,True,31.0,8.0,True,17.0,-6.0,True,7.0,-16.0,True,31.0,8.0,True,31.0,8.0,True,31.0,8.0,False,,,,,,,,,
GOES >= C1 flare within 15 min,2 false alarms/day on validation,C4.7,C,2026-06-05 22:18,2026-06-05 22:45,27.0,57,1.0,True,24.0,-3.0,True,18.0,-9.0,True,19.0,-8.0,True,57.0,30.0,True,23.0,-4.0,True,23.0,-4.0,False,,,,,,,,,
GOES >= C1 flare within 15 min,2 false alarms/day on validation,C2.1,C,2026-06-06 03:52,2026-06-06 03:59,7.0,37,1.0,True,0.0,-7.0,True,1.0,-6.0,False,,,True,37.0,30.0,False,,,False,,,False,,,,,,,,,
GOES >= C1 flare within 15 min,2 false alarms/day on validation,C1.7,C,2026-06-06 04:10,2026-06-06 04:16,6.0,16,1.0,True,16.0,10.0,True,16.0,10.0,True,16.0,10.0,True,16.0,10.0,True,15.0,9.0,True,15.0,9.0,False,,,,,,,,,
GOES >= C1 flare within 15 min,2 false alarms/day on validation,C3.1,C,2026-06-06 06:23,2026-06-06 06:30,7.0,37,1.0,True,1.0,-6.0,True,1.0,-6.0,True,1.0,-6.0,True,37.0,30.0,True,0.0,-7.0,True,0.0,-7.0,False,,,,,,,,,
GOES >= C1 flare within 15 min,2 false alarms/day on validation,C1.8,C,2026-06-06 11:49,2026-06-06 11:57,8.0,38,1.0,True,1.0,-7.0,True,1.0,-7.0,False,,,True,38.0,30.0,True,1.0,-7.0,True,1.0,-7.0,False,,,,,,,,,
GOES >= C1 flare within 15 min,2 false alarms/day on validation,C8.8,C,2026-06-06 13:04,2026-06-06 13:18,14.0,44,1.0,True,7.0,-7.0,True,6.0,-8.0,True,4.0,-10.0,True,44.0,30.0,True,5.0,-9.0,True,5.0,-9.0,False,,,,,,,,,
GOES >= C1 flare within 15 min,2 false alarms/day on validation,M1.8,M,2026-06-06 13:40,2026-06-06 14:01,21.0,42,1.0,True,42.0,21.0,True,42.0,21.0,True,42.0,21.0,True,42.0,21.0,True,15.0,-6.0,True,15.0,-6.0,False,,,,,,,,,
GOES >= C1 flare within 15 min,2 false alarms/day on validation,C2.0,C,2026-06-07 01:45,2026-06-07 01:53,8.0,38,1.0,True,2.0,-6.0,True,2.0,-6.0,False,,,True,38.0,30.0,False,,,False,,,False,,,,,,,,,
GOES >= C1 flare within 15 min,2 false alarms/day on validation,C1.9,C,2026-06-07 02:21,2026-06-07 02:30,9.0,36,1.0,True,36.0,27.0,True,36.0,27.0,False,,,True,36.0,27.0,True,36.0,27.0,True,36.0,27.0,False,,,,,,,,,
GOES >= C1 flare within 15 min,2 false alarms/day on validation,C1.9,C,2026-06-07 02:38,2026-06-07 02:43,5.0,12,1.0,True,8.0,3.0,False,,,False,,,True,12.0,7.0,False,,,False,,,False,,,,,,,,,
GOES >= C1 flare within 15 min,2 false alarms/day on validation,C3.3,C,2026-06-07 04:10,2026-06-07 04:19,9.0,39,1.0,True,3.0,-6.0,True,3.0,-6.0,True,1.0,-8.0,True,39.0,30.0,True,3.0,-6.0,True,3.0,-6.0,False,,,,,,,,,
GOES >= C1 flare within 15 min,2 false alarms/day on validation,C1.7,C,2026-06-07 05:27,2026-06-07 05:33,6.0,36,1.0,False,,,False,,,False,,,True,36.0,30.0,False,,,False,,,False,,,,,,,,,
GOES >= C1 flare within 15 min,2 false alarms/day on validation,C2.5,C,2026-06-07 05:41,2026-06-07 05:49,8.0,15,1.0,True,15.0,7.0,True,1.0,-7.0,True,1.0,-7.0,True,15.0,7.0,True,0.0,-8.0,True,0.0,-8.0,False,,,,,,,,,
GOES >= C1 flare within 15 min,2 false alarms/day on validation,C1.7,C,2026-06-07 06:36,2026-06-07 06:44,8.0,38,1.0,True,0.0,-8.0,False,,,False,,,True,38.0,30.0,True,5.0,-3.0,True,5.0,-3.0,False,,,,,,,,,
GOES >= C1 flare within 15 min,2 false alarms/day on validation,C1.5,C,2026-06-07 07:55,2026-06-07 08:01,6.0,36,1.0,True,0.0,-6.0,False,,,False,,,True,36.0,30.0,True,0.0,-6.0,True,0.0,-6.0,False,,,,,,,,,
GOES >= C1 flare within 15 min,2 false alarms/day on validation,C2.4,C,2026-06-07 08:16,2026-06-07 08:26,10.0,24,1.0,True,24.0,14.0,True,24.0,14.0,True,1.0,-9.0,True,24.0,14.0,True,24.0,14.0,True,24.0,14.0,False,,,,,,,,,
GOES >= C1 flare within 15 min,2 false alarms/day on validation,C1.6,C,2026-06-07 09:17,2026-06-07 09:28,11.0,41,1.0,True,4.0,-7.0,True,3.0,-8.0,False,,,True,41.0,30.0,True,3.0,-8.0,True,3.0,-8.0,False,,,,,,,,,
GOES >= C1 flare within 15 min,2 false alarms/day on validation,C1.4,C,2026-06-07 13:21,2026-06-07 13:30,9.0,39,1.0,True,1.0,-8.0,True,1.0,-8.0,False,,,True,39.0,30.0,True,1.0,-8.0,True,1.0,-8.0,False,,,,,,,,,
GOES >= C1 flare within 15 min,2 false alarms/day on validation,C1.5,C,2026-06-07 13:42,2026-06-07 13:45,3.0,14,1.0,True,14.0,11.0,True,14.0,11.0,False,,,True,14.0,11.0,True,14.0,11.0,True,14.0,11.0,False,,,,,,,,,
GOES >= C1 flare within 15 min,2 false alarms/day on validation,C2.1,C,2026-06-07 13:50,2026-06-07 13:58,8.0,12,1.0,True,12.0,4.0,True,2.0,-6.0,True,2.0,-6.0,True,12.0,4.0,True,11.0,3.0,True,11.0,3.0,False,,,,,,,,,
GOES >= C1 flare within 15 min,2 false alarms/day on validation,C1.7,C,2026-06-07 15:41,2026-06-07 15:58,17.0,47,1.0,True,10.0,-7.0,False,,,False,,,True,47.0,30.0,True,9.0,-8.0,True,9.0,-8.0,False,,,,,,,,,
GOES >= C1 flare within 15 min,2 false alarms/day on validation,C1.7,C,2026-06-07 16:40,2026-06-07 16:51,11.0,41,1.0,True,4.0,-7.0,False,,,False,,,True,41.0,30.0,True,3.0,-8.0,True,3.0,-8.0,False,,,,,,,,,
GOES >= C1 flare within 15 min,2 false alarms/day on validation,C1.2,C,2026-06-07 18:55,2026-06-07 19:02,7.0,37,1.0,False,,,False,,,False,,,True,37.0,30.0,False,,,False,,,False,,,,,,,,,
GOES >= C1 flare within 15 min,2 false alarms/day on validation,C1.3,C,2026-06-07 19:27,2026-06-07 19:33,6.0,30,1.0,True,30.0,24.0,False,,,False,,,True,30.0,24.0,True,30.0,24.0,True,30.0,24.0,False,,,,,,,,,
GOES >= C1 flare within 15 min,2 false alarms/day on validation,C3.1,C,2026-06-08 02:14,2026-06-08 02:28,14.0,44,1.0,True,6.0,-8.0,True,6.0,-8.0,True,5.0,-9.0,True,44.0,30.0,True,7.0,-7.0,True,7.0,-7.0,False,,,,,,,,,
GOES >= C1 flare within 15 min,2 false alarms/day on validation,C7.2,C,2026-06-08 02:36,2026-06-08 02:49,13.0,20,1.0,True,20.0,7.0,True,20.0,7.0,True,20.0,7.0,True,20.0,7.0,True,20.0,7.0,True,20.0,7.0,False,,,,,,,,,
GOES >= C1 flare within 15 min,2 false alarms/day on validation,C1.6,C,2026-06-08 04:13,2026-06-08 04:21,8.0,38,1.0,True,1.0,-7.0,False,,,False,,,True,38.0,30.0,True,0.0,-8.0,True,0.0,-8.0,False,,,,,,,,,
GOES >= C1 flare within 15 min,2 false alarms/day on validation,C4.5,C,2026-06-08 05:00,2026-06-08 05:10,10.0,40,1.0,True,2.0,-8.0,True,2.0,-8.0,True,2.0,-8.0,True,40.0,30.0,True,2.0,-8.0,True,2.0,-8.0,False,,,,,,,,,
GOES >= C1 flare within 15 min,2 false alarms/day on validation,C1.5,C,2026-06-08 06:31,2026-06-08 06:38,7.0,37,1.0,False,,,False,,,False,,,True,37.0,30.0,False,,,False,,,False,,,,,,,,,
GOES >= C1 flare within 15 min,2 false alarms/day on validation,C1.3,C,2026-06-08 08:21,2026-06-08 08:29,8.0,38,1.0,True,0.0,-8.0,False,,,False,,,True,38.0,30.0,False,,,False,,,False,,,,,,,,,
GOES >= C1 flare within 15 min,2 false alarms/day on validation,C1.4,C,2026-06-08 12:35,2026-06-08 12:41,6.0,36,1.0,True,0.0,-6.0,False,,,False,,,True,36.0,30.0,False,,,False,,,False,,,,,,,,,
GOES >= C1 flare within 15 min,2 false alarms/day on validation,C1.3,C,2026-06-08 17:29,2026-06-08 17:33,4.0,34,1.0,False,,,False,,,False,,,True,34.0,30.0,False,,,False,,,False,,,,,,,,,
GOES >= C1 flare within 15 min,2 false alarms/day on validation,C1.5,C,2026-06-10 13:17,2026-06-10 13:26,9.0,39,0.91,True,2.0,-7.0,True,2.0,-7.0,False,,,True,39.0,30.0,True,28.0,19.0,True,1.0,-8.0,False,,,,,,,,,
GOES >= C1 flare within 15 min,2 false alarms/day on validation,C6.7,C,2026-06-10 23:30,2026-06-11 00:02,32.0,62,1.0,True,26.0,-6.0,True,21.0,-11.0,True,21.0,-11.0,True,62.0,30.0,True,28.0,-4.0,True,28.0,-4.0,False,,,,,,,,,
GOES >= C1 flare within 15 min,2 false alarms/day on validation,C6.2,C,2026-06-11 00:37,2026-06-11 00:44,7.0,37,1.0,True,37.0,30.0,True,26.0,19.0,True,37.0,30.0,True,37.0,30.0,False,,,False,,,False,,,,,,,,,
GOES >= C1 flare within 15 min,2 false alarms/day on validation,C1.2,C,2026-06-11 06:38,2026-06-11 06:47,9.0,39,1.0,True,2.0,-7.0,True,1.0,-8.0,False,,,True,39.0,30.0,False,,,False,,,False,,,,,,,,,
GOES >= C1 flare within 15 min,2 false alarms/day on validation,C1.5,C,2026-06-11 08:00,2026-06-11 08:07,7.0,37,1.0,True,1.0,-6.0,False,,,False,,,True,37.0,30.0,False,,,False,,,False,,,,,,,,,
GOES >= C1 flare within 15 min,2 false alarms/day on validation,C9.0,C,2026-06-11 08:22,2026-06-11 08:28,6.0,20,1.0,True,20.0,14.0,True,1.0,-5.0,True,1.0,-5.0,True,20.0,14.0,True,20.0,14.0,True,20.0,14.0,False,,,,,,,,,
GOES >= C1 flare within 15 min,2 false alarms/day on validation,C1.3,C,2026-06-11 11:24,2026-06-11 11:36,12.0,42,1.0,True,4.0,-8.0,True,2.0,-10.0,False,,,True,42.0,30.0,True,4.0,-8.0,True,4.0,-8.0,False,,,,,,,,,
GOES >= C1 flare within 15 min,2 false alarms/day on validation,C1.1,C,2026-06-11 17:06,2026-06-11 17:14,8.0,38,1.0,True,0.0,-8.0,False,,,False,,,True,38.0,30.0,True,38.0,30.0,True,0.0,-8.0,False,,,,,,,,,
GOES >= C1 flare within 15 min,2 false alarms/day on validation,C1.1,C,2026-06-11 20:05,2026-06-11 20:18,13.0,43,1.0,True,7.0,-6.0,False,,,False,,,True,43.0,30.0,True,6.0,-7.0,True,6.0,-7.0,False,,,,,,,,,
GOES >= C1 flare within 15 min,2 false alarms/day on validation,C1.5,C,2026-06-11 21:32,2026-06-11 21:40,8.0,38,1.0,True,1.0,-7.0,False,,,False,,,True,38.0,30.0,True,0.0,-8.0,True,0.0,-8.0,False,,,,,,,,,
GOES >= C1 flare within 15 min,2 false alarms/day on validation,C1.0,C,2026-06-12 12:12,2026-06-12 12:18,6.0,36,1.0,True,1.0,-5.0,True,0.0,-6.0,False,,,True,36.0,30.0,True,0.0,-6.0,True,0.0,-6.0,False,,,,,,,,,
GOES >= C1 flare within 15 min,2 false alarms/day on validation,C1.8,C,2026-06-13 02:00,2026-06-13 02:17,17.0,47,1.0,True,11.0,-6.0,True,1.0,-16.0,False,,,True,47.0,30.0,True,11.0,-6.0,True,11.0,-6.0,False,,,,,,,,,
GOES >= C1 flare within 15 min,2 false alarms/day on validation,C2.4,C,2026-06-13 12:40,2026-06-13 13:09,29.0,59,1.0,True,18.0,-11.0,True,17.0,-12.0,True,12.0,-17.0,True,59.0,30.0,True,19.0,-10.0,True,19.0,-10.0,False,,,,,,,,,
GOES >= C1 flare within 15 min,2 false alarms/day on validation,C1.5,C,2026-06-14 08:48,2026-06-14 08:55,7.0,37,1.0,True,0.0,-7.0,True,0.0,-7.0,False,,,True,37.0,30.0,False,,,False,,,False,,,,,,,,,
GOES >= C1 flare within 15 min,2 false alarms/day on validation,C1.0,C,2026-06-14 12:31,2026-06-14 12:36,5.0,35,1.0,True,16.0,11.0,True,16.0,11.0,False,,,True,35.0,30.0,True,16.0,11.0,True,16.0,11.0,False,,,,,,,,,
GOES >= C1 flare within 15 min,2 false alarms/day on validation,C1.2,C,2026-06-14 12:50,2026-06-14 13:02,12.0,25,1.0,True,25.0,13.0,False,,,False,,,True,25.0,13.0,True,25.0,13.0,True,25.0,13.0,False,,,,,,,,,
GOES >= C1 flare within 15 min,2 false alarms/day on validation,C1.7,C,2026-06-15 01:50,2026-06-15 02:13,23.0,53,1.0,True,15.0,-8.0,True,5.0,-18.0,False,,,True,53.0,30.0,True,14.0,-9.0,True,5.0,-18.0,False,,,,,,,,,
GOES >= C1 flare within 15 min,2 false alarms/day on validation,C1.0,C,2026-06-15 07:31,2026-06-15 07:38,7.0,37,1.0,True,2.0,-5.0,False,,,False,,,True,37.0,30.0,True,34.0,27.0,True,1.0,-6.0,False,,,,,,,,,
GOES >= C1 flare within 15 min,2 false alarms/day on validation,C1.7,C,2026-06-15 09:48,2026-06-15 09:56,8.0,38,1.0,True,1.0,-7.0,True,1.0,-7.0,True,0.0,-8.0,True,38.0,30.0,True,1.0,-7.0,True,1.0,-7.0,False,,,,,,,,,
GOES >= C1 flare within 15 min,2 false alarms/day on validation,C1.4,C,2026-06-15 11:44,2026-06-15 11:52,8.0,38,1.0,True,3.0,-5.0,True,3.0,-5.0,False,,,True,38.0,30.0,True,17.0,9.0,True,2.0,-6.0,False,,,,,,,,,
GOES >= C1 flare within 15 min,2 false alarms/day on validation,C1.9,C,2026-06-15 18:46,2026-06-15 18:51,5.0,35,1.0,True,0.0,-5.0,True,0.0,-5.0,False,,,True,35.0,30.0,True,0.0,-5.0,True,0.0,-5.0,False,,,,,,,,,
GOES >= C1 flare within 15 min,2 false alarms/day on validation,C1.6,C,2026-06-16 00:43,2026-06-16 00:48,5.0,35,1.0,False,,,True,0.0,-5.0,False,,,True,35.0,30.0,False,,,False,,,False,,,,,,,,,
GOES >= C1 flare within 15 min,2 false alarms/day on validation,C1.0,C,2026-06-16 15:28,2026-06-16 15:32,4.0,34,1.0,False,,,False,,,False,,,True,34.0,30.0,False,,,False,,,False,,,,,,,,,
GOES >= C1 flare within 15 min,2 false alarms/day on validation,C1.0,C,2026-06-18 07:38,2026-06-18 07:46,8.0,38,1.0,True,11.0,3.0,True,1.0,-7.0,False,,,True,38.0,30.0,True,10.0,2.0,True,1.0,-7.0,False,,,,,,,,,
GOES >= C1 flare within 15 min,2 false alarms/day on validation,C1.7,C,2026-06-18 11:42,2026-06-18 11:50,8.0,38,1.0,True,27.0,19.0,True,3.0,-5.0,True,1.0,-7.0,True,38.0,30.0,True,29.0,21.0,True,29.0,21.0,False,,,,,,,,,
GOES >= C1 flare within 15 min,2 false alarms/day on validation,C1.2,C,2026-06-18 21:49,2026-06-18 22:04,15.0,45,1.0,True,8.0,-7.0,True,7.0,-8.0,False,,,True,45.0,30.0,True,8.0,-7.0,True,8.0,-7.0,False,,,,,,,,,
GOES >= C1 flare within 15 min,2 false alarms/day on validation,C4.2,C,2026-06-19 19:26,2026-06-19 19:38,12.0,42,1.0,True,8.0,-4.0,True,8.0,-4.0,True,6.0,-6.0,True,42.0,30.0,True,6.0,-6.0,True,6.0,-6.0,False,,,,,,,,,
GOES >= C1 flare within 15 min,2 false alarms/day on validation,M1.3,M,2026-06-20 01:26,2026-06-20 01:51,25.0,55,1.0,True,29.0,4.0,True,10.0,-15.0,True,10.0,-15.0,True,55.0,30.0,True,27.0,2.0,True,27.0,2.0,False,,,,,,,,,
GOES >= C1 flare within 15 min,2 false alarms/day on validation,C1.4,C,2026-06-20 02:59,2026-06-20 03:07,8.0,38,1.0,False,,,False,,,False,,,True,38.0,30.0,False,,,False,,,False,,,,,,,,,
GOES >= C1 flare within 15 min,2 false alarms/day on validation,C1.9,C,2026-06-20 11:15,2026-06-20 11:27,12.0,42,1.0,True,6.0,-6.0,True,5.0,-7.0,True,1.0,-11.0,True,42.0,30.0,True,42.0,30.0,True,42.0,30.0,False,,,,,,,,,
GOES >= C1 flare within 15 min,2 false alarms/day on validation,C1.9,C,2026-06-20 12:06,2026-06-20 12:20,14.0,44,0.97,True,8.0,-6.0,True,8.0,-6.0,True,2.0,-12.0,True,44.0,30.0,True,8.0,-6.0,True,8.0,-6.0,False,,,,,,,,,
GOES >= C1 flare within 15 min,2 false alarms/day on validation,M1.0,M,2026-06-20 14:50,2026-06-20 15:00,10.0,40,1.0,True,1.0,-9.0,True,2.0,-8.0,True,1.0,-9.0,True,40.0,30.0,True,1.0,-9.0,True,1.0,-9.0,False,,,,,,,,,
GOES >= C1 flare within 15 min,2 false alarms/day on validation,C4.8,C,2026-06-20 21:22,2026-06-20 21:45,23.0,53,1.0,True,14.0,-9.0,True,12.0,-11.0,True,11.0,-12.0,True,53.0,30.0,True,13.0,-10.0,True,13.0,-10.0,False,,,,,,,,,
GOES >= C1 flare within 15 min,2 false alarms/day on validation,C1.3,C,2026-06-20 23:01,2026-06-20 23:06,5.0,35,1.0,False,,,False,,,False,,,True,35.0,30.0,False,,,False,,,False,,,,,,,,,
GOES >= C1 flare within 15 min,2 false alarms/day on validation,C1.1,C,2026-06-21 01:01,2026-06-21 01:06,5.0,35,1.0,True,0.0,-5.0,True,0.0,-5.0,False,,,True,35.0,30.0,False,,,False,,,False,,,,,,,,,
GOES >= C1 flare within 15 min,2 false alarms/day on validation,M2.6,M,2026-06-21 02:25,2026-06-21 02:46,21.0,51,1.0,True,9.0,-12.0,True,8.0,-13.0,True,8.0,-13.0,True,51.0,30.0,True,14.0,-7.0,False,,,False,,,,,,,,,
GOES >= C1 flare within 15 min,2 false alarms/day on validation,C1.1,C,2026-06-21 08:31,2026-06-21 08:38,7.0,37,1.0,True,0.0,-7.0,True,0.0,-7.0,False,,,True,37.0,30.0,True,24.0,17.0,False,,,False,,,,,,,,,
GOES >= C1 flare within 15 min,2 false alarms/day on validation,C2.6,C,2026-06-21 18:07,2026-06-21 18:18,11.0,41,1.0,True,3.0,-8.0,True,3.0,-8.0,True,3.0,-8.0,True,41.0,30.0,True,3.0,-8.0,True,3.0,-8.0,False,,,,,,,,,
GOES >= C1 flare within 15 min,2 false alarms/day on validation,M6.8,M,2026-06-21 19:17,2026-06-21 19:29,12.0,42,1.0,True,4.0,-8.0,True,4.0,-8.0,True,4.0,-8.0,True,42.0,30.0,True,2.0,-10.0,True,2.0,-10.0,False,,,,,,,,,
GOES >= C1 flare within 15 min,2 false alarms/day on validation,C2.6,C,2026-06-21 22:30,2026-06-21 22:34,4.0,34,1.0,True,0.0,-4.0,True,2.0,-2.0,True,34.0,30.0,True,34.0,30.0,False,,,False,,,False,,,,,,,,,
GOES >= C1 flare within 15 min,2 false alarms/day on validation,C3.8,C,2026-06-23 22:01,2026-06-23 22:24,23.0,53,1.0,True,15.0,-8.0,True,16.0,-7.0,True,17.0,-6.0,True,53.0,30.0,True,15.0,-8.0,True,15.0,-8.0,False,,,,,,,,,
GOES >= C1 flare within 15 min,2 false alarms/day on validation,C6.0,C,2026-06-23 23:03,2026-06-23 23:14,11.0,41,1.0,True,41.0,30.0,True,16.0,5.0,True,41.0,30.0,True,41.0,30.0,True,13.0,2.0,True,13.0,2.0,False,,,,,,,,,
GOES >= C1 flare within 15 min,2 false alarms/day on validation,C8.7,C,2026-06-23 23:18,2026-06-23 23:25,7.0,10,1.0,True,10.0,3.0,True,10.0,3.0,True,10.0,3.0,True,10.0,3.0,True,10.0,3.0,True,10.0,3.0,False,,,,,,,,,
GOES >= C1 flare within 15 min,2 false alarms/day on validation,C3.5,C,2026-06-24 00:34,2026-06-24 01:04,30.0,60,1.0,True,22.0,-8.0,True,18.0,-12.0,True,20.0,-10.0,True,60.0,30.0,True,22.0,-8.0,True,22.0,-8.0,False,,,,,,,,,
GOES >= C1 flare within 15 min,2 false alarms/day on validation,C1.9,C,2026-06-24 03:28,2026-06-24 03:40,12.0,42,1.0,True,7.0,-5.0,True,6.0,-6.0,True,4.0,-8.0,True,42.0,30.0,True,6.0,-6.0,True,6.0,-6.0,False,,,,,,,,,
GOES >= C1 flare within 15 min,2 false alarms/day on validation,C2.7,C,2026-06-24 03:44,2026-06-24 03:53,9.0,12,1.0,True,12.0,3.0,True,3.0,-6.0,True,12.0,3.0,True,12.0,3.0,True,2.0,-7.0,True,2.0,-7.0,False,,,,,,,,,
GOES >= C1 flare within 15 min,2 false alarms/day on validation,C2.6,C,2026-06-24 06:40,2026-06-24 06:51,11.0,41,1.0,True,5.0,-6.0,True,4.0,-7.0,True,5.0,-6.0,True,41.0,30.0,True,6.0,-5.0,True,6.0,-5.0,False,,,,,,,,,
GOES >= C1 flare within 15 min,2 false alarms/day on validation,C3.5,C,2026-06-24 07:07,2026-06-24 07:11,4.0,19,1.0,True,19.0,15.0,True,19.0,15.0,True,19.0,15.0,True,19.0,15.0,True,19.0,15.0,True,19.0,15.0,False,,,,,,,,,
GOES >= C1 flare within 15 min,2 false alarms/day on validation,C1.9,C,2026-06-24 08:56,2026-06-24 09:03,7.0,37,1.0,True,0.0,-7.0,True,0.0,-7.0,False,,,True,37.0,30.0,True,20.0,13.0,True,20.0,13.0,False,,,,,,,,,
GOES >= C1 flare within 15 min,2 false alarms/day on validation,C1.8,C,2026-06-24 09:08,2026-06-24 09:11,3.0,7,1.0,True,7.0,4.0,True,7.0,4.0,True,7.0,4.0,True,7.0,4.0,True,6.0,3.0,True,6.0,3.0,False,,,,,,,,,
GOES >= C1 flare within 15 min,2 false alarms/day on validation,C1.8,C,2026-06-24 09:58,2026-06-24 10:03,5.0,35,1.0,True,0.0,-5.0,True,0.0,-5.0,False,,,True,35.0,30.0,False,,,False,,,False,,,,,,,,,
GOES >= C1 flare within 15 min,2 false alarms/day on validation,C3.8,C,2026-06-24 14:28,2026-06-24 14:41,13.0,43,1.0,True,7.0,-6.0,True,6.0,-7.0,True,7.0,-6.0,True,43.0,30.0,True,5.0,-8.0,True,5.0,-8.0,False,,,,,,,,,
GOES >= C1 flare within 15 min,2 false alarms/day on validation,C2.6,C,2026-06-24 16:08,2026-06-24 16:15,7.0,37,1.0,True,0.0,-7.0,True,0.0,-7.0,True,0.0,-7.0,True,37.0,30.0,True,1.0,-6.0,True,1.0,-6.0,False,,,,,,,,,
GOES >= C1 flare within 15 min,2 false alarms/day on validation,C2.5,C,2026-06-24 18:32,2026-06-24 18:42,10.0,40,1.0,True,3.0,-7.0,True,2.0,-8.0,True,4.0,-6.0,True,40.0,30.0,True,7.0,-3.0,True,7.0,-3.0,False,,,,,,,,,
GOES >= C1 flare within 15 min,2 false alarms/day on validation,C1.4,C,2026-06-24 20:22,2026-06-24 20:31,9.0,39,1.0,True,1.0,-8.0,False,,,False,,,True,39.0,30.0,True,1.0,-8.0,True,1.0,-8.0,False,,,,,,,,,
GOES >= C1 flare within 15 min,2 false alarms/day on validation,C2.6,C,2026-06-24 22:02,2026-06-24 22:15,13.0,43,1.0,True,8.0,-5.0,True,7.0,-6.0,True,8.0,-5.0,True,43.0,30.0,True,6.0,-7.0,True,6.0,-7.0,False,,,,,,,,,
GOES >= C1 flare within 15 min,2 false alarms/day on validation,C4.0,C,2026-06-25 02:37,2026-06-25 02:54,17.0,47,1.0,True,12.0,-5.0,True,11.0,-6.0,True,12.0,-5.0,True,47.0,30.0,True,10.0,-7.0,True,10.0,-7.0,False,,,,,,,,,
GOES >= C1 flare within 15 min,2 false alarms/day on validation,C2.1,C,2026-06-25 05:32,2026-06-25 05:47,15.0,45,1.0,True,40.0,25.0,True,6.0,-9.0,True,3.0,-12.0,True,45.0,30.0,True,6.0,-9.0,True,6.0,-9.0,False,,,,,,,,,
GOES >= C1 flare within 15 min,2 false alarms/day on validation,C1.6,C,2026-06-25 07:57,2026-06-25 08:03,6.0,36,1.0,True,2.0,-4.0,False,,,False,,,True,36.0,30.0,False,,,False,,,False,,,,,,,,,
GOES >= C1 flare within 15 min,2 false alarms/day on validation,C2.2,C,2026-06-25 08:58,2026-06-25 09:05,7.0,37,1.0,True,33.0,26.0,True,1.0,-6.0,True,33.0,26.0,True,37.0,30.0,True,33.0,26.0,True,33.0,26.0,False,,,,,,,,,
GOES >= C1 flare within 15 min,2 false alarms/day on validation,C2.7,C,2026-06-25 13:27,2026-06-25 13:31,4.0,34,0.39,True,1.0,-3.0,True,1.0,-3.0,True,18.0,14.0,True,34.0,30.0,False,,,False,,,False,,,,,,,,,
GOES >= C1 flare within 15 min,2 false alarms/day on validation,C6.5,C,2026-06-25 14:53,2026-06-25 15:03,10.0,40,0.0,True,1.0,-9.0,True,2.0,-8.0,True,40.0,30.0,True,40.0,30.0,True,2.0,-8.0,True,2.0,-8.0,False,,,,,,,,,
GOES >= C1 flare within 15 min,2 false alarms/day on validation,C2.4,C,2026-06-25 21:11,2026-06-25 21:14,3.0,33,0.0,True,8.0,5.0,False,,,True,0.0,-3.0,True,33.0,30.0,True,7.0,4.0,True,7.0,4.0,False,,,,,,,,,
GOES >= C1 flare within 15 min,2 false alarms/day on validation,C2.0,C,2026-06-25 21:54,2026-06-25 22:02,8.0,38,0.0,True,0.0,-8.0,True,1.0,-7.0,False,,,True,38.0,30.0,True,1.0,-7.0,True,1.0,-7.0,False,,,,,,,,,
GOES >= C1 flare within 15 min,2 false alarms/day on validation,C5.0,C,2026-06-25 23:35,2026-06-25 23:48,13.0,43,0.0,True,6.0,-7.0,True,6.0,-7.0,True,6.0,-7.0,True,43.0,30.0,True,5.0,-8.0,True,5.0,-8.0,False,,,,,,,,,
GOES >= C1 flare within 15 min,2 false alarms/day on validation,C5.7,C,2026-06-26 12:23,2026-06-26 12:48,25.0,55,1.0,True,19.0,-6.0,True,9.0,-16.0,True,19.0,-6.0,True,55.0,30.0,True,16.0,-9.0,True,16.0,-9.0,False,,,,,,,,,
GOES >= C1 flare within 15 min,2 false alarms/day on validation,C1.7,C,2026-06-26 13:46,2026-06-26 13:53,7.0,37,1.0,True,0.0,-7.0,False,,,False,,,True,37.0,30.0,False,,,False,,,False,,,,,,,,,
GOES >= C1 flare within 15 min,2 false alarms/day on validation,C3.5,C,2026-06-26 13:57,2026-06-26 14:04,7.0,10,1.0,True,10.0,3.0,True,2.0,-5.0,True,3.0,-4.0,True,10.0,3.0,True,1.0,-6.0,True,1.0,-6.0,False,,,,,,,,,
GOES >= C1 flare within 15 min,2 false alarms/day on validation,C2.0,C,2026-06-26 14:52,2026-06-26 15:01,9.0,39,1.0,True,3.0,-6.0,True,3.0,-6.0,True,1.0,-8.0,True,39.0,30.0,True,2.0,-7.0,True,2.0,-7.0,False,,,,,,,,,
GOES >= C1 flare within 15 min,2 false alarms/day on validation,C2.4,C,2026-06-26 20:12,2026-06-26 20:21,9.0,39,1.0,True,3.0,-6.0,True,2.0,-7.0,True,2.0,-7.0,True,39.0,30.0,True,2.0,-7.0,True,2.0,-7.0,False,,,,,,,,,
GOES >= C1 flare within 15 min,2 false alarms/day on validation,C2.3,C,2026-06-27 06:22,2026-06-27 06:26,4.0,34,1.0,False,,,False,,,False,,,True,34.0,30.0,False,,,False,,,False,,,,,,,,,
GOES >= C1 flare within 15 min,2 false alarms/day on validation,C2.1,C,2026-06-27 06:48,2026-06-27 06:54,6.0,27,1.0,True,27.0,21.0,True,27.0,21.0,True,27.0,21.0,True,27.0,21.0,True,26.0,20.0,True,26.0,20.0,False,,,,,,,,,
GOES >= C1 flare within 15 min,2 false alarms/day on validation,C2.2,C,2026-06-27 07:17,2026-06-27 07:27,10.0,32,1.0,True,5.0,-5.0,False,,,True,32.0,22.0,True,32.0,22.0,True,31.0,21.0,True,31.0,21.0,False,,,,,,,,,
GOES >= C1 flare within 15 min,2 false alarms/day on validation,C3.9,C,2026-06-27 09:08,2026-06-27 09:23,15.0,45,1.0,True,7.0,-8.0,True,37.0,22.0,True,43.0,28.0,True,45.0,30.0,True,6.0,-9.0,True,6.0,-9.0,False,,,,,,,,,
GOES >= C1 flare within 15 min,2 false alarms/day on validation,C3.1,C,2026-06-27 10:46,2026-06-27 10:53,7.0,37,1.0,False,,,True,0.0,-7.0,True,0.0,-7.0,True,37.0,30.0,False,,,False,,,False,,,,,,,,,
GOES >= C1 flare within 15 min,2 false alarms/day on validation,C2.9,C,2026-06-27 12:15,2026-06-27 12:22,7.0,37,1.0,False,,,True,0.0,-7.0,True,6.0,-1.0,True,37.0,30.0,True,1.0,-6.0,True,1.0,-6.0,False,,,,,,,,,
GOES >= C1 flare within 15 min,2 false alarms/day on validation,C1.9,C,2026-06-27 15:09,2026-06-27 15:16,7.0,37,1.0,True,1.0,-6.0,False,,,False,,,True,37.0,30.0,True,0.0,-7.0,True,0.0,-7.0,False,,,,,,,,,
GOES >= C1 flare within 15 min,2 false alarms/day on validation,C7.4,C,2026-06-27 20:53,2026-06-27 21:02,9.0,39,1.0,True,3.0,-6.0,True,4.0,-5.0,True,39.0,30.0,True,39.0,30.0,True,1.0,-8.0,True,1.0,-8.0,False,,,,,,,,,
GOES >= C1 flare within 15 min,2 false alarms/day on validation,C7.4,C,2026-06-27 21:06,2026-06-27 21:11,5.0,8,1.0,True,8.0,3.0,True,8.0,3.0,True,8.0,3.0,True,8.0,3.0,False,,,False,,,False,,,,,,,,,
GOES >= C1 flare within 15 min,2 false alarms/day on validation,C4.1,C,2026-06-28 01:44,2026-06-28 01:55,11.0,41,1.0,True,3.0,-8.0,True,3.0,-8.0,True,3.0,-8.0,True,41.0,30.0,True,0.0,-11.0,True,0.0,-11.0,False,,,,,,,,,
GOES >= C1 flare within 15 min,2 false alarms/day on validation,C2.3,C,2026-06-28 06:46,2026-06-28 06:54,8.0,38,1.0,True,1.0,-7.0,True,0.0,-8.0,True,0.0,-8.0,True,38.0,30.0,True,0.0,-8.0,True,0.0,-8.0,False,,,,,,,,,
GOES >= C1 flare within 15 min,2 false alarms/day on validation,C2.2,C,2026-06-28 07:03,2026-06-28 07:07,4.0,12,1.0,True,12.0,8.0,True,12.0,8.0,True,12.0,8.0,True,12.0,8.0,True,12.0,8.0,True,12.0,8.0,False,,,,,,,,,
GOES >= C1 flare within 15 min,2 false alarms/day on validation,C2.7,C,2026-06-28 15:01,2026-06-28 15:09,8.0,38,1.0,True,1.0,-7.0,True,1.0,-7.0,True,1.0,-7.0,True,38.0,30.0,True,0.0,-8.0,True,0.0,-8.0,False,,,,,,,,,
GOES >= C1 flare within 15 min,2 false alarms/day on validation,C2.8,C,2026-06-28 20:38,2026-06-28 20:46,8.0,38,1.0,True,1.0,-7.0,True,0.0,-8.0,True,1.0,-7.0,True,38.0,30.0,True,0.0,-8.0,True,0.0,-8.0,False,,,,,,,,,
GOES >= C1 flare within 15 min,2 false alarms/day on validation,C3.3,C,2026-06-28 20:50,2026-06-28 20:59,9.0,12,1.0,True,12.0,3.0,True,12.0,3.0,True,12.0,3.0,True,12.0,3.0,True,12.0,3.0,True,12.0,3.0,False,,,,,,,,,
GOES >= C1 flare within 15 min,2 false alarms/day on validation,C9.5,C,2026-06-28 21:18,2026-06-28 21:44,26.0,44,1.0,True,44.0,18.0,True,20.0,-6.0,True,44.0,18.0,True,44.0,18.0,True,19.0,-7.0,True,19.0,-7.0,False,,,,,,,,,
GOES >= C1 flare within 15 min,2 false alarms/day on validation,C8.7,C,2026-06-28 21:55,2026-06-28 21:59,4.0,14,1.0,True,14.0,10.0,True,14.0,10.0,True,14.0,10.0,True,14.0,10.0,True,14.0,10.0,True,14.0,10.0,False,,,,,,,,,
GOES >= C1 flare within 15 min,2 false alarms/day on validation,C5.1,C,2026-06-29 00:32,2026-06-29 00:41,9.0,39,1.0,True,6.0,-3.0,True,6.0,-3.0,True,6.0,-3.0,True,39.0,30.0,True,4.0,-5.0,True,4.0,-5.0,False,,,,,,,,,
GOES >= C1 flare within 15 min,2 false alarms/day on validation,C3.1,C,2026-06-29 02:26,2026-06-29 02:32,6.0,36,1.0,True,1.0,-5.0,True,1.0,-5.0,True,2.0,-4.0,True,36.0,30.0,True,0.0,-6.0,True,0.0,-6.0,False,,,,,,,,,
GOES >= C1 flare within 15 min,2 false alarms/day on validation,C3.0,C,2026-06-29 02:43,2026-06-29 02:50,7.0,17,1.0,True,17.0,10.0,True,17.0,10.0,True,17.0,10.0,True,17.0,10.0,True,17.0,10.0,True,17.0,10.0,False,,,,,,,,,
GOES >= C1 flare within 15 min,2 false alarms/day on validation,C4.8,C,2026-06-29 03:07,2026-06-29 03:17,10.0,26,1.0,True,26.0,16.0,True,26.0,16.0,True,26.0,16.0,True,26.0,16.0,True,26.0,16.0,True,26.0,16.0,False,,,,,,,,,
GOES >= C1 flare within 15 min,2 false alarms/day on validation,C4.1,C,2026-06-29 03:22,2026-06-29 03:40,18.0,22,1.0,True,22.0,4.0,True,22.0,4.0,True,22.0,4.0,True,22.0,4.0,False,,,False,,,False,,,,,,,,,
GOES >= C1 flare within 15 min,2 false alarms/day on validation,C4.4,C,2026-06-29 03:51,2026-06-29 03:53,2.0,12,1.0,True,12.0,10.0,False,,,True,12.0,10.0,True,12.0,10.0,False,,,False,,,False,,,,,,,,,
GOES >= C1 flare within 15 min,2 false alarms/day on validation,C6.5,C,2026-06-29 07:40,2026-06-29 07:58,18.0,48,1.0,True,12.0,-6.0,True,12.0,-6.0,True,14.0,-4.0,True,48.0,30.0,True,11.0,-7.0,True,11.0,-7.0,False,,,,,,,,,
GOES >= C1 flare within 15 min,2 false alarms/day on validation,C8.1,C,2026-06-29 08:06,2026-06-29 08:28,22.0,29,1.0,True,29.0,7.0,True,29.0,7.0,True,29.0,7.0,True,29.0,7.0,True,29.0,7.0,True,29.0,7.0,False,,,,,,,,,
GOES >= C1 flare within 15 min,2 false alarms/day on validation,C2.1,C,2026-06-29 11:20,2026-06-29 11:25,5.0,35,1.0,False,,,False,,,False,,,True,35.0,30.0,False,,,False,,,False,,,,,,,,,
GOES >= C1 flare within 15 min,2 false alarms/day on validation,C1.9,C,2026-06-29 12:08,2026-06-29 12:12,4.0,34,1.0,True,0.0,-4.0,False,,,False,,,True,34.0,30.0,False,,,False,,,False,,,,,,,,,
GOES >= C1 flare within 15 min,2 false alarms/day on validation,C2.5,C,2026-06-29 12:29,2026-06-29 12:34,5.0,21,1.0,True,20.0,15.0,True,0.0,-5.0,True,0.0,-5.0,True,21.0,16.0,True,21.0,16.0,True,21.0,16.0,False,,,,,,,,,
GOES >= C1 flare within 15 min,2 false alarms/day on validation,C3.5,C,2026-06-29 17:21,2026-06-29 17:30,9.0,39,1.0,True,1.0,-8.0,True,1.0,-8.0,True,3.0,-6.0,True,39.0,30.0,True,0.0,-9.0,True,0.0,-9.0,False,,,,,,,,,
GOES >= C1 flare within 15 min,2 false alarms/day on validation,C6.1,C,2026-06-29 17:32,2026-06-29 17:40,8.0,9,1.0,True,9.0,1.0,True,9.0,1.0,True,9.0,1.0,True,9.0,1.0,True,9.0,1.0,True,9.0,1.0,False,,,,,,,,,
GOES >= C1 flare within 15 min,2 false alarms/day on validation,C3.0,C,2026-06-29 19:28,2026-06-29 19:33,5.0,35,1.0,True,1.0,-4.0,True,1.0,-4.0,True,7.0,2.0,True,35.0,30.0,True,1.0,-4.0,True,1.0,-4.0,False,,,,,,,,,
GOES >= C1 flare within 15 min,2 false alarms/day on validation,C4.4,C,2026-06-29 19:43,2026-06-29 19:47,4.0,13,1.0,True,13.0,9.0,True,13.0,9.0,True,13.0,9.0,True,13.0,9.0,False,,,False,,,False,,,,,,,,,
GOES >= C1 flare within 15 min,2 false alarms/day on validation,C3.7,C,2026-06-29 20:24,2026-06-29 20:34,10.0,40,1.0,False,,,True,4.0,-6.0,True,40.0,30.0,True,40.0,30.0,True,4.0,-6.0,True,4.0,-6.0,False,,,,,,,,,
GOES >= C1 flare within 15 min,2 false alarms/day on validation,C5.6,C,2026-06-29 20:56,2026-06-29 21:00,4.0,25,1.0,True,20.0,16.0,True,25.0,21.0,True,25.0,21.0,True,25.0,21.0,False,,,False,,,False,,,,,,,,,
GOES >= C1 flare within 15 min,2 false alarms/day on validation,M1.4,M,2026-06-29 21:13,2026-06-29 21:40,27.0,39,1.0,True,39.0,12.0,True,39.0,12.0,True,39.0,12.0,True,39.0,12.0,True,38.0,11.0,True,38.0,11.0,False,,,,,,,,,
GOES >= C1 flare within 15 min,2 false alarms/day on validation,C2.8,C,2026-06-29 23:47,2026-06-29 23:53,6.0,36,1.0,True,0.0,-6.0,True,0.0,-6.0,True,1.0,-5.0,True,36.0,30.0,False,,,False,,,False,,,,,,,,,
GOES >= C1 flare within 15 min,2 false alarms/day on validation,M1.3,M,2026-06-30 00:39,2026-06-30 01:16,37.0,67,1.0,True,30.0,-7.0,True,30.0,-7.0,True,31.0,-6.0,True,67.0,30.0,True,29.0,-8.0,True,29.0,-8.0,False,,,,,,,,,
GOES >= C1 flare within 15 min,2 false alarms/day on validation,C3.2,C,2026-06-30 03:11,2026-06-30 03:19,8.0,38,1.0,True,1.0,-7.0,True,2.0,-6.0,True,38.0,30.0,True,38.0,30.0,True,1.0,-7.0,True,1.0,-7.0,False,,,,,,,,,
GOES >= C1 flare within 15 min,2 false alarms/day on validation,C3.8,C,2026-06-30 06:17,2026-06-30 06:33,16.0,46,1.0,True,9.0,-7.0,True,8.0,-8.0,True,9.0,-7.0,True,46.0,30.0,True,7.0,-9.0,True,7.0,-9.0,False,,,,,,,,,
GOES >= C1 flare within 15 min,2 false alarms/day on validation,C2.8,C,2026-06-30 09:11,2026-06-30 09:20,9.0,39,1.0,True,4.0,-5.0,True,3.0,-6.0,True,4.0,-5.0,True,39.0,30.0,True,3.0,-6.0,True,3.0,-6.0,False,,,,,,,,,
GOES >= C1 flare within 15 min,2 false alarms/day on validation,C3.3,C,2026-06-30 09:32,2026-06-30 09:36,4.0,15,1.0,True,15.0,11.0,True,15.0,11.0,True,15.0,11.0,True,15.0,11.0,True,15.0,11.0,True,15.0,11.0,False,,,,,,,,,
GOES >= C1 flare within 15 min,2 false alarms/day on validation,C4.3,C,2026-06-30 12:20,2026-06-30 12:34,14.0,44,0.94,True,6.0,-8.0,True,6.0,-8.0,True,7.0,-7.0,True,44.0,30.0,True,5.0,-9.0,True,5.0,-9.0,False,,,,,,,,,
GOES >= C1 flare within 15 min,2 false alarms/day on validation,M5.8,M,2026-06-30 12:37,2026-06-30 12:57,20.0,22,0.91,True,22.0,2.0,True,22.0,2.0,True,22.0,2.0,True,22.0,2.0,True,22.0,2.0,True,22.0,2.0,False,,,,,,,,,
GOES >= C1 flare within 15 min,2 false alarms/day on validation,C3.2,C,2026-06-30 16:23,2026-06-30 16:26,3.0,33,1.0,False,,,False,,,True,33.0,30.0,True,33.0,30.0,False,,,False,,,False,,,,,,,,,
GOES >= C1 flare within 15 min,2 false alarms/day on validation,C5.7,C,2026-06-30 16:39,2026-06-30 16:47,8.0,20,1.0,True,20.0,12.0,True,20.0,12.0,True,20.0,12.0,True,20.0,12.0,True,20.0,12.0,True,20.0,12.0,False,,,,,,,,,
GOES >= C1 flare within 15 min,2 false alarms/day on validation,C5.0,C,2026-06-30 17:14,2026-06-30 17:26,12.0,38,1.0,True,38.0,26.0,True,38.0,26.0,True,38.0,26.0,True,38.0,26.0,True,38.0,26.0,True,38.0,26.0,False,,,,,,,,,
GOES >= C1 flare within 15 min,2 false alarms/day on validation,C4.8,C,2026-06-30 18:31,2026-06-30 18:48,17.0,47,1.0,True,18.0,1.0,True,18.0,1.0,True,18.0,1.0,True,47.0,30.0,True,17.0,0.0,True,17.0,0.0,False,,,,,,,,,
GOES >= C1 flare within 15 min,2 false alarms/day on validation,C9.1,C,2026-06-30 19:49,2026-06-30 19:58,9.0,39,1.0,True,6.0,-3.0,True,6.0,-3.0,True,39.0,30.0,True,39.0,30.0,True,2.0,-7.0,True,2.0,-7.0,False,,,,,,,,,
GOES >= C1 flare within 15 min,2 false alarms/day on validation,X1.1,X,2026-06-30 20:34,2026-06-30 20:50,16.0,46,1.0,True,10.0,-6.0,True,10.0,-6.0,True,46.0,30.0,True,46.0,30.0,True,7.0,-9.0,True,7.0,-9.0,False,,,,,,,,,
GOES >= C1 flare within 15 min,2 false alarms/day on validation,C5.1,C,2026-06-30 23:06,2026-06-30 23:18,12.0,42,1.0,True,7.0,-5.0,True,6.0,-6.0,True,42.0,30.0,True,42.0,30.0,True,5.0,-7.0,True,5.0,-7.0,False,,,,,,,,,
GOES >= C1 flare within 15 min,2 false alarms/day on validation,C7.6,C,2026-07-01 04:41,2026-07-01 04:56,15.0,45,1.0,True,37.0,22.0,True,45.0,30.0,True,45.0,30.0,True,45.0,30.0,True,7.0,-8.0,True,7.0,-8.0,False,,,,,,,,,
GOES >= C1 flare within 15 min,2 false alarms/day on validation,M1.1,M,2026-07-01 06:19,2026-07-01 06:27,8.0,38,1.0,True,22.0,14.0,True,21.0,13.0,True,22.0,14.0,True,38.0,30.0,True,3.0,-5.0,True,3.0,-5.0,False,,,,,,,,,
GOES >= C1 flare within 15 min,2 false alarms/day on validation,M1.0,M,2026-07-01 06:37,2026-07-01 06:43,6.0,15,1.0,True,15.0,9.0,True,15.0,9.0,True,15.0,9.0,True,15.0,9.0,True,0.0,-6.0,True,0.0,-6.0,False,,,,,,,,,
GOES >= C1 flare within 15 min,2 false alarms/day on validation,M1.5,M,2026-07-01 07:28,2026-07-01 07:35,7.0,37,1.0,True,2.0,-5.0,True,3.0,-4.0,True,37.0,30.0,True,37.0,30.0,True,2.0,-5.0,True,2.0,-5.0,False,,,,,,,,,
GOES >= C1 flare within 15 min,2 false alarms/day on validation,M2.5,M,2026-07-01 08:07,2026-07-01 08:17,10.0,40,1.0,True,40.0,30.0,True,40.0,30.0,True,40.0,30.0,True,40.0,30.0,True,1.0,-9.0,True,1.0,-9.0,False,,,,,,,,,
GOES >= C1 flare within 15 min,2 false alarms/day on validation,C4.3,C,2026-07-01 08:45,2026-07-01 08:54,9.0,36,1.0,True,36.0,27.0,True,36.0,27.0,True,36.0,27.0,True,36.0,27.0,True,36.0,27.0,True,36.0,27.0,False,,,,,,,,,
GOES >= C1 flare within 15 min,2 false alarms/day on validation,M1.3,M,2026-07-01 10:04,2026-07-01 10:08,4.0,34,1.0,True,21.0,17.0,True,22.0,18.0,True,34.0,30.0,True,34.0,30.0,False,,,False,,,False,,,,,,,,,
GOES >= C1 flare within 15 min,2 false alarms/day on validation,M1.1,M,2026-07-01 14:22,2026-07-01 14:31,9.0,39,1.0,True,4.0,-5.0,True,39.0,30.0,True,39.0,30.0,True,39.0,30.0,True,1.0,-8.0,True,1.0,-8.0,False,,,,,,,,,
GOES >= C1 flare within 15 min,2 false alarms/day on validation,M2.6,M,2026-07-01 14:39,2026-07-01 14:54,15.0,22,1.0,True,22.0,7.0,True,22.0,7.0,True,22.0,7.0,True,22.0,7.0,True,22.0,7.0,True,22.0,7.0,False,,,,,,,,,
GOES >= C1 flare within 15 min,2 false alarms/day on validation,C8.2,C,2026-07-01 17:05,2026-07-01 17:12,7.0,37,1.0,True,0.0,-7.0,True,0.0,-7.0,True,37.0,30.0,True,37.0,30.0,False,,,False,,,False,,,,,,,,,
GOES >= C1 flare within 15 min,2 false alarms/day on validation,M3.5,M,2026-07-01 18:44,2026-07-01 19:43,59.0,89,1.0,True,52.0,-7.0,True,66.0,7.0,True,89.0,30.0,True,89.0,30.0,True,64.0,5.0,True,64.0,5.0,False,,,,,,,,,
GOES >= C1 flare within 15 min,2 false alarms/day on validation,M1.8,M,2026-07-01 20:15,2026-07-01 20:22,7.0,37,1.0,True,37.0,30.0,True,37.0,30.0,True,37.0,30.0,True,37.0,30.0,False,,,False,,,False,,,,,,,,,
GOES >= C1 flare within 15 min,2 false alarms/day on validation,M8.5,M,2026-07-01 22:57,2026-07-01 23:09,12.0,42,1.0,True,4.0,-8.0,True,33.0,21.0,True,42.0,30.0,True,42.0,30.0,True,3.0,-9.0,True,3.0,-9.0,False,,,,,,,,,
GOES >= C1 flare within 15 min,2 false alarms/day on validation,M1.1,M,2026-07-01 23:49,2026-07-02 00:02,13.0,43,1.0,True,5.0,-8.0,True,43.0,30.0,True,43.0,30.0,True,43.0,30.0,True,4.0,-9.0,True,4.0,-9.0,False,,,,,,,,,
GOES >= C1 flare within 15 min,2 false alarms/day on validation,M4.2,M,2026-07-02 01:37,2026-07-02 01:56,19.0,49,1.0,True,32.0,13.0,True,33.0,14.0,True,49.0,30.0,True,49.0,30.0,True,12.0,-7.0,True,12.0,-7.0,False,,,,,,,,,
GOES >= C1 flare within 15 min,2 false alarms/day on validation,C8.6,C,2026-07-02 04:07,2026-07-02 04:15,8.0,38,1.0,True,18.0,10.0,True,24.0,16.0,True,38.0,30.0,True,38.0,30.0,True,2.0,-6.0,True,2.0,-6.0,False,,,,,,,,,
GOES >= C1 flare within 15 min,2 false alarms/day on validation,C8.5,C,2026-07-02 04:55,2026-07-02 05:01,6.0,36,1.0,True,2.0,-4.0,True,3.0,-3.0,True,36.0,30.0,True,36.0,30.0,True,0.0,-6.0,True,0.0,-6.0,False,,,,,,,,,
GOES >= C1 flare within 15 min,2 false alarms/day on validation,C5.6,C,2026-07-02 06:02,2026-07-02 06:09,7.0,37,1.0,True,2.0,-5.0,True,0.0,-7.0,True,37.0,30.0,True,37.0,30.0,False,,,False,,,False,,,,,,,,,
GOES >= C1 flare within 15 min,2 false alarms/day on validation,C6.3,C,2026-07-02 07:14,2026-07-02 07:22,8.0,38,1.0,True,3.0,-5.0,True,4.0,-4.0,True,38.0,30.0,True,38.0,30.0,True,1.0,-7.0,True,1.0,-7.0,False,,,,,,,,,
GOES >= C1 flare within 15 min,2 false alarms/day on validation,M2.8,M,2026-07-02 10:21,2026-07-02 10:26,5.0,35,1.0,True,33.0,28.0,True,35.0,30.0,True,35.0,30.0,True,35.0,30.0,False,,,False,,,False,,,,,,,,,
GOES >= C1 flare within 15 min,2 false alarms/day on validation,M1.2,M,2026-07-02 23:03,2026-07-02 23:12,9.0,39,1.0,True,3.0,-6.0,True,8.0,-1.0,True,39.0,30.0,True,39.0,30.0,True,5.0,-4.0,True,5.0,-4.0,False,,,,,,,,,
GOES >= C1 flare within 15 min,2 false alarms/day on validation,C4.3,C,2026-07-03 00:41,2026-07-03 00:47,6.0,36,1.0,True,4.0,-2.0,True,4.0,-2.0,True,36.0,30.0,True,36.0,30.0,False,,,False,,,False,,,,,,,,,
GOES >= C1 flare within 15 min,2 false alarms/day on validation,C4.1,C,2026-07-03 02:21,2026-07-03 02:35,14.0,44,1.0,True,6.0,-8.0,True,7.0,-7.0,True,42.0,28.0,True,44.0,30.0,True,6.0,-8.0,True,6.0,-8.0,False,,,,,,,,,
GOES >= C1 flare within 15 min,2 false alarms/day on validation,C4.3,C,2026-07-03 02:41,2026-07-03 02:48,7.0,12,1.0,True,12.0,5.0,True,12.0,5.0,True,12.0,5.0,True,12.0,5.0,True,12.0,5.0,True,12.0,5.0,False,,,,,,,,,
GOES >= C1 flare within 15 min,2 false alarms/day on validation,M1.4,M,2026-07-03 13:03,2026-07-03 13:13,10.0,40,0.91,True,3.0,-7.0,True,39.0,29.0,True,40.0,30.0,True,40.0,30.0,True,2.0,-8.0,True,2.0,-8.0,False,,,,,,,,,
GOES >= C1 flare within 15 min,2 false alarms/day on validation,C5.7,C,2026-07-03 14:16,2026-07-03 14:24,8.0,38,0.95,True,0.0,-8.0,True,6.0,-2.0,True,38.0,30.0,True,38.0,30.0,True,1.0,-7.0,True,1.0,-7.0,False,,,,,,,,,
GOES >= C1 flare within 15 min,2 false alarms/day on validation,C6.3,C,2026-07-03 14:26,2026-07-03 14:33,7.0,8,1.0,True,8.0,1.0,True,8.0,1.0,True,8.0,1.0,True,8.0,1.0,True,8.0,1.0,True,8.0,1.0,False,,,,,,,,,
GOES >= C1 flare within 15 min,2 false alarms/day on validation,C5.8,C,2026-07-03 14:56,2026-07-03 15:01,5.0,27,1.0,True,27.0,22.0,True,27.0,22.0,True,27.0,22.0,True,27.0,22.0,False,,,False,,,False,,,,,,,,,
GOES >= C1 flare within 15 min,2 false alarms/day on validation,C6.5,C,2026-07-03 16:32,2026-07-03 16:51,19.0,49,1.0,True,17.0,-2.0,True,15.0,-4.0,True,49.0,30.0,True,49.0,30.0,True,11.0,-8.0,True,11.0,-8.0,False,,,,,,,,,
GOES >= C1 flare within 15 min,2 false alarms/day on validation,C6.3,C,2026-07-03 17:31,2026-07-03 17:36,5.0,35,1.0,True,35.0,30.0,True,11.0,6.0,True,35.0,30.0,True,35.0,30.0,False,,,False,,,False,,,,,,,,,
GOES >= C1 flare within 15 min,2 false alarms/day on validation,M6.7,M,2026-07-03 17:49,2026-07-03 18:11,22.0,34,1.0,True,34.0,12.0,True,34.0,12.0,True,34.0,12.0,True,34.0,12.0,True,34.0,12.0,True,34.0,12.0,False,,,,,,,,,
GOES >= C1 flare within 15 min,2 false alarms/day on validation,M6.3,M,2026-07-03 18:57,2026-07-03 18:59,2.0,32,1.0,True,32.0,30.0,True,32.0,30.0,True,32.0,30.0,True,32.0,30.0,False,,,False,,,False,,,,,,,,,
GOES >= C1 flare within 15 min,2 false alarms/day on validation,M1.5,M,2026-07-03 19:59,2026-07-03 20:08,9.0,39,0.99,True,2.0,-7.0,True,39.0,30.0,True,39.0,30.0,True,39.0,30.0,True,1.0,-8.0,True,1.0,-8.0,False,,,,,,,,,
GOES >= C1 flare within 15 min,2 false alarms/day on validation,C8.4,C,2026-07-03 22:27,2026-07-03 22:35,8.0,38,1.0,True,3.0,-5.0,True,4.0,-4.0,True,38.0,30.0,True,38.0,30.0,True,2.0,-6.0,True,2.0,-6.0,False,,,,,,,,,
GOES >= C1 flare within 15 min,2 false alarms/day on validation,M2.0,M,2026-07-03 23:50,2026-07-04 00:00,10.0,40,1.0,True,3.0,-7.0,True,5.0,-5.0,True,40.0,30.0,True,40.0,30.0,True,3.0,-7.0,True,3.0,-7.0,False,,,,,,,,,
GOES >= C1 flare within 15 min,2 false alarms/day on validation,M2.3,M,2026-07-04 00:13,2026-07-04 00:23,10.0,22,1.0,True,22.0,12.0,True,22.0,12.0,True,22.0,12.0,True,22.0,12.0,True,22.0,12.0,True,22.0,12.0,False,,,,,,,,,
GOES >= C1 flare within 15 min,2 false alarms/day on validation,M2.1,M,2026-07-04 00:59,2026-07-04 01:13,14.0,44,1.0,True,44.0,30.0,True,44.0,30.0,True,44.0,30.0,True,44.0,30.0,True,6.0,-8.0,True,6.0,-8.0,False,,,,,,,,,
GOES >= C1 flare within 15 min,2 false alarms/day on validation,M1.2,M,2026-07-04 01:52,2026-07-04 02:01,9.0,39,1.0,True,39.0,30.0,True,39.0,30.0,True,39.0,30.0,True,39.0,30.0,True,3.0,-6.0,True,3.0,-6.0,False,,,,,,,,,
GOES >= C1 flare within 15 min,2 false alarms/day on validation,M3.7,M,2026-07-04 03:21,2026-07-04 03:32,11.0,41,1.0,True,41.0,30.0,True,41.0,30.0,True,41.0,30.0,True,41.0,30.0,True,34.0,23.0,True,34.0,23.0,False,,,,,,,,,
GOES >= C1 flare within 15 min,2 false alarms/day on validation,M1.3,M,2026-07-04 05:04,2026-07-04 05:15,11.0,41,1.0,True,32.0,21.0,True,32.0,21.0,True,41.0,30.0,True,41.0,30.0,True,25.0,14.0,True,25.0,14.0,False,,,,,,,,,
GOES >= C1 flare within 15 min,2 false alarms/day on validation,C9.5,C,2026-07-04 05:43,2026-07-04 05:52,9.0,36,1.0,True,36.0,27.0,True,36.0,27.0,True,36.0,27.0,True,36.0,27.0,True,36.0,27.0,True,36.0,27.0,False,,,,,,,,,
GOES >= C1 flare within 15 min,2 false alarms/day on validation,C7.4,C,2026-07-04 06:12,2026-07-04 06:20,8.0,27,1.0,True,27.0,19.0,True,27.0,19.0,True,27.0,19.0,True,27.0,19.0,True,27.0,19.0,True,27.0,19.0,False,,,,,,,,,
GOES >= C1 flare within 15 min,2 false alarms/day on validation,C5.3,C,2026-07-04 07:26,2026-07-04 07:42,16.0,46,1.0,True,9.0,-7.0,True,44.0,28.0,True,46.0,30.0,True,46.0,30.0,True,8.0,-8.0,True,8.0,-8.0,False,,,,,,,,,
GOES >= C1 flare within 15 min,2 false alarms/day on validation,M1.8,M,2026-07-04 07:48,2026-07-04 08:07,19.0,24,1.0,True,24.0,5.0,True,24.0,5.0,True,24.0,5.0,True,24.0,5.0,True,7.0,-12.0,True,7.0,-12.0,False,,,,,,,,,
GOES >= C1 flare within 15 min,2 false alarms/day on validation,M1.0,M,2026-07-04 08:41,2026-07-04 08:52,11.0,41,1.0,True,41.0,30.0,True,41.0,30.0,True,41.0,30.0,True,41.0,30.0,True,3.0,-8.0,True,3.0,-8.0,False,,,,,,,,,
GOES >= C1 flare within 15 min,2 false alarms/day on validation,M3.2,M,2026-07-04 11:04,2026-07-04 11:12,8.0,38,1.0,True,4.0,-4.0,True,24.0,16.0,True,38.0,30.0,True,38.0,30.0,True,3.0,-5.0,True,3.0,-5.0,False,,,,,,,,,
GOES >= C1 flare within 15 min,2 false alarms/day on validation,M3.2,M,2026-07-04 13:41,2026-07-04 13:51,10.0,40,0.99,True,6.0,-4.0,True,20.0,10.0,True,40.0,30.0,True,40.0,30.0,True,4.0,-6.0,True,4.0,-6.0,False,,,,,,,,,
GOES >= C1 flare within 15 min,2 false alarms/day on validation,C8.3,C,2026-07-04 14:26,2026-07-04 14:30,4.0,34,1.0,True,34.0,30.0,True,34.0,30.0,True,34.0,30.0,True,34.0,30.0,False,,,False,,,False,,,,,,,,,
GOES >= C1 flare within 15 min,2 false alarms/day on validation,C8.4,C,2026-07-04 14:35,2026-07-04 14:38,3.0,7,1.0,True,7.0,4.0,True,7.0,4.0,True,7.0,4.0,True,7.0,4.0,False,,,False,,,False,,,,,,,,,
GOES >= C1 flare within 15 min,2 false alarms/day on validation,C8.0,C,2026-07-04 15:26,2026-07-04 15:34,8.0,38,1.0,True,1.0,-7.0,True,5.0,-3.0,True,38.0,30.0,True,38.0,30.0,True,0.0,-8.0,True,0.0,-8.0,False,,,,,,,,,
GOES >= C1 flare within 15 min,2 false alarms/day on validation,M1.1,M,2026-07-04 16:02,2026-07-04 16:06,4.0,31,1.0,True,31.0,27.0,True,31.0,27.0,True,31.0,27.0,True,31.0,27.0,True,31.0,27.0,True,31.0,27.0,False,,,,,,,,,
GOES >= C1 flare within 15 min,2 false alarms/day on validation,C7.5,C,2026-07-04 16:56,2026-07-04 17:02,6.0,36,1.0,False,,,True,33.0,27.0,True,36.0,30.0,True,36.0,30.0,False,,,False,,,False,,,,,,,,,
GOES >= C1 flare within 15 min,2 false alarms/day on validation,M1.9,M,2026-07-04 18:37,2026-07-04 18:48,11.0,41,0.99,True,7.0,-4.0,True,7.0,-4.0,True,41.0,30.0,True,41.0,30.0,True,5.0,-6.0,True,5.0,-6.0,False,,,,,,,,,
GOES >= C1 flare within 15 min,2 false alarms/day on validation,M1.5,M,2026-07-04 19:23,2026-07-04 19:36,13.0,43,0.99,True,43.0,30.0,True,43.0,30.0,True,43.0,30.0,True,43.0,30.0,True,8.0,-5.0,True,8.0,-5.0,False,,,,,,,,,
GOES >= C1 flare within 15 min,2 false alarms/day on validation,X1.2,X,2026-07-04 20:29,2026-07-04 20:41,12.0,42,0.99,True,5.0,-7.0,True,42.0,30.0,True,42.0,30.0,True,42.0,30.0,True,3.0,-9.0,True,3.0,-9.0,False,,,,,,,,,
GOES >= C1 flare within 15 min,2 false alarms/day on validation,M1.1,M,2026-07-04 22:16,2026-07-04 22:24,8.0,38,0.96,True,0.0,-8.0,True,38.0,30.0,True,38.0,30.0,True,38.0,30.0,False,,,False,,,False,,,,,,,,,
GOES >= C1 flare within 15 min,2 false alarms/day on validation,C9.3,C,2026-07-04 23:32,2026-07-04 23:41,9.0,39,0.97,True,2.0,-7.0,True,6.0,-3.0,True,39.0,30.0,True,39.0,30.0,True,2.0,-7.0,True,2.0,-7.0,False,,,,,,,,,
GOES >= C1 flare within 15 min,2 false alarms/day on validation,M1.3,M,2026-07-05 00:24,2026-07-05 00:31,7.0,37,0.98,True,2.0,-5.0,True,37.0,30.0,True,37.0,30.0,True,37.0,30.0,True,0.0,-7.0,True,0.0,-7.0,False,,,,,,,,,
GOES >= C1 flare within 15 min,2 false alarms/day on validation,C8.3,C,2026-07-05 01:09,2026-07-05 01:21,12.0,42,1.0,True,1.0,-11.0,True,42.0,30.0,True,42.0,30.0,True,42.0,30.0,True,4.0,-8.0,True,4.0,-8.0,False,,,,,,,,,
GOES >= C1 flare within 15 min,2 false alarms/day on validation,C4.1,C,2026-07-05 03:16,2026-07-05 03:24,8.0,38,0.38,True,2.0,-6.0,True,3.0,-5.0,True,38.0,30.0,True,38.0,30.0,True,2.0,-6.0,True,2.0,-6.0,False,,,,,,,,,
GOES >= C1 flare within 15 min,2 false alarms/day on validation,M1.3,M,2026-07-05 04:19,2026-07-05 04:32,13.0,43,0.0,True,6.0,-7.0,True,42.0,29.0,True,43.0,30.0,True,43.0,30.0,True,5.0,-8.0,True,5.0,-8.0,False,,,,,,,,,
GOES >= C1 flare within 15 min,2 false alarms/day on validation,M1.0,M,2026-07-05 04:41,2026-07-05 04:47,6.0,14,0.0,True,14.0,8.0,True,14.0,8.0,True,14.0,8.0,True,14.0,8.0,True,0.0,-6.0,True,0.0,-6.0,False,,,,,,,,,
GOES >= C1 flare within 15 min,2 false alarms/day on validation,M2.7,M,2026-07-05 05:21,2026-07-05 05:39,18.0,48,0.0,True,48.0,30.0,True,48.0,30.0,True,48.0,30.0,True,48.0,30.0,True,7.0,-11.0,True,7.0,-11.0,False,,,,,,,,,
GOES >= C1 flare within 15 min,2 false alarms/day on validation,C7.8,C,2026-07-05 06:10,2026-07-05 06:19,9.0,39,0.0,True,39.0,30.0,True,39.0,30.0,True,39.0,30.0,True,39.0,30.0,True,39.0,30.0,True,39.0,30.0,False,,,,,,,,,
GOES >= C1 flare within 15 min,2 false alarms/day on validation,C7.7,C,2026-07-05 07:11,2026-07-05 07:15,4.0,34,0.0,True,0.0,-4.0,True,1.0,-3.0,True,34.0,30.0,True,34.0,30.0,False,,,False,,,False,,,,,,,,,
GOES >= C1 flare within 15 min,2 false alarms/day on validation,C9.9,C,2026-07-05 07:21,2026-07-05 07:26,5.0,10,0.0,True,10.0,5.0,True,10.0,5.0,True,10.0,5.0,True,10.0,5.0,True,9.0,4.0,True,9.0,4.0,False,,,,,,,,,
GOES >= C1 flare within 15 min,2 false alarms/day on validation,C4.2,C,2026-07-05 08:20,2026-07-05 08:26,6.0,36,0.0,False,,,True,32.0,26.0,True,36.0,30.0,True,36.0,30.0,False,,,False,,,False,,,,,,,,,
GOES >= C1 flare within 15 min,2 false alarms/day on validation,C5.7,C,2026-07-05 08:49,2026-07-05 08:59,10.0,32,0.0,True,32.0,22.0,True,32.0,22.0,True,32.0,22.0,True,32.0,22.0,True,32.0,22.0,True,32.0,22.0,False,,,,,,,,,
GOES >= C1 flare within 15 min,2 false alarms/day on validation,C6.0,C,2026-07-05 09:15,2026-07-05 09:26,11.0,26,0.0,True,26.0,15.0,True,26.0,15.0,True,26.0,15.0,True,26.0,15.0,True,26.0,15.0,True,26.0,15.0,False,,,,,,,,,
GOES >= C1 flare within 15 min,2 false alarms/day on validation,C5.2,C,2026-07-05 10:41,2026-07-05 10:53,12.0,42,0.0,True,6.0,-6.0,True,42.0,30.0,True,42.0,30.0,True,42.0,30.0,True,4.0,-8.0,True,4.0,-8.0,False,,,,,,,,,
GOES >= C1 flare within 15 min,2 false alarms/day on validation,M1.4,M,2026-07-05 10:56,2026-07-05 11:00,4.0,6,0.0,True,6.0,2.0,True,6.0,2.0,True,6.0,2.0,True,6.0,2.0,False,,,False,,,False,,,,,,,,,
GOES >= C1 flare within 15 min,2 false alarms/day on validation,C9.9,C,2026-07-05 11:04,2026-07-05 11:10,6.0,9,0.0,True,9.0,3.0,True,9.0,3.0,True,9.0,3.0,True,9.0,3.0,True,8.0,2.0,True,8.0,2.0,False,,,,,,,,,
GOES >= C1 flare within 15 min,2 false alarms/day on validation,C9.5,C,2026-07-05 11:53,2026-07-05 12:01,8.0,38,0.0,True,38.0,30.0,True,38.0,30.0,True,38.0,30.0,True,38.0,30.0,True,2.0,-6.0,True,2.0,-6.0,False,,,,,,,,,
GOES >= C1 flare within 15 min,2 false alarms/day on validation,C8.1,C,2026-07-05 12:52,2026-07-05 12:58,6.0,36,0.0,True,32.0,26.0,True,34.0,28.0,True,36.0,30.0,True,36.0,30.0,False,,,False,,,False,,,,,,,,,
GOES >= C1 flare within 15 min,2 false alarms/day on validation,C4.2,C,2026-07-05 14:17,2026-07-05 14:23,6.0,36,0.0,True,1.0,-5.0,True,1.0,-5.0,True,36.0,30.0,True,36.0,30.0,True,0.0,-6.0,True,0.0,-6.0,False,,,,,,,,,
GOES >= C1 flare within 15 min,2 false alarms/day on validation,C4.9,C,2026-07-05 14:28,2026-07-05 14:35,7.0,11,0.0,True,11.0,4.0,True,11.0,4.0,True,11.0,4.0,True,11.0,4.0,True,11.0,4.0,True,11.0,4.0,False,,,,,,,,,
GOES >= C1 flare within 15 min,2 false alarms/day on validation,C6.9,C,2026-07-05 15:05,2026-07-05 15:20,15.0,44,0.0,True,44.0,29.0,True,44.0,29.0,True,44.0,29.0,True,44.0,29.0,True,44.0,29.0,True,44.0,29.0,False,,,,,,,,,
GOES >= C1 flare within 15 min,2 false alarms/day on validation,C7.4,C,2026-07-05 15:33,2026-07-05 15:44,11.0,23,0.0,True,23.0,12.0,True,23.0,12.0,True,23.0,12.0,True,23.0,12.0,True,23.0,12.0,True,23.0,12.0,False,,,,,,,,,
GOES >= C1 flare within 15 min,2 false alarms/day on validation,M1.4,M,2026-07-05 16:21,2026-07-05 16:32,11.0,41,0.0,True,41.0,30.0,True,41.0,30.0,True,41.0,30.0,True,41.0,30.0,True,5.0,-6.0,True,5.0,-6.0,False,,,,,,,,,
GOES >= C1 flare within 15 min,2 false alarms/day on validation,M1.4,M,2026-07-05 16:41,2026-07-05 16:45,4.0,12,0.0,True,12.0,8.0,True,12.0,8.0,True,12.0,8.0,True,12.0,8.0,True,12.0,8.0,True,12.0,8.0,False,,,,,,,,,
GOES >= C1 flare within 15 min,2 false alarms/day on validation,C5.0,C,2026-07-05 17:35,2026-07-05 17:40,5.0,35,0.0,False,,,True,1.0,-4.0,True,35.0,30.0,True,35.0,30.0,False,,,False,,,False,,,,,,,,,
GOES >= C1 flare within 15 min,2 false alarms/day on validation,M5.3,M,2026-07-05 17:51,2026-07-05 17:57,6.0,16,0.0,True,16.0,10.0,True,16.0,10.0,True,16.0,10.0,True,16.0,10.0,True,16.0,10.0,True,16.0,10.0,False,,,,,,,,,
GOES >= C1 flare within 15 min,2 false alarms/day on validation,M1.4,M,2026-07-05 18:56,2026-07-05 19:07,11.0,41,0.0,True,2.0,-9.0,True,31.0,20.0,True,41.0,30.0,True,41.0,30.0,True,2.0,-9.0,True,2.0,-9.0,False,,,,,,,,,
GOES >= C1 flare within 15 min,2 false alarms/day on validation,C7.3,C,2026-07-05 20:07,2026-07-05 20:17,10.0,40,0.0,True,6.0,-4.0,True,6.0,-4.0,True,40.0,30.0,True,40.0,30.0,True,4.0,-6.0,True,4.0,-6.0,False,,,,,,,,,
GOES >= C1 flare within 15 min,2 false alarms/day on validation,M1.0,M,2026-07-05 21:14,2026-07-05 21:22,8.0,38,0.0,True,3.0,-5.0,True,3.0,-5.0,True,38.0,30.0,True,38.0,30.0,True,2.0,-6.0,True,2.0,-6.0,False,,,,,,,,,
GOES >= C1 flare within 15 min,2 false alarms/day on validation,C9.5,C,2026-07-05 21:38,2026-07-05 21:42,4.0,19,0.0,True,19.0,15.0,True,19.0,15.0,True,19.0,15.0,True,19.0,15.0,True,19.0,15.0,True,19.0,15.0,False,,,,,,,,,
GOES >= C1 flare within 15 min,2 false alarms/day on validation,C5.9,C,2026-07-06 00:35,2026-07-06 00:44,9.0,39,0.2,True,34.0,25.0,True,33.0,24.0,True,39.0,30.0,True,39.0,30.0,True,1.0,-8.0,True,1.0,-8.0,False,,,,,,,,,
GOES >= C1 flare within 15 min,2 false alarms/day on validation,C9.6,C,2026-07-06 01:57,2026-07-06 02:21,24.0,54,0.91,True,19.0,-5.0,True,19.0,-5.0,True,54.0,30.0,True,54.0,30.0,True,17.0,-7.0,True,17.0,-7.0,False,,,,,,,,,
GOES >= C1 flare within 15 min,2 false alarms/day on validation,C6.1,C,2026-07-06 04:55,2026-07-06 05:11,16.0,46,1.0,True,11.0,-5.0,True,11.0,-5.0,True,46.0,30.0,True,46.0,30.0,True,8.0,-8.0,True,8.0,-8.0,False,,,,,,,,,
GOES >= C1 flare within 15 min,2 false alarms/day on validation,C3.8,C,2026-07-06 18:25,2026-07-06 18:40,15.0,45,1.0,True,9.0,-6.0,True,9.0,-6.0,True,45.0,30.0,True,45.0,30.0,True,7.0,-8.0,True,7.0,-8.0,False,,,,,,,,,
GOES >= C1 flare within 15 min,2 false alarms/day on validation,C3.7,C,2026-07-06 18:53,2026-07-06 18:56,3.0,15,1.0,True,15.0,12.0,False,,,True,15.0,12.0,True,15.0,12.0,False,,,False,,,False,,,,,,,,,
GOES >= C1 flare within 15 min,2 false alarms/day on validation,C1.8,C,2026-07-07 03:32,2026-07-07 03:40,8.0,38,1.0,True,1.0,-7.0,True,1.0,-7.0,False,,,True,38.0,30.0,True,1.0,-7.0,True,1.0,-7.0,False,,,,,,,,,
GOES >= C1 flare within 15 min,2 false alarms/day on validation,C1.6,C,2026-07-07 12:02,2026-07-07 12:12,10.0,40,1.0,True,0.0,-10.0,False,,,False,,,True,40.0,30.0,False,,,False,,,False,,,,,,,,,
GOES >= C1 flare within 15 min,2 false alarms/day on validation,M4.0,M,2026-07-07 14:09,2026-07-07 14:19,10.0,40,1.0,True,2.0,-8.0,True,2.0,-8.0,True,2.0,-8.0,True,40.0,30.0,False,,,False,,,False,,,,,,,,,
GOES >= C1 flare within 15 min,2 false alarms/day on validation,C1.8,C,2026-07-07 22:40,2026-07-07 22:49,9.0,39,1.0,True,0.0,-9.0,True,0.0,-9.0,False,,,True,39.0,30.0,False,,,False,,,False,,,,,,,,,
GOES >= C1 flare within 15 min,2 false alarms/day on validation,C1.1,C,2026-07-08 07:32,2026-07-08 07:41,9.0,39,1.0,True,1.0,-8.0,True,0.0,-9.0,False,,,True,39.0,30.0,False,,,False,,,False,,,,,,,,,
GOES >= C1 flare within 15 min,2 false alarms/day on validation,C2.1,C,2026-07-08 09:40,2026-07-08 09:55,15.0,45,1.0,True,7.0,-8.0,True,5.0,-10.0,True,2.0,-13.0,True,45.0,30.0,True,7.0,-8.0,True,7.0,-8.0,False,,,,,,,,,
GOES >= C1 flare within 15 min,2 false alarms/day on validation,C1.0,C,2026-07-08 11:20,2026-07-08 11:25,5.0,35,1.0,False,,,False,,,False,,,True,35.0,30.0,False,,,False,,,False,,,,,,,,,
GOES >= C1 flare within 15 min,2 false alarms/day on validation,M1.5,M,2026-07-08 17:49,2026-07-08 17:56,7.0,37,1.0,True,2.0,-5.0,True,2.0,-5.0,True,2.0,-5.0,True,37.0,30.0,True,1.0,-6.0,True,1.0,-6.0,False,,,,,,,,,
GOES >= C1 flare within 15 min,2 false alarms/day on validation,M1.1,M,2026-07-09 02:17,2026-07-09 02:27,10.0,40,1.0,True,1.0,-9.0,True,1.0,-9.0,True,1.0,-9.0,True,40.0,30.0,False,,,False,,,False,,,,,,,,,
GOES >= C1 flare within 15 min,2 false alarms/day on validation,C2.7,C,2026-07-09 06:51,2026-07-09 07:13,22.0,52,1.0,True,13.0,-9.0,True,12.0,-10.0,True,10.0,-12.0,True,52.0,30.0,True,24.0,2.0,True,13.0,-9.0,False,,,,,,,,,
GOES >= C1 flare within 15 min,2 false alarms/day on validation,C6.0,C,2026-07-10 14:33,2026-07-10 14:59,26.0,56,1.0,True,20.0,-6.0,True,18.0,-8.0,True,15.0,-11.0,True,56.0,30.0,True,19.0,-7.0,True,19.0,-7.0,False,,,,,,,,,
GOES >= C1 flare within 15 min,2 false alarms/day on validation,C1.0,C,2026-07-11 03:32,2026-07-11 03:37,5.0,35,1.0,True,0.0,-5.0,True,0.0,-5.0,False,,,True,35.0,30.0,False,,,False,,,False,,,,,,,,,
GOES >= C1 flare within 15 min,2 false alarms/day on validation,C1.0,C,2026-07-11 13:13,2026-07-11 13:27,14.0,44,1.0,True,6.0,-8.0,True,6.0,-8.0,False,,,True,44.0,30.0,True,8.0,-6.0,False,,,False,,,,,,,,,
GOES >= C1 flare within 15 min,2 false alarms/day on validation,C1.0,C,2026-07-11 20:02,2026-07-11 20:13,11.0,41,1.0,True,5.0,-6.0,False,,,False,,,True,41.0,30.0,True,3.0,-8.0,True,3.0,-8.0,False,,,,,,,,,
GOES >= C1 flare within 15 min,2 false alarms/day on validation,C6.0,C,2026-07-12 00:28,2026-07-12 00:57,29.0,59,1.0,True,20.0,-9.0,True,16.0,-13.0,True,15.0,-14.0,True,59.0,30.0,True,22.0,-7.0,False,,,False,,,,,,,,,
GOES >= C1 flare within 15 min,2 false alarms/day on validation,M1.1,M,2026-07-12 07:17,2026-07-12 08:11,54.0,84,1.0,True,46.0,-8.0,True,45.0,-9.0,True,43.0,-11.0,True,84.0,30.0,True,44.0,-10.0,True,44.0,-10.0,False,,,,,,,,,
GOES >= C1 flare within 15 min,2 false alarms/day on validation,C2.6,C,2026-07-12 13:46,2026-07-12 13:58,12.0,42,1.0,True,4.0,-8.0,True,3.0,-9.0,True,2.0,-10.0,True,42.0,30.0,True,18.0,6.0,True,3.0,-9.0,False,,,,,,,,,
GOES >= C1 flare within 15 min,2 false alarms/day on validation,C1.0,C,2026-07-12 15:23,2026-07-12 15:32,9.0,39,1.0,False,,,False,,,False,,,True,39.0,30.0,True,1.0,-8.0,True,1.0,-8.0,False,,,,,,,,,
GOES >= C1 flare within 15 min,2 false alarms/day on validation,C1.0,C,2026-07-12 15:36,2026-07-12 15:40,4.0,7,1.0,True,7.0,3.0,False,,,False,,,True,7.0,3.0,True,7.0,3.0,True,7.0,3.0,False,,,,,,,,,
GOES >= C1 flare within 15 min,2 false alarms/day on validation,C1.2,C,2026-07-12 22:48,2026-07-12 23:08,20.0,50,1.0,True,11.0,-9.0,False,,,False,,,True,50.0,30.0,True,17.0,-3.0,True,11.0,-9.0,False,,,,,,,,,
GOES >= C1 flare within 15 min,2 false alarms/day on validation,C1.5,C,2026-07-13 17:33,2026-07-13 17:47,14.0,44,1.0,True,6.0,-8.0,True,5.0,-9.0,False,,,True,44.0,30.0,True,5.0,-9.0,True,5.0,-9.0,False,,,,,,,,,
GOES >= C1 flare within 15 min,2 false alarms/day on validation,C1.3,C,2026-07-13 18:15,2026-07-13 18:22,7.0,34,1.0,True,34.0,27.0,True,1.0,-6.0,False,,,True,34.0,27.0,True,34.0,27.0,True,34.0,27.0,False,,,,,,,,,
GOES >= C1 flare within 15 min,2 false alarms/day on validation,C1.5,C,2026-07-14 09:49,2026-07-14 09:56,7.0,37,1.0,True,0.0,-7.0,True,0.0,-7.0,False,,,True,37.0,30.0,False,,,False,,,False,,,,,,,,,
GOES >= C1 flare within 15 min,2 false alarms/day on validation,C1.2,C,2026-07-15 02:38,2026-07-15 03:12,34.0,64,1.0,True,20.0,-14.0,False,,,False,,,True,64.0,30.0,True,27.0,-7.0,True,15.0,-19.0,False,,,,,,,,,
GOES >= C1 flare within 15 min,2 false alarms/day on validation,C3.3,C,2026-07-15 08:35,2026-07-15 08:46,11.0,41,1.0,True,6.0,-5.0,True,6.0,-5.0,True,5.0,-6.0,True,41.0,30.0,True,4.0,-7.0,True,4.0,-7.0,False,,,,,,,,,
GOES >= C1 flare within 15 min,2 false alarms/day on validation,C1.5,C,2026-07-15 18:03,2026-07-15 18:14,11.0,41,1.0,True,2.0,-9.0,True,2.0,-9.0,False,,,True,41.0,30.0,True,5.0,-6.0,False,,,False,,,,,,,,,
GOES >= C1 flare within 15 min,2 false alarms/day on validation,C8.9,C,2026-07-15 20:46,2026-07-15 21:55,69.0,99,1.0,True,61.0,-8.0,True,59.0,-10.0,True,59.0,-10.0,True,99.0,30.0,True,59.0,-10.0,True,59.0,-10.0,False,,,,,,,,,
GOES >= C1 flare within 15 min,2 false alarms/day on validation,C5.2,C,2026-07-16 21:19,2026-07-16 21:35,16.0,46,1.0,True,8.0,-8.0,True,7.0,-9.0,True,6.0,-10.0,True,46.0,30.0,True,19.0,3.0,True,6.0,-10.0,False,,,,,,,,,
GOES >= C1 flare within 15 min,2 false alarms/day on validation,C1.4,C,2026-07-16 23:40,2026-07-16 23:48,8.0,38,1.0,False,,,False,,,False,,,True,38.0,30.0,False,,,False,,,False,,,,,,,,,
GOES >= C1 flare within 15 min,2 false alarms/day on validation,C1.6,C,2026-07-16 23:51,2026-07-17 00:02,11.0,13,1.0,True,12.0,1.0,False,,,True,0.0,-11.0,True,13.0,2.0,True,13.0,2.0,True,13.0,2.0,False,,,,,,,,,
GOES >= C1 flare within 15 min,2 false alarms/day on validation,C2.3,C,2026-07-18 03:56,2026-07-18 04:05,9.0,39,1.0,True,20.0,11.0,True,3.0,-6.0,True,1.0,-8.0,True,39.0,30.0,True,20.0,11.0,True,20.0,11.0,False,,,,,,,,,
GOES >= C1 flare within 15 min,2 false alarms/day on validation,C1.5,C,2026-07-18 21:39,2026-07-18 21:52,13.0,43,1.0,True,6.0,-7.0,True,1.0,-12.0,False,,,True,43.0,30.0,True,5.0,-8.0,True,5.0,-8.0,False,,,,,,,,,
GOES >= C1 flare within 15 min,2 false alarms/day on validation,C1.3,C,2026-07-19 18:25,2026-07-19 18:44,19.0,49,0.0,False,,,False,,,False,,,True,49.0,30.0,True,11.0,-8.0,True,11.0,-8.0,False,,,,,,,,,
GOES >= C1 flare within 15 min,2 false alarms/day on validation,C1.8,C,2026-07-19 18:48,2026-07-19 19:11,23.0,26,0.0,True,19.0,-4.0,False,,,True,4.0,-19.0,True,26.0,3.0,True,3.0,-20.0,True,3.0,-20.0,False,,,,,,,,,
GOES >= C1 flare within 15 min,2 false alarms/day on validation,C2.1,C,2026-07-20 07:39,2026-07-20 07:46,7.0,37,1.0,True,1.0,-6.0,True,1.0,-6.0,True,0.0,-7.0,True,37.0,30.0,True,0.0,-7.0,True,0.0,-7.0,False,,,,,,,,,
GOES >= C1 flare within 15 min,2 false alarms/day on validation,C1.7,C,2026-07-20 08:34,2026-07-20 08:40,6.0,36,1.0,True,0.0,-6.0,True,0.0,-6.0,False,,,True,36.0,30.0,True,0.0,-6.0,True,0.0,-6.0,False,,,,,,,,,
GOES >= C1 flare within 15 min,2 false alarms/day on validation,C1.6,C,2026-07-20 12:09,2026-07-20 12:15,6.0,36,1.0,True,0.0,-6.0,False,,,False,,,True,36.0,30.0,False,,,False,,,False,,,,,,,,,
GOES >= C1 flare within 15 min,2 false alarms/day on validation,C2.9,C,2026-07-20 12:20,2026-07-20 12:40,20.0,24,1.0,True,24.0,4.0,True,14.0,-6.0,True,14.0,-6.0,True,24.0,4.0,True,15.0,-5.0,True,15.0,-5.0,False,,,,,,,,,
GOES >= C1 flare within 15 min,2 false alarms/day on validation,M2.5,M,2026-07-20 14:29,2026-07-20 14:36,7.0,37,1.0,True,1.0,-6.0,True,2.0,-5.0,True,37.0,30.0,True,37.0,30.0,True,0.0,-7.0,True,0.0,-7.0,False,,,,,,,,,
GOES >= C1 flare within 15 min,2 false alarms/day on validation,C7.1,C,2026-07-20 15:16,2026-07-20 15:20,4.0,34,1.0,True,1.0,-3.0,True,34.0,30.0,True,34.0,30.0,True,34.0,30.0,False,,,False,,,False,,,,,,,,,
GOES >= C1 flare within 15 min,2 false alarms/day on validation,C3.2,C,2026-07-20 17:12,2026-07-20 17:17,5.0,35,1.0,True,2.0,-3.0,True,2.0,-3.0,True,2.0,-3.0,True,35.0,30.0,True,12.0,7.0,True,12.0,7.0,False,,,,,,,,,
GOES >= C1 flare within 15 min,2 false alarms/day on validation,M1.1,M,2026-07-20 19:08,2026-07-20 19:20,12.0,42,1.0,True,2.0,-10.0,True,3.0,-9.0,True,3.0,-9.0,True,42.0,30.0,True,4.0,-8.0,True,4.0,-8.0,False,,,,,,,,,
GOES >= C1 flare within 15 min,2 false alarms/day on validation,C2.9,C,2026-07-20 21:31,2026-07-20 21:41,10.0,40,1.0,True,3.0,-7.0,True,3.0,-7.0,True,3.0,-7.0,True,40.0,30.0,True,2.0,-8.0,True,2.0,-8.0,False,,,,,,,,,
GOES >= C1 flare within 15 min,2 false alarms/day on validation,M3.4,M,2026-07-20 22:15,2026-07-20 22:25,10.0,40,1.0,True,40.0,30.0,True,4.0,-6.0,True,40.0,30.0,True,40.0,30.0,True,4.0,-6.0,True,4.0,-6.0,False,,,,,,,,,
GOES >= C1 flare within 15 min,2 false alarms/day on validation,C7.6,C,2026-07-20 23:17,2026-07-20 23:24,7.0,37,1.0,True,2.0,-5.0,True,3.0,-4.0,True,37.0,30.0,True,37.0,30.0,True,8.0,1.0,True,8.0,1.0,False,,,,,,,,,
GOES >= C1 flare within 15 min,2 false alarms/day on validation,C2.4,C,2026-07-21 00:15,2026-07-21 00:20,5.0,35,1.0,True,1.0,-4.0,True,0.0,-5.0,True,35.0,30.0,True,35.0,30.0,True,0.0,-5.0,True,0.0,-5.0,False,,,,,,,,,
GOES >= C1 flare within 15 min,2 false alarms/day on validation,C6.5,C,2026-07-21 00:38,2026-07-21 00:51,13.0,30,1.0,True,30.0,17.0,True,30.0,17.0,True,30.0,17.0,True,30.0,17.0,True,5.0,-8.0,True,5.0,-8.0,False,,,,,,,,,
GOES >= C1 flare within 15 min,2 false alarms/day on validation,C2.6,C,2026-07-21 01:20,2026-07-21 01:29,9.0,37,1.0,True,37.0,28.0,True,37.0,28.0,True,37.0,28.0,True,37.0,28.0,True,37.0,28.0,True,37.0,28.0,False,,,,,,,,,
GOES >= C1 flare within 15 min,2 false alarms/day on validation,C2.5,C,2026-07-21 01:48,2026-07-21 01:58,10.0,28,1.0,True,28.0,18.0,True,28.0,18.0,True,28.0,18.0,True,28.0,18.0,False,,,False,,,False,,,,,,,,,
GOES >= C1 flare within 15 min,2 false alarms/day on validation,C4.3,C,2026-07-21 03:47,2026-07-21 04:05,18.0,48,1.0,True,12.0,-6.0,True,12.0,-6.0,True,12.0,-6.0,True,48.0,30.0,True,11.0,-7.0,True,11.0,-7.0,False,,,,,,,,,
GOES >= C1 flare within 15 min,2 false alarms/day on validation,C7.6,C,2026-07-21 09:35,2026-07-21 09:56,21.0,51,1.0,True,13.0,-8.0,True,13.0,-8.0,True,14.0,-7.0,True,51.0,30.0,True,13.0,-8.0,True,13.0,-8.0,False,,,,,,,,,
GOES >= C1 flare within 15 min,2 false alarms/day on validation,C4.0,C,2026-07-21 11:36,2026-07-21 11:42,6.0,36,1.0,True,1.0,-5.0,True,1.0,-5.0,True,1.0,-5.0,True,36.0,30.0,True,0.0,-6.0,True,0.0,-6.0,False,,,,,,,,,
GOES >= C1 flare within 15 min,2 false alarms/day on validation,C5.0,C,2026-07-21 14:03,2026-07-21 14:14,11.0,41,1.0,True,4.0,-7.0,True,4.0,-7.0,True,41.0,30.0,True,41.0,30.0,True,4.0,-7.0,True,4.0,-7.0,False,,,,,,,,,
GOES >= C1 flare within 15 min,2 false alarms/day on validation,C3.1,C,2026-07-21 14:31,2026-07-21 14:38,7.0,23,1.0,True,23.0,16.0,True,23.0,16.0,True,23.0,16.0,True,23.0,16.0,True,23.0,16.0,True,23.0,16.0,False,,,,,,,,,
GOES >= C1 flare within 15 min,2 false alarms/day on validation,C3.4,C,2026-07-21 14:43,2026-07-21 14:57,14.0,18,1.0,True,15.0,1.0,True,18.0,4.0,True,18.0,4.0,True,18.0,4.0,True,18.0,4.0,True,18.0,4.0,False,,,,,,,,,
GOES >= C1 flare within 15 min,2 false alarms/day on validation,C5.0,C,2026-07-21 16:05,2026-07-21 16:08,3.0,33,1.0,False,,,True,33.0,30.0,True,33.0,30.0,True,33.0,30.0,False,,,False,,,False,,,,,,,,,
GOES >= C1 flare within 15 min,2 false alarms/day on validation,C3.2,C,2026-07-21 17:02,2026-07-21 17:07,5.0,35,1.0,True,1.0,-4.0,True,1.0,-4.0,True,35.0,30.0,True,35.0,30.0,False,,,False,,,False,,,,,,,,,
GOES >= C1 flare within 15 min,2 false alarms/day on validation,M1.8,M,2026-07-21 17:16,2026-07-21 17:27,11.0,19,1.0,True,19.0,8.0,True,19.0,8.0,True,19.0,8.0,True,19.0,8.0,True,19.0,8.0,True,19.0,8.0,False,,,,,,,,,
GOES >= C1 flare within 15 min,2 false alarms/day on validation,C2.9,C,2026-07-21 19:16,2026-07-21 19:24,8.0,38,1.0,False,,,True,38.0,30.0,True,38.0,30.0,True,38.0,30.0,True,0.0,-8.0,True,0.0,-8.0,False,,,,,,,,,
GOES >= C1 flare within 15 min,2 false alarms/day on validation,C3.1,C,2026-07-21 20:27,2026-07-21 20:33,6.0,36,1.0,True,1.0,-5.0,True,0.0,-6.0,True,26.0,20.0,True,36.0,30.0,False,,,False,,,False,,,,,,,,,
GOES >= C1 flare within 15 min,2 false alarms/day on validation,C1.5,C,2026-07-21 22:03,2026-07-21 22:10,7.0,37,1.0,True,1.0,-6.0,False,,,False,,,True,37.0,30.0,True,1.0,-6.0,True,1.0,-6.0,False,,,,,,,,,
GOES >= C1 flare within 15 min,2 false alarms/day on validation,C2.0,C,2026-07-21 22:31,2026-07-21 22:40,9.0,29,1.0,True,29.0,20.0,True,3.0,-6.0,True,2.0,-7.0,True,29.0,20.0,True,29.0,20.0,True,29.0,20.0,False,,,,,,,,,
GOES >= C1 flare within 15 min,2 false alarms/day on validation,C2.4,C,2026-07-21 22:51,2026-07-21 22:55,4.0,14,1.0,True,14.0,10.0,True,14.0,10.0,True,14.0,10.0,True,14.0,10.0,True,14.0,10.0,True,14.0,10.0,False,,,,,,,,,
GOES >= C1 flare within 15 min,2 false alarms/day on validation,C2.4,C,2026-07-22 00:02,2026-07-22 00:11,9.0,39,1.0,True,1.0,-8.0,True,1.0,-8.0,True,1.0,-8.0,True,39.0,30.0,False,,,False,,,False,,,,,,,,,
GOES >= C1 flare within 15 min,2 false alarms/day on validation,C2.6,C,2026-07-22 01:02,2026-07-22 01:06,4.0,34,1.0,False,,,False,,,False,,,True,34.0,30.0,False,,,False,,,False,,,,,,,,,
GOES >= C1 flare within 15 min,2 false alarms/day on validation,C1.4,C,2026-07-22 03:14,2026-07-22 03:23,9.0,39,1.0,True,3.0,-6.0,False,,,False,,,True,39.0,30.0,True,1.0,-8.0,True,1.0,-8.0,False,,,,,,,,,
GOES >= C1 flare within 15 min,2 false alarms/day on validation,C6.8,C,2026-07-22 03:32,2026-07-22 03:38,6.0,14,1.0,True,14.0,8.0,True,2.0,-4.0,True,2.0,-4.0,True,14.0,8.0,True,14.0,8.0,True,14.0,8.0,False,,,,,,,,,
GOES >= C1 flare within 15 min,2 false alarms/day on validation,M3.5,M,2026-07-22 06:27,2026-07-22 06:35,8.0,38,1.0,True,2.0,-6.0,True,2.0,-6.0,True,2.0,-6.0,True,38.0,30.0,True,1.0,-7.0,True,1.0,-7.0,False,,,,,,,,,
GOES >= C1 flare within 15 min,2 false alarms/day on validation,C3.0,C,2026-07-22 12:09,2026-07-22 12:18,9.0,39,0.97,True,2.0,-7.0,True,2.0,-7.0,True,0.0,-9.0,True,39.0,30.0,True,1.0,-8.0,True,1.0,-8.0,False,,,,,,,,,
GOES >= C1 flare within 15 min,2 false alarms/day on validation,C3.3,C,2026-07-22 15:46,2026-07-22 15:53,7.0,37,1.0,True,0.0,-7.0,True,0.0,-7.0,True,0.0,-7.0,True,37.0,30.0,False,,,False,,,False,,,,,,,,,
GOES >= C1 flare within 15 min,2 false alarms/day on validation,C5.4,C,2026-07-22 18:42,2026-07-22 18:51,9.0,39,1.0,True,1.0,-8.0,True,1.0,-8.0,True,0.0,-9.0,True,39.0,30.0,False,,,False,,,False,,,,,,,,,
GOES >= C1 flare within 15 min,2 false alarms/day on validation,C1.7,C,2026-07-23 02:49,2026-07-23 02:53,4.0,34,1.0,True,0.0,-4.0,True,0.0,-4.0,False,,,True,34.0,30.0,False,,,False,,,False,,,,,,,,,
GOES >= C1 flare within 15 min,2 false alarms/day on validation,C1.5,C,2026-07-23 03:03,2026-07-23 03:12,9.0,18,1.0,True,18.0,9.0,True,18.0,9.0,False,,,True,18.0,9.0,True,18.0,9.0,True,18.0,9.0,False,,,,,,,,,
GOES >= C1 flare within 15 min,2 false alarms/day on validation,C2.0,C,2026-07-23 03:14,2026-07-23 03:18,4.0,5,1.0,True,5.0,1.0,True,5.0,1.0,False,,,True,5.0,1.0,True,5.0,1.0,True,5.0,1.0,False,,,,,,,,,
GOES >= C1 flare within 15 min,2 false alarms/day on validation,C5.3,C,2026-07-23 03:24,2026-07-23 03:27,3.0,8,1.0,True,8.0,5.0,True,0.0,-3.0,True,8.0,5.0,True,8.0,5.0,True,7.0,4.0,True,7.0,4.0,False,,,,,,,,,
GOES >= C1 flare within 15 min,2 false alarms/day on validation,C1.3,C,2026-07-23 06:38,2026-07-23 06:44,6.0,36,1.0,False,,,False,,,False,,,True,36.0,30.0,False,,,False,,,False,,,,,,,,,
GOES >= C1 flare within 15 min,2 false alarms/day on validation,C1.3,C,2026-07-23 09:57,2026-07-23 10:02,5.0,35,1.0,True,0.0,-5.0,True,0.0,-5.0,False,,,True,35.0,30.0,True,0.0,-5.0,True,0.0,-5.0,False,,,,,,,,,
GOES >= C1 flare within 15 min,2 false alarms/day on validation,C1.8,C,2026-07-23 16:45,2026-07-23 16:52,7.0,37,1.0,True,0.0,-7.0,True,0.0,-7.0,True,0.0,-7.0,True,37.0,30.0,True,0.0,-7.0,True,0.0,-7.0,False,,,,,,,,,
GOES >= C1 flare within 15 min,2 false alarms/day on validation,C2.6,C,2026-07-24 20:52,2026-07-24 21:05,13.0,43,1.0,True,7.0,-6.0,True,6.0,-7.0,True,5.0,-8.0,True,43.0,30.0,True,6.0,-7.0,True,6.0,-7.0,False,,,,,,,,,
GOES >= C1 flare within 15 min,2 false alarms/day on validation,C3.0,C,2026-07-24 21:46,2026-07-24 22:03,17.0,47,1.0,True,9.0,-8.0,True,8.0,-9.0,True,9.0,-8.0,True,47.0,30.0,True,9.0,-8.0,True,9.0,-8.0,False,,,,,,,,,
GOES >= C1 flare within 15 min,2 false alarms/day on validation,C1.8,C,2026-07-25 01:30,2026-07-25 01:41,11.0,41,1.0,True,4.0,-7.0,True,1.0,-10.0,True,0.0,-11.0,True,41.0,30.0,True,1.0,-10.0,True,1.0,-10.0,False,,,,,,,,,
GOES >= C1 flare within 15 min,2 false alarms/day on validation,C2.0,C,2026-07-25 03:44,2026-07-25 03:51,7.0,37,1.0,True,2.0,-5.0,True,1.0,-6.0,True,1.0,-6.0,True,37.0,30.0,True,1.0,-6.0,True,1.0,-6.0,False,,,,,,,,,
GOES >= C1 flare within 15 min,2 false alarms/day on validation,C1.9,C,2026-07-25 05:36,2026-07-25 05:44,8.0,38,1.0,True,1.0,-7.0,True,1.0,-7.0,False,,,True,38.0,30.0,False,,,False,,,False,,,,,,,,,
GOES >= C1 flare within 15 min,2 false alarms/day on validation,C1.6,C,2026-07-25 21:23,2026-07-25 21:36,13.0,43,1.0,True,7.0,-6.0,False,,,False,,,True,43.0,30.0,True,37.0,24.0,True,37.0,24.0,False,,,,,,,,,
GOES >= C1 flare within 15 min,2 false alarms/day on validation,C1.5,C,2026-07-26 03:00,2026-07-26 03:10,10.0,40,1.0,True,2.0,-8.0,False,,,False,,,True,40.0,30.0,True,4.0,-6.0,True,4.0,-6.0,False,,,,,,,,,
GOES >= C1 flare within 15 min,2 false alarms/day on validation,C1.5,C,2026-07-26 03:14,2026-07-26 03:23,9.0,12,1.0,True,12.0,3.0,False,,,False,,,True,12.0,3.0,True,12.0,3.0,True,12.0,3.0,False,,,,,,,,,
GOES >= C1 flare within 15 min,2 false alarms/day on validation,C2.0,C,2026-07-26 05:18,2026-07-26 05:25,7.0,37,1.0,True,0.0,-7.0,True,0.0,-7.0,False,,,True,37.0,30.0,False,,,False,,,False,,,,,,,,,
GOES >= C1 flare within 15 min,2 false alarms/day on validation,C4.2,C,2026-07-26 07:25,2026-07-26 07:31,6.0,36,1.0,True,0.0,-6.0,True,0.0,-6.0,True,0.0,-6.0,True,36.0,30.0,True,0.0,-6.0,True,0.0,-6.0,False,,,,,,,,,
GOES >= C1 flare within 15 min,2 false alarms/day on validation,C1.9,C,2026-07-26 10:05,2026-07-26 10:14,9.0,39,1.0,True,2.0,-7.0,True,1.0,-8.0,False,,,True,39.0,30.0,True,2.0,-7.0,True,2.0,-7.0,False,,,,,,,,,
GOES >= C1 flare within 15 min,2 false alarms/day on validation,C1.6,C,2026-07-26 13:48,2026-07-26 13:57,9.0,39,0.91,True,2.0,-7.0,False,,,False,,,True,39.0,30.0,True,1.0,-8.0,True,1.0,-8.0,False,,,,,,,,,
GOES >= C1 flare within 15 min,2 false alarms/day on validation,C1.4,C,2026-07-26 14:04,2026-07-26 14:09,5.0,11,0.94,True,11.0,6.0,False,,,False,,,True,11.0,6.0,True,11.0,6.0,True,11.0,6.0,False,,,,,,,,,
GOES >= C1 flare within 15 min,2 false alarms/day on validation,M3.2,M,2026-07-26 15:17,2026-07-26 15:28,11.0,41,1.0,True,3.0,-8.0,True,3.0,-8.0,True,2.0,-9.0,True,41.0,30.0,True,2.0,-9.0,True,2.0,-9.0,False,,,,,,,,,
GOES >= C1 flare within 15 min,2 false alarms/day on validation,M1.0,M,2026-07-27 02:32,2026-07-27 02:43,11.0,41,1.0,True,3.0,-8.0,True,3.0,-8.0,True,3.0,-8.0,True,41.0,30.0,True,1.0,-10.0,True,1.0,-10.0,False,,,,,,,,,
GOES >= C1 flare within 15 min,2 false alarms/day on validation,C1.5,C,2026-07-27 13:36,2026-07-27 13:42,6.0,36,0.99,False,,,False,,,False,,,True,36.0,30.0,False,,,False,,,False,,,,,,,,,
GOES >= C1 flare within 15 min,2 false alarms/day on validation,C2.8,C,2026-07-27 17:13,2026-07-27 17:25,12.0,42,1.0,True,4.0,-8.0,True,4.0,-8.0,True,2.0,-10.0,True,42.0,30.0,True,3.0,-9.0,True,3.0,-9.0,False,,,,,,,,,
GOES >= C1 flare within 15 min,2 false alarms/day on validation,C3.7,C,2026-07-27 19:35,2026-07-27 19:48,13.0,43,1.0,True,4.0,-9.0,True,5.0,-8.0,True,4.0,-9.0,True,43.0,30.0,True,4.0,-9.0,True,4.0,-9.0,False,,,,,,,,,
GOES >= C1 flare within 15 min,2 false alarms/day on validation,C3.3,C,2026-07-27 22:33,2026-07-27 22:44,11.0,41,1.0,True,2.0,-9.0,True,2.0,-9.0,True,1.0,-10.0,True,41.0,30.0,True,3.0,-8.0,True,3.0,-8.0,False,,,,,,,,,
GOES >= C1 flare within 15 min,2 false alarms/day on validation,C3.5,C,2026-07-27 22:51,2026-07-27 22:59,8.0,14,1.0,True,14.0,6.0,True,14.0,6.0,True,14.0,6.0,True,14.0,6.0,True,14.0,6.0,True,14.0,6.0,False,,,,,,,,,
GOES >= C1 flare within 15 min,2 false alarms/day on validation,C1.7,C,2026-07-28 02:08,2026-07-28 02:15,7.0,37,1.0,True,0.0,-7.0,True,0.0,-7.0,False,,,True,37.0,30.0,True,0.0,-7.0,True,0.0,-7.0,False,,,,,,,,,
GOES >= C1 flare within 15 min,2 false alarms/day on validation,C5.1,C,2026-07-28 03:07,2026-07-28 03:19,12.0,42,1.0,True,3.0,-9.0,True,4.0,-8.0,True,3.0,-9.0,True,42.0,30.0,True,3.0,-9.0,True,3.0,-9.0,False,,,,,,,,,
GOES >= C1 flare within 15 min,2 false alarms/day on validation,C1.4,C,2026-07-28 11:13,2026-07-28 11:20,7.0,37,1.0,False,,,False,,,False,,,True,37.0,30.0,False,,,False,,,False,,,,,,,,,
GOES >= C1 flare within 15 min,2 false alarms/day on validation,C1.5,C,2026-07-28 17:40,2026-07-28 17:47,7.0,37,1.0,True,0.0,-7.0,True,0.0,-7.0,False,,,True,37.0,30.0,False,,,False,,,False,,,,,,,,,
GOES >= C1 flare within 15 min,2 false alarms/day on validation,C1.7,C,2026-07-28 23:36,2026-07-28 23:45,9.0,39,1.0,True,1.0,-8.0,False,,,False,,,True,39.0,30.0,True,33.0,24.0,True,33.0,24.0,False,,,,,,,,,
GOES >= C1 flare within 15 min,2 false alarms/day on validation,C1.6,C,2026-07-29 00:19,2026-07-29 00:22,3.0,33,1.0,True,33.0,30.0,False,,,False,,,True,33.0,30.0,False,,,False,,,False,,,,,,,,,
GOES >= C1 flare within 15 min,2 false alarms/day on validation,C1.2,C,2026-07-29 04:31,2026-07-29 04:38,7.0,37,1.0,True,0.0,-7.0,False,,,False,,,True,37.0,30.0,True,0.0,-7.0,True,0.0,-7.0,False,,,,,,,,,
GOES >= C1 flare within 15 min,2 false alarms/day on validation,C1.6,C,2026-07-29 16:10,2026-07-29 16:19,9.0,39,1.0,True,2.0,-7.0,True,2.0,-7.0,False,,,True,39.0,30.0,True,2.0,-7.0,True,2.0,-7.0,False,,,,,,,,,
GOES >= C1 flare within 15 min,2 false alarms/day on validation,C1.3,C,2026-07-29 17:19,2026-07-29 17:24,5.0,35,1.0,True,0.0,-5.0,False,,,False,,,True,35.0,30.0,False,,,False,,,False,,,,,,,,,
GOES >= C1 flare within 15 min,2 false alarms/day on validation,C3.8,C,2026-07-30 05:44,2026-07-30 06:06,22.0,52,1.0,True,14.0,-8.0,True,13.0,-9.0,True,11.0,-11.0,True,52.0,30.0,True,14.0,-8.0,True,14.0,-8.0,False,,,,,,,,,
GOES >= C1 flare within 15 min,2 false alarms/day on validation,M1.9,M,2026-07-30 15:53,2026-07-30 17:00,67.0,97,0.98,True,71.0,4.0,True,62.0,-5.0,True,68.0,1.0,True,97.0,30.0,True,97.0,30.0,True,97.0,30.0,False,,,,,,,,,
GOES >= C1 flare within 15 min,2 false alarms/day on validation,C1.8,C,2026-07-31 01:21,2026-07-31 01:29,8.0,38,1.0,True,1.0,-7.0,True,1.0,-7.0,False,,,True,38.0,30.0,True,1.0,-7.0,True,1.0,-7.0,False,,,,,,,,,
GOES >= C1 flare within 15 min,2 false alarms/day on validation,C2.3,C,2026-07-31 02:31,2026-07-31 02:39,8.0,38,1.0,True,2.0,-6.0,True,1.0,-7.0,True,2.0,-6.0,True,38.0,30.0,True,0.0,-8.0,True,0.0,-8.0,False,,,,,,,,,
GOES >= C1 flare within 15 min,2 false alarms/day on validation,C3.1,C,2026-07-31 03:05,2026-07-31 03:16,11.0,36,1.0,True,36.0,25.0,True,5.0,-6.0,True,36.0,25.0,True,36.0,25.0,True,36.0,25.0,True,36.0,25.0,False,,,,,,,,,
GOES >= C1 flare within 15 min,2 false alarms/day on validation,C2.4,C,2026-07-31 06:41,2026-07-31 06:47,6.0,36,1.0,True,2.0,-4.0,True,36.0,30.0,True,36.0,30.0,True,36.0,30.0,True,35.0,29.0,True,35.0,29.0,False,,,,,,,,,
GOES >= C1 flare within 15 min,2 false alarms/day on validation,C1.4,C,2026-07-31 08:25,2026-07-31 08:34,9.0,39,1.0,True,1.0,-8.0,True,1.0,-8.0,False,,,True,39.0,30.0,True,0.0,-9.0,True,0.0,-9.0,False,,,,,,,,,
GOES >= C1 flare within 15 min,2 false alarms/day on validation,C2.3,C,2026-07-31 11:09,2026-07-31 11:19,10.0,40,1.0,True,6.0,-4.0,True,6.0,-4.0,True,2.0,-8.0,True,40.0,30.0,True,5.0,-5.0,True,5.0,-5.0,False,,,,,,,,,
GOES >= C1 flare within 15 min,2 false alarms/day on validation,C2.5,C,2026-07-31 11:36,2026-07-31 11:41,5.0,21,1.0,True,21.0,16.0,True,21.0,16.0,True,21.0,16.0,True,21.0,16.0,False,,,False,,,False,,,,,,,,,
GOES >= C1 flare within 15 min,2 false alarms/day on validation,C3.9,C,2026-07-31 11:43,2026-07-31 11:47,4.0,5,1.0,True,5.0,1.0,True,5.0,1.0,True,5.0,1.0,True,5.0,1.0,True,5.0,1.0,True,5.0,1.0,False,,,,,,,,,
GOES >= C1 flare within 15 min,2 false alarms/day on validation,C1.7,C,2026-07-31 13:47,2026-07-31 13:57,10.0,40,1.0,True,1.0,-9.0,True,1.0,-9.0,False,,,True,40.0,30.0,True,1.0,-9.0,True,1.0,-9.0,False,,,,,,,,,
GOES >= C1 flare within 15 min,2 false alarms/day on validation,C1.6,C,2026-07-31 18:03,2026-07-31 18:13,10.0,40,1.0,True,3.0,-7.0,True,3.0,-7.0,False,,,True,40.0,30.0,True,2.0,-8.0,True,2.0,-8.0,False,,,,,,,,,
GOES >= C1 flare within 15 min,2 false alarms/day on validation,C1.1,C,2026-08-01 02:22,2026-08-01 02:26,4.0,34,1.0,False,,,False,,,False,,,True,34.0,30.0,False,,,False,,,False,,,,,,,,,
GOES >= C1 flare within 15 min,2 false alarms/day on validation,C1.0,C,2026-08-01 13:24,2026-08-01 13:30,6.0,36,1.0,False,,,False,,,False,,,True,36.0,30.0,False,,,False,,,False,,,,,,,,,
GOES >= C1 flare within 15 min,2 false alarms/day on validation,C2.0,C,2026-08-01 20:02,2026-08-01 20:11,9.0,39,1.0,True,2.0,-7.0,True,2.0,-7.0,True,0.0,-9.0,True,39.0,30.0,True,2.0,-7.0,True,2.0,-7.0,False,,,,,,,,,
GOES >= C1 flare within 15 min,2 false alarms/day on validation,C1.9,C,2026-08-01 20:20,2026-08-01 20:26,6.0,14,1.0,True,14.0,8.0,True,14.0,8.0,True,14.0,8.0,True,14.0,8.0,True,14.0,8.0,True,14.0,8.0,False,,,,,,,,,
GOES >= C1 flare within 15 min,2 false alarms/day on validation,C2.5,C,2026-08-01 22:29,2026-08-01 22:40,11.0,41,1.0,True,3.0,-8.0,True,3.0,-8.0,True,2.0,-9.0,True,41.0,30.0,True,2.0,-9.0,True,2.0,-9.0,False,,,,,,,,,
GOES >= C1 flare within 15 min,2 false alarms/day on validation,C4.0,C,2026-08-02 00:20,2026-08-02 00:33,13.0,43,1.0,True,4.0,-9.0,True,4.0,-9.0,True,4.0,-9.0,True,43.0,30.0,True,4.0,-9.0,True,4.0,-9.0,False,,,,,,,,,
GOES >= C1 flare within 15 min,2 false alarms/day on validation,C1.6,C,2026-08-02 01:55,2026-08-02 02:02,7.0,37,1.0,True,3.0,-4.0,True,3.0,-4.0,False,,,True,37.0,30.0,True,1.0,-6.0,True,1.0,-6.0,False,,,,,,,,,
GOES >= C1 flare within 15 min,2 false alarms/day on validation,C6.3,C,2026-08-02 05:19,2026-08-02 05:35,16.0,46,1.0,True,7.0,-9.0,True,7.0,-9.0,True,3.0,-13.0,True,46.0,30.0,True,6.0,-10.0,True,6.0,-10.0,False,,,,,,,,,
GOES >= C1 flare within 15 min,2 false alarms/day on validation,C1.4,C,2026-08-03 11:28,2026-08-03 11:33,5.0,35,1.0,False,,,False,,,False,,,True,35.0,30.0,False,,,False,,,False,,,,,,,,,
GOES >= C1 flare within 15 min,2 false alarms/day on validation,C1.2,C,2026-08-04 11:52,2026-08-04 11:58,6.0,36,1.0,True,0.0,-6.0,True,0.0,-6.0,False,,,True,36.0,30.0,False,,,False,,,False,,,,,,,,,
GOES >= C1 flare within 15 min,2 false alarms/day on validation,C1.0,C,2026-08-04 14:02,2026-08-04 14:08,6.0,36,1.0,False,,,False,,,False,,,True,36.0,30.0,False,,,False,,,False,,,,,,,,,
GOES >= C1 flare within 15 min,2 false alarms/day on validation,C1.1,C,2026-08-04 15:26,2026-08-04 15:34,8.0,38,1.0,False,,,False,,,False,,,True,38.0,30.0,False,,,False,,,False,,,,,,,,,
GOES >= C1 flare within 15 min,2 false alarms/day on validation,C1.6,C,2026-08-05 05:56,2026-08-05 06:22,26.0,56,1.0,True,17.0,-9.0,True,18.0,-8.0,False,,,True,56.0,30.0,True,21.0,-5.0,True,10.0,-16.0,False,,,,,,,,,
GOES >= C1 flare within 15 min,2 false alarms/day on validation,C1.0,C,2026-08-06 19:21,2026-08-06 19:29,8.0,38,1.0,True,0.0,-8.0,True,2.0,-6.0,False,,,True,38.0,30.0,True,20.0,12.0,False,,,False,,,,,,,,,
GOES >= C1 flare within 15 min,2 false alarms/day on validation,C1.1,C,2026-08-09 15:25,2026-08-09 15:48,23.0,53,1.0,True,41.0,18.0,True,41.0,18.0,False,,,True,53.0,30.0,True,41.0,18.0,True,41.0,18.0,False,,,,,,,,,
GOES >= C1 flare within 15 min,2 false alarms/day on validation,C1.8,C,2026-08-09 16:30,2026-08-09 16:40,10.0,40,1.0,True,1.0,-9.0,True,2.0,-8.0,True,1.0,-9.0,True,40.0,30.0,True,0.0,-10.0,True,0.0,-10.0,False,,,,,,,,,
GOES >= C1 flare within 15 min,2 false alarms/day on validation,C1.0,C,2026-08-09 17:43,2026-08-09 17:56,13.0,43,1.0,True,0.0,-13.0,True,1.0,-12.0,False,,,True,43.0,30.0,True,6.0,-7.0,True,0.0,-13.0,False,,,,,,,,,
GOES >= C1 flare within 15 min,2 false alarms/day on validation,C1.1,C,2026-08-09 18:01,2026-08-09 18:06,5.0,9,1.0,True,9.0,4.0,True,9.0,4.0,False,,,True,9.0,4.0,True,9.0,4.0,True,9.0,4.0,False,,,,,,,,,
GOES >= C1 flare within 15 min,2 false alarms/day on validation,C1.2,C,2026-08-09 20:26,2026-08-09 20:37,11.0,41,1.0,True,2.0,-9.0,True,3.0,-8.0,False,,,True,41.0,30.0,True,18.0,7.0,True,2.0,-9.0,False,,,,,,,,,
GOES >= C1 flare within 15 min,2 false alarms/day on validation,C1.0,C,2026-08-09 20:46,2026-08-09 20:53,7.0,15,1.0,True,15.0,8.0,True,15.0,8.0,False,,,True,15.0,8.0,True,15.0,8.0,True,15.0,8.0,False,,,,,,,,,
GOES >= C1 flare within 15 min,2 false alarms/day on validation,C4.0,C,2026-08-14 06:38,2026-08-14 07:01,23.0,53,1.0,True,14.0,-9.0,True,13.0,-10.0,True,11.0,-12.0,True,53.0,30.0,True,14.0,-9.0,True,14.0,-9.0,False,,,,,,,,,
GOES >= C1 flare within 15 min,2 false alarms/day on validation,C1.5,C,2026-08-14 09:44,2026-08-14 09:53,9.0,39,1.0,True,1.0,-8.0,True,1.0,-8.0,False,,,True,39.0,30.0,True,1.0,-8.0,True,1.0,-8.0,False,,,,,,,,,
GOES >= C1 flare within 15 min,2 false alarms/day on validation,C1.0,C,2026-08-14 11:33,2026-08-14 11:42,9.0,39,1.0,True,2.0,-7.0,True,2.0,-7.0,False,,,True,39.0,30.0,True,0.0,-9.0,True,0.0,-9.0,False,,,,,,,,,
GOES >= C1 flare within 15 min,2 false alarms/day on validation,C4.3,C,2026-08-14 21:45,2026-08-14 21:55,10.0,40,1.0,True,2.0,-8.0,True,2.0,-8.0,True,1.0,-9.0,True,40.0,30.0,False,,,False,,,False,,,,,,,,,
GOES >= C1 flare within 15 min,2 false alarms/day on validation,C1.2,C,2026-08-15 00:25,2026-08-15 00:33,8.0,38,1.0,True,2.0,-6.0,True,2.0,-6.0,False,,,True,38.0,30.0,True,1.0,-7.0,True,1.0,-7.0,False,,,,,,,,,
GOES >= C1 flare within 15 min,2 false alarms/day on validation,C3.3,C,2026-08-15 08:09,2026-08-15 08:18,9.0,39,1.0,True,0.0,-9.0,True,38.0,29.0,True,0.0,-9.0,True,39.0,30.0,True,37.0,28.0,True,0.0,-9.0,False,,,,,,,,,
GOES >= C1 flare within 15 min,2 false alarms/day on validation,C1.0,C,2026-08-15 09:21,2026-08-15 09:28,7.0,37,1.0,True,0.0,-7.0,True,0.0,-7.0,False,,,True,37.0,30.0,True,1.0,-6.0,False,,,False,,,,,,,,,
GOES >= C1 flare within 15 min,2 false alarms/day on validation,C2.0,C,2026-08-15 13:30,2026-08-15 13:39,9.0,39,1.0,True,1.0,-8.0,True,1.0,-8.0,True,0.0,-9.0,True,39.0,30.0,True,0.0,-9.0,True,0.0,-9.0,False,,,,,,,,,
GOES >= C1 flare within 15 min,2 false alarms/day on validation,C3.2,C,2026-08-15 14:38,2026-08-15 14:49,11.0,41,1.0,True,4.0,-7.0,True,4.0,-7.0,True,3.0,-8.0,True,41.0,30.0,True,4.0,-7.0,True,4.0,-7.0,False,,,,,,,,,
GOES >= C1 flare within 15 min,2 false alarms/day on validation,C1.0,C,2026-08-18 05:49,2026-08-18 05:52,3.0,33,1.0,False,,,False,,,False,,,True,33.0,30.0,False,,,False,,,False,,,,,,,,,
GOES >= C1 flare within 15 min,2 false alarms/day on validation,C3.9,C,2026-08-18 06:40,2026-08-18 06:43,3.0,33,1.0,True,0.0,-3.0,True,0.0,-3.0,True,0.0,-3.0,True,33.0,30.0,False,,,False,,,False,,,,,,,,,
GOES >= C1 flare within 15 min,2 false alarms/day on validation,C1.7,C,2026-08-18 07:00,2026-08-18 07:07,7.0,23,1.0,True,23.0,16.0,True,23.0,16.0,True,23.0,16.0,True,23.0,16.0,False,,,False,,,False,,,,,,,,,
GOES >= C1 flare within 15 min,2 false alarms/day on validation,C2.0,C,2026-08-18 19:51,2026-08-18 19:56,5.0,35,1.0,True,0.0,-5.0,False,,,True,0.0,-5.0,True,35.0,30.0,False,,,False,,,False,,,,,,,,,
GOES >= C1 flare within 15 min,2 false alarms/day on validation,C2.3,C,2026-08-18 22:38,2026-08-18 22:43,5.0,35,1.0,False,,,True,0.0,-5.0,True,13.0,8.0,True,35.0,30.0,False,,,False,,,False,,,,,,,,,
GOES >= C1 flare within 15 min,2 false alarms/day on validation,C2.8,C,2026-08-18 23:28,2026-08-18 23:40,12.0,42,1.0,True,5.0,-7.0,True,5.0,-7.0,True,5.0,-7.0,True,42.0,30.0,True,4.0,-8.0,True,4.0,-8.0,False,,,,,,,,,
GOES >= C1 flare within 15 min,2 false alarms/day on validation,C3.9,C,2026-08-19 00:06,2026-08-19 00:37,31.0,56,1.0,True,56.0,25.0,True,25.0,-6.0,True,56.0,25.0,True,56.0,25.0,True,24.0,-7.0,True,24.0,-7.0,False,,,,,,,,,
GOES >= C1 flare within 15 min,2 false alarms/day on validation,C2.0,C,2026-08-19 02:27,2026-08-19 02:31,4.0,34,1.0,False,,,True,0.0,-4.0,True,0.0,-4.0,True,34.0,30.0,False,,,False,,,False,,,,,,,,,
GOES >= C1 flare within 15 min,2 false alarms/day on validation,C3.9,C,2026-08-19 02:51,2026-08-19 02:56,5.0,24,1.0,True,24.0,19.0,True,24.0,19.0,True,24.0,19.0,True,24.0,19.0,False,,,False,,,False,,,,,,,,,
GOES >= C1 flare within 15 min,2 false alarms/day on validation,C3.0,C,2026-08-19 03:30,2026-08-19 03:46,16.0,46,1.0,True,9.0,-7.0,True,9.0,-7.0,True,9.0,-7.0,True,46.0,30.0,True,8.0,-8.0,True,8.0,-8.0,False,,,,,,,,,
GOES >= C1 flare within 15 min,2 false alarms/day on validation,C5.0,C,2026-08-19 04:45,2026-08-19 04:54,9.0,39,1.0,True,6.0,-3.0,True,5.0,-4.0,True,6.0,-3.0,True,39.0,30.0,True,4.0,-5.0,True,4.0,-5.0,False,,,,,,,,,
GOES >= C1 flare within 15 min,2 false alarms/day on validation,C1.3,C,2026-08-19 06:31,2026-08-19 06:36,5.0,35,1.0,True,1.0,-4.0,True,0.0,-5.0,False,,,True,35.0,30.0,True,0.0,-5.0,True,0.0,-5.0,False,,,,,,,,,
GOES >= C1 flare within 15 min,2 false alarms/day on validation,C2.7,C,2026-08-19 08:30,2026-08-19 08:44,14.0,44,1.0,True,6.0,-8.0,True,5.0,-9.0,True,5.0,-9.0,True,44.0,30.0,True,5.0,-9.0,True,5.0,-9.0,False,,,,,,,,,
GOES >= C1 flare within 15 min,2 false alarms/day on validation,C2.0,C,2026-08-19 09:01,2026-08-19 09:09,8.0,24,1.0,True,24.0,16.0,True,24.0,16.0,True,24.0,16.0,True,24.0,16.0,False,,,False,,,False,,,,,,,,,
GOES >= C1 flare within 15 min,2 false alarms/day on validation,C1.3,C,2026-08-19 11:01,2026-08-19 11:05,4.0,34,1.0,False,,,False,,,False,,,True,34.0,30.0,False,,,False,,,False,,,,,,,,,
GOES >= C1 flare within 15 min,2 false alarms/day on validation,C1.5,C,2026-08-19 11:29,2026-08-19 11:36,7.0,30,1.0,True,30.0,23.0,True,3.0,-4.0,False,,,True,30.0,23.0,True,29.0,22.0,True,29.0,22.0,False,,,,,,,,,
GOES >= C1 flare within 15 min,2 false alarms/day on validation,C1.3,C,2026-08-19 12:28,2026-08-19 12:31,3.0,33,1.0,True,15.0,12.0,True,15.0,12.0,False,,,True,33.0,30.0,False,,,False,,,False,,,,,,,,,
GOES >= C1 flare within 15 min,2 false alarms/day on validation,C4.9,C,2026-08-19 13:27,2026-08-19 13:39,12.0,42,1.0,True,4.0,-8.0,True,3.0,-9.0,True,3.0,-9.0,True,42.0,30.0,True,4.0,-8.0,True,4.0,-8.0,False,,,,,,,,,
GOES >= C1 flare within 15 min,2 false alarms/day on validation,C3.6,C,2026-08-19 14:02,2026-08-19 14:07,5.0,27,1.0,True,27.0,22.0,True,27.0,22.0,True,27.0,22.0,True,27.0,22.0,True,27.0,22.0,True,27.0,22.0,False,,,,,,,,,
GOES >= C1 flare within 15 min,2 false alarms/day on validation,C5.7,C,2026-08-19 15:09,2026-08-19 15:17,8.0,38,1.0,True,1.0,-7.0,True,1.0,-7.0,True,29.0,21.0,True,38.0,30.0,False,,,False,,,False,,,,,,,,,
GOES >= C1 flare within 15 min,2 false alarms/day on validation,C3.4,C,2026-08-19 16:33,2026-08-19 16:38,5.0,35,1.0,True,1.0,-4.0,True,2.0,-3.0,True,35.0,30.0,True,35.0,30.0,True,31.0,26.0,True,31.0,26.0,False,,,,,,,,,
GOES >= C1 flare within 15 min,2 false alarms/day on validation,C2.5,C,2026-08-19 17:12,2026-08-19 17:17,5.0,35,1.0,True,35.0,30.0,True,1.0,-4.0,True,35.0,30.0,True,35.0,30.0,True,0.0,-5.0,True,0.0,-5.0,False,,,,,,,,,
GOES >= C1 flare within 15 min,2 false alarms/day on validation,M1.0,M,2026-08-19 18:24,2026-08-19 18:51,27.0,57,1.0,True,20.0,-7.0,True,21.0,-6.0,True,57.0,30.0,True,57.0,30.0,True,19.0,-8.0,True,19.0,-8.0,False,,,,,,,,,
GOES >= C1 flare within 15 min,2 false alarms/day on validation,C1.7,C,2026-08-19 21:51,2026-08-19 22:00,9.0,39,1.0,True,1.0,-8.0,True,1.0,-8.0,False,,,True,39.0,30.0,True,1.0,-8.0,True,1.0,-8.0,False,,,,,,,,,
GOES >= C1 flare within 15 min,2 false alarms/day on validation,C2.0,C,2026-08-19 23:46,2026-08-19 23:54,8.0,38,1.0,True,2.0,-6.0,True,2.0,-6.0,True,1.0,-7.0,True,38.0,30.0,True,1.0,-7.0,True,1.0,-7.0,False,,,,,,,,,
GOES >= C1 flare within 15 min,2 false alarms/day on validation,C1.7,C,2026-08-20 00:41,2026-08-20 00:49,8.0,38,1.0,True,2.0,-6.0,True,1.0,-7.0,False,,,True,38.0,30.0,True,1.0,-7.0,True,1.0,-7.0,False,,,,,,,,,
GOES >= C1 flare within 15 min,2 false alarms/day on validation,C2.0,C,2026-08-20 01:00,2026-08-20 01:04,4.0,14,1.0,True,13.0,9.0,True,1.0,-3.0,True,14.0,10.0,True,14.0,10.0,True,14.0,10.0,True,14.0,10.0,False,,,,,,,,,
GOES >= C1 flare within 15 min,2 false alarms/day on validation,C1.5,C,2026-08-20 03:36,2026-08-20 03:43,7.0,37,1.0,True,1.0,-6.0,False,,,False,,,True,37.0,30.0,False,,,False,,,False,,,,,,,,,
GOES >= C1 flare within 15 min,2 false alarms/day on validation,C3.3,C,2026-08-20 03:59,2026-08-20 04:08,9.0,24,1.0,True,24.0,15.0,True,24.0,15.0,True,0.0,-9.0,True,24.0,15.0,True,24.0,15.0,True,24.0,15.0,False,,,,,,,,,
GOES >= C1 flare within 15 min,2 false alarms/day on validation,C3.1,C,2026-08-20 04:37,2026-08-20 04:49,12.0,40,1.0,True,40.0,28.0,True,40.0,28.0,True,40.0,28.0,True,40.0,28.0,True,39.0,27.0,True,39.0,27.0,False,,,,,,,,,
GOES >= C1 flare within 15 min,2 false alarms/day on validation,C1.5,C,2026-08-20 06:27,2026-08-20 06:31,4.0,34,1.0,False,,,False,,,False,,,True,34.0,30.0,False,,,False,,,False,,,,,,,,,
GOES >= C1 flare within 15 min,2 false alarms/day on validation,M1.8,M,2026-08-20 07:30,2026-08-20 08:05,35.0,65,1.0,True,29.0,-6.0,True,26.0,-9.0,True,25.0,-10.0,True,65.0,30.0,True,26.0,-9.0,True,26.0,-9.0,False,,,,,,,,,
GOES >= C1 flare within 15 min,2 false alarms/day on validation,C2.4,C,2026-08-20 10:12,2026-08-20 10:19,7.0,37,1.0,True,1.0,-6.0,True,1.0,-6.0,True,1.0,-6.0,True,37.0,30.0,True,0.0,-7.0,True,0.0,-7.0,False,,,,,,,,,
GOES >= C1 flare within 15 min,2 false alarms/day on validation,C8.0,C,2026-08-20 11:19,2026-08-20 11:29,10.0,40,1.0,True,4.0,-6.0,True,3.0,-7.0,True,3.0,-7.0,True,40.0,30.0,True,2.0,-8.0,True,2.0,-8.0,False,,,,,,,,,
GOES >= C1 flare within 15 min,2 false alarms/day on validation,M8.1,M,2026-08-20 11:32,2026-08-20 11:42,10.0,12,1.0,True,12.0,2.0,True,12.0,2.0,True,12.0,2.0,True,12.0,2.0,True,12.0,2.0,True,12.0,2.0,False,,,,,,,,,
GOES >= C1 flare within 15 min,2 false alarms/day on validation,M2.9,M,2026-08-20 15:51,2026-08-20 16:11,20.0,50,1.0,True,15.0,-5.0,True,14.0,-6.0,True,13.0,-7.0,True,50.0,30.0,True,12.0,-8.0,True,12.0,-8.0,False,,,,,,,,,
GOES >= C1 flare within 15 min,2 false alarms/day on validation,C2.4,C,2026-08-20 17:17,2026-08-20 17:22,5.0,35,1.0,True,0.0,-5.0,True,0.0,-5.0,True,35.0,30.0,True,35.0,30.0,False,,,False,,,False,,,,,,,,,
GOES >= C1 flare within 15 min,2 false alarms/day on validation,C2.6,C,2026-08-20 17:45,2026-08-20 17:52,7.0,29,1.0,True,29.0,22.0,True,29.0,22.0,True,29.0,22.0,True,29.0,22.0,True,29.0,22.0,True,29.0,22.0,False,,,,,,,,,
GOES >= C1 flare within 15 min,2 false alarms/day on validation,C1.8,C,2026-08-20 19:39,2026-08-20 19:54,15.0,45,1.0,True,10.0,-5.0,True,7.0,-8.0,True,3.0,-12.0,True,45.0,30.0,True,8.0,-7.0,True,8.0,-7.0,False,,,,,,,,,
GOES >= C1 flare within 15 min,2 false alarms/day on validation,C2.0,C,2026-08-20 20:03,2026-08-20 20:08,5.0,13,1.0,True,13.0,8.0,False,,,True,13.0,8.0,True,13.0,8.0,True,13.0,8.0,True,13.0,8.0,False,,,,,,,,,
GOES >= C1 flare within 15 min,2 false alarms/day on validation,C2.7,C,2026-08-20 20:58,2026-08-20 21:08,10.0,40,1.0,True,3.0,-7.0,True,2.0,-8.0,True,1.0,-9.0,True,40.0,30.0,True,2.0,-8.0,True,2.0,-8.0,False,,,,,,,,,
GOES >= C1 flare within 15 min,2 false alarms/day on validation,C1.5,C,2026-08-20 22:30,2026-08-20 22:34,4.0,34,1.0,True,0.0,-4.0,True,0.0,-4.0,False,,,True,34.0,30.0,False,,,False,,,False,,,,,,,,,
GOES >= C1 flare within 15 min,2 false alarms/day on validation,C3.5,C,2026-08-20 23:34,2026-08-20 23:44,10.0,40,1.0,True,3.0,-7.0,True,2.0,-8.0,True,2.0,-8.0,True,40.0,30.0,True,1.0,-9.0,True,1.0,-9.0,False,,,,,,,,,
GOES >= C1 flare within 15 min,2 false alarms/day on validation,C2.4,C,2026-08-21 00:13,2026-08-21 00:25,12.0,40,1.0,True,40.0,28.0,True,40.0,28.0,True,40.0,28.0,True,40.0,28.0,True,4.0,-8.0,True,4.0,-8.0,False,,,,,,,,,
GOES >= C1 flare within 15 min,2 false alarms/day on validation,C4.1,C,2026-08-21 01:37,2026-08-21 02:01,24.0,54,1.0,True,19.0,-5.0,True,18.0,-6.0,True,18.0,-6.0,True,54.0,30.0,True,36.0,12.0,True,36.0,12.0,False,,,,,,,,,
GOES >= C1 flare within 15 min,2 false alarms/day on validation,C6.7,C,2026-08-21 02:06,2026-08-21 02:20,14.0,18,1.0,True,18.0,4.0,True,18.0,4.0,True,18.0,4.0,True,18.0,4.0,True,8.0,-6.0,True,8.0,-6.0,False,,,,,,,,,
GOES >= C1 flare within 15 min,2 false alarms/day on validation,C1.3,C,2026-08-21 03:47,2026-08-21 03:52,5.0,35,1.0,True,0.0,-5.0,False,,,False,,,True,35.0,30.0,True,25.0,20.0,True,25.0,20.0,False,,,,,,,,,
GOES >= C1 flare within 15 min,2 false alarms/day on validation,C1.5,C,2026-08-21 05:02,2026-08-21 05:09,7.0,37,1.0,True,2.0,-5.0,True,1.0,-6.0,False,,,True,37.0,30.0,True,0.0,-7.0,True,0.0,-7.0,False,,,,,,,,,
GOES >= C1 flare within 15 min,2 false alarms/day on validation,C1.8,C,2026-08-21 05:39,2026-08-21 05:52,13.0,42,1.0,True,42.0,29.0,True,42.0,29.0,True,0.0,-13.0,True,42.0,29.0,True,5.0,-8.0,True,5.0,-8.0,False,,,,,,,,,
GOES >= C1 flare within 15 min,2 false alarms/day on validation,C6.2,C,2026-08-21 06:26,2026-08-21 06:35,9.0,39,1.0,True,39.0,30.0,True,4.0,-5.0,True,4.0,-5.0,True,39.0,30.0,True,2.0,-7.0,True,2.0,-7.0,False,,,,,,,,,
GOES >= C1 flare within 15 min,2 false alarms/day on validation,C1.9,C,2026-08-21 07:04,2026-08-21 07:12,8.0,36,1.0,True,36.0,28.0,True,36.0,28.0,True,36.0,28.0,True,36.0,28.0,True,0.0,-8.0,True,0.0,-8.0,False,,,,,,,,,
GOES >= C1 flare within 15 min,2 false alarms/day on validation,C2.1,C,2026-08-21 07:27,2026-08-21 07:32,5.0,19,1.0,True,1.0,-4.0,True,1.0,-4.0,True,19.0,14.0,True,19.0,14.0,True,19.0,14.0,True,19.0,14.0,False,,,,,,,,,
GOES >= C1 flare within 15 min,2 false alarms/day on validation,M1.6,M,2026-08-21 09:09,2026-08-21 09:57,48.0,78,1.0,True,40.0,-8.0,True,39.0,-9.0,True,39.0,-9.0,True,78.0,30.0,True,46.0,-2.0,True,46.0,-2.0,False,,,,,,,,,
GOES >= C1 flare within 15 min,2 false alarms/day on validation,M1.6,M,2026-08-21 10:09,2026-08-21 10:18,9.0,20,1.0,True,20.0,11.0,True,20.0,11.0,True,20.0,11.0,True,20.0,11.0,True,20.0,11.0,True,20.0,11.0,False,,,,,,,,,
GOES >= C1 flare within 15 min,2 false alarms/day on validation,C3.4,C,2026-08-21 17:45,2026-08-21 17:53,8.0,38,1.0,True,1.0,-7.0,True,1.0,-7.0,True,2.0,-6.0,True,38.0,30.0,True,1.0,-7.0,True,1.0,-7.0,False,,,,,,,,,
GOES >= C1 flare within 15 min,2 false alarms/day on validation,C2.1,C,2026-08-21 18:25,2026-08-21 18:32,7.0,37,1.0,True,37.0,30.0,True,37.0,30.0,True,37.0,30.0,True,37.0,30.0,True,0.0,-7.0,True,0.0,-7.0,False,,,,,,,,,
GOES >= C1 flare within 15 min,2 false alarms/day on validation,C4.0,C,2026-08-21 20:45,2026-08-21 20:59,14.0,44,1.0,True,6.0,-8.0,True,5.0,-9.0,True,5.0,-9.0,True,44.0,30.0,True,38.0,24.0,True,38.0,24.0,False,,,,,,,,,
GOES >= C1 flare within 15 min,2 false alarms/day on validation,C1.4,C,2026-08-22 18:14,2026-08-22 18:23,9.0,39,1.0,True,4.0,-5.0,True,2.0,-7.0,False,,,True,39.0,30.0,True,14.0,5.0,True,14.0,5.0,False,,,,,,,,,
GOES >= C1 flare within 15 min,2 false alarms/day on validation,C1.1,C,2026-08-23 04:23,2026-08-23 04:32,9.0,39,1.0,True,0.0,-9.0,False,,,False,,,True,39.0,30.0,True,1.0,-8.0,True,1.0,-8.0,False,,,,,,,,,
GOES >= C1 flare within 15 min,2 false alarms/day on validation,C1.1,C,2026-08-23 04:57,2026-08-23 05:05,8.0,32,1.0,True,32.0,24.0,False,,,False,,,True,32.0,24.0,True,32.0,24.0,True,32.0,24.0,False,,,,,,,,,
GOES >= C1 flare within 15 min,2 false alarms/day on validation,C4.1,C,2026-08-23 06:24,2026-08-23 06:53,29.0,59,1.0,True,21.0,-8.0,True,20.0,-9.0,True,16.0,-13.0,True,59.0,30.0,True,21.0,-8.0,True,21.0,-8.0,False,,,,,,,,,
GOES >= C1 flare within 15 min,2 false alarms/day on validation,C1.6,C,2026-08-23 10:01,2026-08-23 10:08,7.0,37,1.0,True,0.0,-7.0,True,0.0,-7.0,False,,,True,37.0,30.0,True,0.0,-7.0,True,0.0,-7.0,False,,,,,,,,,
GOES >= C1 flare within 15 min,2 false alarms/day on validation,C1.7,C,2026-08-23 13:11,2026-08-23 13:15,4.0,34,1.0,True,0.0,-4.0,True,0.0,-4.0,False,,,True,34.0,30.0,True,10.0,6.0,True,10.0,6.0,False,,,,,,,,,
GOES >= C1 flare within 15 min,2 false alarms/day on validation,C1.0,C,2026-08-23 13:34,2026-08-23 13:42,8.0,26,1.0,True,26.0,18.0,True,26.0,18.0,True,26.0,18.0,True,26.0,18.0,True,25.0,17.0,True,25.0,17.0,False,,,,,,,,,
GOES >= C1 flare within 15 min,2 false alarms/day on validation,C1.4,C,2026-08-23 16:16,2026-08-23 16:28,12.0,42,1.0,True,5.0,-7.0,True,5.0,-7.0,False,,,True,42.0,30.0,True,5.0,-7.0,True,5.0,-7.0,False,,,,,,,,,
GOES >= C1 flare within 15 min,2 false alarms/day on validation,C2.7,C,2026-08-23 19:28,2026-08-23 19:35,7.0,37,1.0,True,3.0,-4.0,True,3.0,-4.0,True,0.0,-7.0,True,37.0,30.0,True,0.0,-7.0,True,0.0,-7.0,False,,,,,,,,,
GOES >= C1 flare within 15 min,2 false alarms/day on validation,C3.5,C,2026-08-23 21:47,2026-08-23 22:03,16.0,46,1.0,True,8.0,-8.0,True,8.0,-8.0,True,6.0,-10.0,True,46.0,30.0,True,7.0,-9.0,True,7.0,-9.0,False,,,,,,,,,
GOES >= C1 flare within 15 min,2 false alarms/day on validation,C4.9,C,2026-08-25 03:35,2026-08-25 03:47,12.0,42,1.0,True,5.0,-7.0,True,5.0,-7.0,True,12.0,0.0,True,42.0,30.0,True,3.0,-9.0,True,3.0,-9.0,False,,,,,,,,,
GOES >= C1 flare within 15 min,2 false alarms/day on validation,M1.0,M,2026-08-25 03:55,2026-08-25 04:02,7.0,14,1.0,True,14.0,7.0,True,14.0,7.0,True,14.0,7.0,True,14.0,7.0,True,1.0,-6.0,True,1.0,-6.0,False,,,,,,,,,
GOES >= C1 flare within 15 min,2 false alarms/day on validation,C1.6,C,2026-08-25 05:48,2026-08-25 05:55,7.0,37,1.0,True,0.0,-7.0,False,,,False,,,True,37.0,30.0,False,,,False,,,False,,,,,,,,,
GOES >= C1 flare within 15 min,2 false alarms/day on validation,M1.8,M,2026-08-25 06:30,2026-08-25 06:40,10.0,40,1.0,True,4.0,-6.0,True,4.0,-6.0,True,4.0,-6.0,True,40.0,30.0,True,3.0,-7.0,True,3.0,-7.0,False,,,,,,,,,
GOES >= C1 flare within 15 min,2 false alarms/day on validation,C6.2,C,2026-08-25 07:22,2026-08-25 07:28,6.0,36,1.0,True,1.0,-5.0,True,1.0,-5.0,True,36.0,30.0,True,36.0,30.0,True,0.0,-6.0,True,0.0,-6.0,False,,,,,,,,,
GOES >= C1 flare within 15 min,2 false alarms/day on validation,M6.9,M,2026-08-25 09:32,2026-08-25 10:02,30.0,60,1.0,True,34.0,4.0,True,33.0,3.0,True,36.0,6.0,True,60.0,30.0,True,33.0,3.0,True,33.0,3.0,False,,,,,,,,,
GOES >= C1 flare within 15 min,2 false alarms/day on validation,C4.7,C,2026-08-25 12:38,2026-08-25 12:58,20.0,50,1.0,True,7.0,-13.0,True,14.0,-6.0,True,50.0,30.0,True,50.0,30.0,True,12.0,-8.0,True,12.0,-8.0,False,,,,,,,,,
GOES >= C1 flare within 15 min,2 false alarms/day on validation,C1.2,C,2026-08-26 00:27,2026-08-26 00:50,23.0,53,1.0,False,,,False,,,False,,,True,53.0,30.0,True,15.0,-8.0,True,15.0,-8.0,False,,,,,,,,,
GOES >= C1 flare within 15 min,2 false alarms/day on validation,M2.2,M,2026-08-26 06:29,2026-08-26 06:34,5.0,35,1.0,True,2.0,-3.0,True,2.0,-3.0,True,2.0,-3.0,True,35.0,30.0,True,0.0,-5.0,True,0.0,-5.0,False,,,,,,,,,
GOES >= C1 flare within 15 min,2 false alarms/day on validation,C1.5,C,2026-08-26 11:40,2026-08-26 11:47,7.0,37,1.0,True,0.0,-7.0,True,0.0,-7.0,False,,,True,37.0,30.0,True,0.0,-7.0,True,0.0,-7.0,False,,,,,,,,,
GOES >= C1 flare within 15 min,2 false alarms/day on validation,M1.0,M,2026-08-26 12:06,2026-08-26 12:14,8.0,26,1.0,True,26.0,18.0,True,26.0,18.0,True,2.0,-6.0,True,26.0,18.0,True,26.0,18.0,True,26.0,18.0,False,,,,,,,,,
GOES >= C1 flare within 15 min,2 false alarms/day on validation,C1.3,C,2026-08-26 19:05,2026-08-26 19:12,7.0,37,1.0,True,2.0,-5.0,True,2.0,-5.0,False,,,True,37.0,30.0,True,0.0,-7.0,True,0.0,-7.0,False,,,,,,,,,
GOES >= C1 flare within 15 min,2 false alarms/day on validation,C3.4,C,2026-08-26 21:29,2026-08-26 21:40,11.0,41,1.0,True,1.0,-10.0,True,2.0,-9.0,True,0.0,-11.0,True,41.0,30.0,True,1.0,-10.0,True,1.0,-10.0,False,,,,,,,,,
GOES >= C1 flare within 15 min,2 false alarms/day on validation,C5.2,C,2026-08-27 01:32,2026-08-27 01:41,9.0,39,1.0,True,3.0,-6.0,True,3.0,-6.0,True,2.0,-7.0,True,39.0,30.0,True,2.0,-7.0,True,2.0,-7.0,False,,,,,,,,,
GOES >= C1 flare within 15 min,2 false alarms/day on validation,C1.3,C,2026-08-27 03:41,2026-08-27 03:50,9.0,39,1.0,True,1.0,-8.0,True,0.0,-9.0,False,,,True,39.0,30.0,True,34.0,25.0,True,34.0,25.0,False,,,,,,,,,
GOES >= C1 flare within 15 min,2 false alarms/day on validation,C1.2,C,2026-08-27 05:48,2026-08-27 05:53,5.0,35,1.0,True,22.0,17.0,True,0.0,-5.0,False,,,True,35.0,30.0,True,22.0,17.0,False,,,False,,,,,,,,,
GOES >= C1 flare within 15 min,2 false alarms/day on validation,C1.0,C,2026-08-27 06:31,2026-08-27 06:40,9.0,39,1.0,True,2.0,-7.0,True,0.0,-9.0,False,,,True,39.0,30.0,True,0.0,-9.0,True,0.0,-9.0,False,,,,,,,,,
GOES >= C1 flare within 15 min,2 false alarms/day on validation,C1.2,C,2026-08-27 07:03,2026-08-27 07:07,4.0,26,1.0,True,26.0,22.0,True,26.0,22.0,False,,,True,26.0,22.0,True,26.0,22.0,True,26.0,22.0,False,,,,,,,,,
GOES >= C1 flare within 15 min,2 false alarms/day on validation,C1.1,C,2026-08-28 04:12,2026-08-28 04:22,10.0,40,1.0,True,1.0,-9.0,True,2.0,-8.0,False,,,True,40.0,30.0,True,25.0,15.0,True,2.0,-8.0,False,,,,,,,,,
GOES >= C1 flare within 15 min,2 false alarms/day on validation,C1.1,C,2026-08-29 12:01,2026-08-29 12:11,10.0,40,1.0,True,3.0,-7.0,False,,,False,,,True,40.0,30.0,True,1.0,-9.0,True,1.0,-9.0,False,,,,,,,,,
GOES >= C1 flare within 15 min,2 false alarms/day on validation,C1.0,C,2026-08-29 13:15,2026-08-29 13:25,10.0,40,1.0,True,1.0,-9.0,True,0.0,-10.0,False,,,True,40.0,30.0,True,3.0,-7.0,True,3.0,-7.0,False,,,,,,,,,
GOES >= C1 flare within 15 min,2 false alarms/day on validation,C3.0,C,2026-08-30 01:10,2026-08-30 01:20,10.0,40,1.0,True,2.0,-8.0,True,2.0,-8.0,True,1.0,-9.0,True,40.0,30.0,True,0.0,-10.0,True,0.0,-10.0,False,,,,,,,,,
GOES >= C1 flare within 15 min,2 false alarms/day on validation,C2.1,C,2026-08-30 16:42,2026-08-30 16:56,14.0,44,1.0,True,4.0,-10.0,True,3.0,-11.0,True,2.0,-12.0,True,44.0,30.0,True,27.0,13.0,True,5.0,-9.0,False,,,,,,,,,
GOES >= C1 flare within 15 min,2 false alarms/day on validation,C1.0,C,2026-08-31 03:31,2026-08-31 03:33,2.0,32,1.0,True,15.0,13.0,False,,,False,,,True,32.0,30.0,True,16.0,14.0,True,16.0,14.0,False,,,,,,,,,
GOES >= C1 flare within 15 min,2 false alarms/day on validation,C1.4,C,2026-08-31 13:57,2026-08-31 14:14,17.0,47,1.0,True,13.0,-4.0,True,11.0,-6.0,True,4.0,-13.0,True,47.0,30.0,True,38.0,21.0,True,11.0,-6.0,False,,,,,,,,,
GOES >= C1 flare within 15 min,2 false alarms/day on validation,C1.4,C,2026-08-31 14:17,2026-08-31 14:25,8.0,10,1.0,True,10.0,2.0,False,,,True,9.0,1.0,True,10.0,2.0,True,10.0,2.0,True,10.0,2.0,False,,,,,,,,,
GOES >= C1 flare within 15 min,2 false alarms/day on validation,C1.6,C,2026-08-31 14:29,2026-08-31 14:41,12.0,15,1.0,True,15.0,3.0,False,,,False,,,True,15.0,3.0,False,,,False,,,False,,,,,,,,,
GOES >= C1 flare within 15 min,2 false alarms/day on validation,C2.6,C,2026-08-31 15:09,2026-08-31 15:16,7.0,34,1.0,True,33.0,26.0,True,2.0,-5.0,True,2.0,-5.0,True,34.0,27.0,True,1.0,-6.0,True,1.0,-6.0,False,,,,,,,,,
GOES >= C1 flare within 15 min,2 false alarms/day on validation,C5.7,C,2026-09-01 21:03,2026-09-01 21:10,7.0,37,1.0,True,1.0,-6.0,True,1.0,-6.0,True,1.0,-6.0,True,37.0,30.0,True,37.0,30.0,False,,,False,,,,,,,,,
GOES >= C1 flare within 15 min,2 false alarms/day on validation,C1.1,C,2026-09-01 22:40,2026-09-01 22:46,6.0,36,1.0,True,0.0,-6.0,False,,,False,,,True,36.0,30.0,True,1.0,-5.0,True,1.0,-5.0,False,,,,,,,,,
GOES >= C1 flare within 15 min,2 false alarms/day on validation,C1.9,C,2026-09-01 23:17,2026-09-01 23:38,21.0,51,1.0,True,51.0,30.0,True,3.0,-18.0,True,2.0,-19.0,True,51.0,30.0,True,51.0,30.0,True,51.0,30.0,False,,,,,,,,,
GOES >= C1 flare within 15 min,2 false alarms/day on validation,C1.2,C,2026-09-02 13:09,2026-09-02 13:21,12.0,42,1.0,True,5.0,-7.0,True,3.0,-9.0,False,,,True,42.0,30.0,True,14.0,2.0,False,,,False,,,,,,,,,
GOES >= C1 flare within 15 min,2 false alarms/day on validation,C1.3,C,2026-09-02 15:32,2026-09-02 15:47,15.0,45,1.0,True,7.0,-8.0,True,7.0,-8.0,False,,,True,45.0,30.0,True,6.0,-9.0,True,6.0,-9.0,False,,,,,,,,,
GOES >= C1 flare within 15 min,2 false alarms/day on validation,C1.5,C,2026-09-02 16:18,2026-09-02 16:30,12.0,42,1.0,True,42.0,30.0,True,3.0,-9.0,False,,,True,42.0,30.0,True,3.0,-9.0,True,3.0,-9.0,False,,,,,,,,,
GOES >= C1 flare within 15 min,2 false alarms/day on validation,M3.0,M,2026-09-02 18:57,2026-09-02 19:20,23.0,53,1.0,True,14.0,-9.0,True,14.0,-9.0,True,13.0,-10.0,True,53.0,30.0,True,14.0,-9.0,True,14.0,-9.0,False,,,,,,,,,
GOES >= C1 flare within 15 min,2 false alarms/day on validation,C2.2,C,2026-09-03 09:35,2026-09-03 09:42,7.0,37,1.0,True,2.0,-5.0,True,1.0,-6.0,True,0.0,-7.0,True,37.0,30.0,True,2.0,-5.0,True,2.0,-5.0,False,,,,,,,,,
GOES >= C1 flare within 15 min,2 false alarms/day on validation,C1.1,C,2026-09-03 11:40,2026-09-03 11:47,7.0,37,1.0,False,,,True,0.0,-7.0,False,,,True,37.0,30.0,False,,,False,,,False,,,,,,,,,
GOES >= C1 flare within 15 min,2 false alarms/day on validation,C4.2,C,2026-09-03 11:52,2026-09-03 11:59,7.0,11,1.0,True,11.0,4.0,True,11.0,4.0,True,1.0,-6.0,True,11.0,4.0,True,10.0,3.0,True,10.0,3.0,False,,,,,,,,,
GOES >= C1 flare within 15 min,2 false alarms/day on validation,C6.9,C,2026-09-03 14:36,2026-09-03 14:46,10.0,40,1.0,True,1.0,-9.0,True,2.0,-8.0,True,1.0,-9.0,True,40.0,30.0,True,0.0,-10.0,True,0.0,-10.0,False,,,,,,,,,
GOES >= C1 flare within 15 min,2 false alarms/day on validation,C7.7,C,2026-09-03 16:14,2026-09-03 16:30,16.0,46,1.0,True,11.0,-5.0,True,11.0,-5.0,True,9.0,-7.0,True,46.0,30.0,True,8.0,-8.0,True,8.0,-8.0,False,,,,,,,,,
GOES >= C1 flare within 15 min,2 false alarms/day on validation,C3.0,C,2026-09-03 18:22,2026-09-03 18:29,7.0,37,1.0,True,0.0,-7.0,True,0.0,-7.0,True,37.0,30.0,True,37.0,30.0,False,,,False,,,False,,,,,,,,,
GOES >= C1 flare within 15 min,2 false alarms/day on validation,C3.7,C,2026-09-03 19:55,2026-09-03 20:03,8.0,38,1.0,True,1.0,-7.0,True,2.0,-6.0,True,34.0,26.0,True,38.0,30.0,False,,,False,,,False,,,,,,,,,
GOES >= C1 flare within 15 min,2 false alarms/day on validation,C1.3,C,2026-09-04 06:08,2026-09-04 06:15,7.0,37,1.0,False,,,False,,,False,,,True,37.0,30.0,True,1.0,-6.0,True,1.0,-6.0,False,,,,,,,,,
GOES >= C1 flare within 15 min,2 false alarms/day on validation,M1.2,M,2026-09-04 07:45,2026-09-04 07:53,8.0,38,1.0,True,2.0,-6.0,True,2.0,-6.0,True,2.0,-6.0,True,38.0,30.0,False,,,False,,,False,,,,,,,,,
GOES >= C1 flare within 15 min,2 false alarms/day on validation,C7.1,C,2026-09-04 11:11,2026-09-04 11:19,8.0,38,1.0,True,3.0,-5.0,True,3.0,-5.0,True,2.0,-6.0,True,38.0,30.0,True,1.0,-7.0,True,1.0,-7.0,False,,,,,,,,,
GOES >= C1 flare within 15 min,2 false alarms/day on validation,C2.1,C,2026-09-04 12:58,2026-09-04 13:05,7.0,37,0.91,True,0.0,-7.0,True,0.0,-7.0,True,0.0,-7.0,True,37.0,30.0,False,,,False,,,False,,,,,,,,,
GOES >= C1 flare within 15 min,2 false alarms/day on validation,C1.3,C,2026-09-04 15:13,2026-09-04 15:27,14.0,44,1.0,True,6.0,-8.0,False,,,False,,,True,44.0,30.0,True,6.0,-8.0,True,6.0,-8.0,False,,,,,,,,,
GOES >= C1 flare within 15 min,2 false alarms/day on validation,C6.7,C,2026-09-04 19:02,2026-09-04 19:30,28.0,58,1.0,True,23.0,-5.0,True,23.0,-5.0,True,21.0,-7.0,True,58.0,30.0,True,22.0,-6.0,True,22.0,-6.0,False,,,,,,,,,
GOES >= C1 flare within 15 min,2 false alarms/day on validation,C1.2,C,2026-09-04 21:02,2026-09-04 21:21,19.0,49,1.0,False,,,False,,,False,,,True,49.0,30.0,True,10.0,-9.0,True,10.0,-9.0,False,,,,,,,,,
GOES >= C1 flare within 15 min,2 false alarms/day on validation,C6.4,C,2026-09-05 10:24,2026-09-05 10:45,21.0,51,1.0,True,14.0,-7.0,True,13.0,-8.0,True,7.0,-14.0,True,51.0,30.0,True,51.0,30.0,True,13.0,-8.0,False,,,,,,,,,
GOES >= C1 flare within 15 min,2 false alarms/day on validation,C1.5,C,2026-09-05 11:56,2026-09-05 12:02,6.0,36,1.0,True,1.0,-5.0,True,2.0,-4.0,False,,,True,36.0,30.0,True,1.0,-5.0,True,1.0,-5.0,False,,,,,,,,,
GOES >= C1 flare within 15 min,2 false alarms/day on validation,M1.0,M,2026-09-05 15:04,2026-09-05 15:18,14.0,44,1.0,True,6.0,-8.0,True,5.0,-9.0,True,4.0,-10.0,True,44.0,30.0,True,5.0,-9.0,True,5.0,-9.0,False,,,,,,,,,
GOES >= C1 flare within 15 min,2 false alarms/day on validation,C8.5,C,2026-09-05 17:31,2026-09-05 17:46,15.0,45,1.0,True,6.0,-9.0,True,7.0,-8.0,True,6.0,-9.0,True,45.0,30.0,True,5.0,-10.0,True,5.0,-10.0,False,,,,,,,,,
GOES >= C1 flare within 15 min,2 false alarms/day on validation,C5.0,C,2026-09-06 10:30,2026-09-06 10:42,12.0,42,1.0,True,3.0,-9.0,True,4.0,-8.0,True,3.0,-9.0,True,42.0,30.0,True,1.0,-11.0,True,1.0,-11.0,False,,,,,,,,,
GOES >= C1 flare within 15 min,2 false alarms/day on validation,C1.1,C,2026-09-06 13:15,2026-09-06 13:34,19.0,49,1.0,True,9.0,-10.0,False,,,False,,,True,49.0,30.0,True,11.0,-8.0,False,,,False,,,,,,,,,
GOES >= C1 flare within 15 min,2 false alarms/day on validation,C1.0,C,2026-09-07 19:29,2026-09-07 19:35,6.0,36,1.0,True,0.0,-6.0,True,0.0,-6.0,False,,,True,36.0,30.0,False,,,False,,,False,,,,,,,,,
GOES >= C1 flare within 15 min,2 false alarms/day on validation,C2.2,C,2026-09-08 12:19,2026-09-08 12:24,5.0,35,1.0,True,1.0,-4.0,True,2.0,-3.0,True,1.0,-4.0,True,35.0,30.0,True,1.0,-4.0,True,1.0,-4.0,False,,,,,,,,,
GOES >= C1 flare within 15 min,2 false alarms/day on validation,C2.8,C,2026-09-08 17:35,2026-09-08 17:43,8.0,38,1.0,True,1.0,-7.0,True,2.0,-6.0,True,1.0,-7.0,True,38.0,30.0,True,0.0,-8.0,True,0.0,-8.0,False,,,,,,,,,
GOES >= C1 flare within 15 min,2 false alarms/day on validation,C1.2,C,2026-09-08 20:33,2026-09-08 20:43,10.0,40,1.0,True,4.0,-6.0,True,3.0,-7.0,False,,,True,40.0,30.0,True,35.0,25.0,True,2.0,-8.0,False,,,,,,,,,
GOES >= C1 flare within 15 min,2 false alarms/day on validation,C1.2,C,2026-09-08 21:39,2026-09-08 21:49,10.0,40,1.0,False,,,False,,,False,,,True,40.0,30.0,True,0.0,-10.0,True,0.0,-10.0,False,,,,,,,,,
GOES >= C1 flare within 15 min,2 false alarms/day on validation,C2.7,C,2026-09-08 22:17,2026-09-08 22:24,7.0,34,1.0,True,31.0,24.0,True,3.0,-4.0,True,1.0,-6.0,True,34.0,27.0,True,34.0,27.0,True,34.0,27.0,False,,,,,,,,,
GOES >= C1 flare within 15 min,2 false alarms/day on validation,C3.5,C,2026-09-08 23:22,2026-09-08 23:39,17.0,47,1.0,True,9.0,-8.0,True,9.0,-8.0,True,5.0,-12.0,True,47.0,30.0,True,9.0,-8.0,True,9.0,-8.0,False,,,,,,,,,
GOES >= C1 flare within 15 min,2 false alarms/day on validation,C1.5,C,2026-09-09 05:53,2026-09-09 06:07,14.0,44,1.0,True,6.0,-8.0,True,7.0,-7.0,False,,,True,44.0,30.0,True,7.0,-7.0,False,,,False,,,,,,,,,
GOES >= C1 flare within 15 min,2 false alarms/day on validation,C3.2,C,2026-09-09 10:23,2026-09-09 10:32,9.0,39,1.0,True,2.0,-7.0,True,3.0,-6.0,True,2.0,-7.0,True,39.0,30.0,True,2.0,-7.0,True,2.0,-7.0,False,,,,,,,,,
GOES >= C1 flare within 15 min,2 false alarms/day on validation,C1.4,C,2026-09-10 00:25,2026-09-10 00:51,26.0,56,1.0,True,18.0,-8.0,True,17.0,-9.0,False,,,True,56.0,30.0,True,22.0,-4.0,True,17.0,-9.0,False,,,,,,,,,
GOES >= C1 flare within 15 min,2 false alarms/day on validation,C1.6,C,2026-09-10 16:52,2026-09-10 17:12,20.0,50,1.0,True,10.0,-10.0,False,,,False,,,True,50.0,30.0,True,12.0,-8.0,False,,,False,,,,,,,,,
GOES >= C1 flare within 15 min,2 false alarms/day on validation,C5.8,C,2026-09-12 17:09,2026-09-12 17:20,11.0,41,1.0,True,1.0,-10.0,True,2.0,-9.0,True,2.0,-9.0,True,41.0,30.0,True,0.0,-11.0,True,0.0,-11.0,False,,,,,,,,,
GOES >= C1 flare within 15 min,2 false alarms/day on validation,C3.3,C,2026-09-19 17:57,2026-09-19 18:17,20.0,50,1.0,True,11.0,-9.0,True,50.0,30.0,True,6.0,-14.0,True,50.0,30.0,True,50.0,30.0,False,,,False,,,,,,,,,
GOES >= C1 flare within 15 min,2 false alarms/day on validation,C3.7,C,2026-09-20 22:25,2026-09-20 22:34,9.0,39,1.0,True,5.0,-4.0,True,5.0,-4.0,True,4.0,-5.0,True,39.0,30.0,True,25.0,16.0,True,4.0,-5.0,False,,,,,,,,,
GOES flux reaches M1 within 30 min,0.5 false alarms/day on validation,M3.5,M,2026-04-02 17:24,2026-04-02 18:15,51.0,81,1.0,True,8.0,-43.0,True,7.0,-44.0,True,8.0,-43.0,True,81.0,30.0,False,,,False,,,True,8.0,-43.0,0.0,-1.0,0.0,73.0,,,0.0
GOES flux reaches M1 within 30 min,0.5 false alarms/day on validation,M1.3,M,2026-04-03 07:45,2026-04-03 07:56,11.0,41,1.0,True,0.0,-11.0,True,0.0,-11.0,True,0.0,-11.0,True,41.0,30.0,False,,,False,,,True,0.0,-11.0,0.0,0.0,0.0,41.0,,,0.0
GOES flux reaches M1 within 30 min,0.5 false alarms/day on validation,M1.3,M,2026-04-03 12:46,2026-04-03 12:50,4.0,34,1.0,False,,,True,0.0,-4.0,True,0.0,-4.0,True,34.0,30.0,False,,,False,,,True,0.0,-4.0,,-1.0,-1.0,33.0,,,-1.0
GOES flux reaches M1 within 30 min,0.5 false alarms/day on validation,M7.5,M,2026-04-04 01:07,2026-04-04 01:17,10.0,40,1.0,True,3.0,-7.0,True,4.0,-6.0,True,3.0,-7.0,True,40.0,30.0,False,,,False,,,True,3.0,-7.0,-1.0,0.0,-1.0,36.0,,,-1.0
GOES flux reaches M1 within 30 min,0.5 false alarms/day on validation,M1.7,M,2026-04-04 07:38,2026-04-04 07:58,20.0,50,1.0,True,6.0,-14.0,True,5.0,-15.0,True,6.0,-14.0,True,50.0,30.0,False,,,False,,,True,6.0,-14.0,1.0,0.0,1.0,45.0,,,1.0
GOES flux reaches M1 within 30 min,0.5 false alarms/day on validation,M1.2,M,2026-04-04 11:57,2026-04-04 12:11,14.0,44,1.0,True,5.0,-9.0,True,6.0,-8.0,True,4.0,-10.0,True,44.0,30.0,False,,,False,,,True,5.0,-9.0,1.0,2.0,0.0,40.0,,,1.0
GOES flux reaches M1 within 30 min,0.5 false alarms/day on validation,M1.0,M,2026-04-04 22:54,2026-04-04 23:04,10.0,40,1.0,True,1.0,-9.0,True,3.0,-7.0,True,1.0,-9.0,True,40.0,30.0,False,,,False,,,True,1.0,-9.0,0.0,2.0,0.0,39.0,,,0.0
GOES flux reaches M1 within 30 min,0.5 false alarms/day on validation,X2.5,X,2026-04-24 08:01,2026-04-24 08:13,12.0,42,1.0,True,5.0,-7.0,True,3.0,-9.0,True,3.0,-9.0,True,42.0,30.0,False,,,False,,,True,5.0,-7.0,1.0,-1.0,-1.0,38.0,,,1.0
GOES flux reaches M1 within 30 min,0.5 false alarms/day on validation,M1.9,M,2026-04-24 08:57,2026-04-24 09:07,10.0,40,1.0,True,40.0,30.0,True,1.0,-9.0,True,40.0,30.0,True,40.0,30.0,False,,,False,,,True,40.0,30.0,37.0,-2.0,37.0,37.0,,,37.0
GOES flux reaches M1 within 30 min,0.5 false alarms/day on validation,M1.7,M,2026-04-24 12:34,2026-04-24 13:01,27.0,57,1.0,True,9.0,-18.0,False,,,True,9.0,-18.0,True,57.0,30.0,False,,,False,,,True,9.0,-18.0,0.0,,0.0,48.0,,,0.0
GOES flux reaches M1 within 30 min,0.5 false alarms/day on validation,M6.4,M,2026-04-24 17:54,2026-04-24 18:15,21.0,51,1.0,True,12.0,-9.0,True,11.0,-10.0,True,11.0,-10.0,True,51.0,30.0,False,,,False,,,True,12.0,-9.0,0.0,-1.0,-1.0,39.0,,,0.0
GOES flux reaches M1 within 30 min,0.5 false alarms/day on validation,M1.3,M,2026-04-25 07:56,2026-04-25 07:59,3.0,33,1.0,False,,,True,0.0,-3.0,True,0.0,-3.0,True,33.0,30.0,False,,,False,,,True,0.0,-3.0,,0.0,0.0,33.0,,,0.0
GOES flux reaches M1 within 30 min,0.5 false alarms/day on validation,M1.1,M,2026-04-25 14:22,2026-04-25 14:30,8.0,38,0.97,False,,,True,0.0,-8.0,False,,,True,38.0,30.0,False,,,False,,,False,,,,0.0,,38.0,,,
GOES flux reaches M1 within 30 min,0.5 false alarms/day on validation,M1.3,M,2026-04-26 00:08,2026-04-26 00:23,15.0,45,1.0,True,4.0,-11.0,True,4.0,-11.0,True,2.0,-13.0,True,45.0,30.0,False,,,False,,,True,4.0,-11.0,2.0,2.0,0.0,43.0,,,2.0
GOES flux reaches M1 within 30 min,0.5 false alarms/day on validation,M1.4,M,2026-04-26 13:54,2026-04-26 14:03,9.0,39,1.0,True,1.0,-8.0,True,3.0,-6.0,True,1.0,-8.0,True,39.0,30.0,False,,,False,,,True,1.0,-8.0,0.0,2.0,0.0,38.0,,,0.0
GOES flux reaches M1 within 30 min,0.5 false alarms/day on validation,M1.7,M,2026-04-26 19:18,2026-04-26 19:24,6.0,36,1.0,True,14.0,8.0,False,,,True,8.0,2.0,True,36.0,30.0,False,,,False,,,True,14.0,8.0,11.0,,5.0,33.0,,,11.0
GOES flux reaches M1 within 30 min,0.5 false alarms/day on validation,M2.2,M,2026-04-26 19:54,2026-04-26 20:04,10.0,39,1.0,True,39.0,29.0,True,1.0,-9.0,True,39.0,29.0,True,39.0,29.0,False,,,False,,,True,39.0,29.0,36.0,-2.0,36.0,36.0,,,36.0
GOES flux reaches M1 within 30 min,0.5 false alarms/day on validation,M6.0,M,2026-04-26 22:51,2026-04-26 22:57,6.0,36,1.0,True,0.0,-6.0,True,1.0,-5.0,True,1.0,-5.0,True,36.0,30.0,False,,,False,,,True,1.0,-5.0,-2.0,-1.0,-1.0,34.0,,,-1.0
GOES flux reaches M1 within 30 min,0.5 false alarms/day on validation,M1.0,M,2026-04-27 06:39,2026-04-27 06:45,6.0,36,1.0,True,0.0,-6.0,True,1.0,-5.0,True,0.0,-6.0,True,36.0,30.0,False,,,False,,,True,0.0,-6.0,0.0,1.0,0.0,36.0,,,0.0
GOES flux reaches M1 within 30 min,0.5 false alarms/day on validation,M1.0,M,2026-04-28 12:17,2026-04-28 12:23,6.0,36,1.0,True,36.0,30.0,True,36.0,30.0,True,36.0,30.0,True,36.0,30.0,False,,,False,,,True,36.0,30.0,35.0,35.0,35.0,35.0,,,35.0
GOES flux reaches M1 within 30 min,0.5 false alarms/day on validation,M1.5,M,2026-04-28 13:49,2026-04-28 13:53,4.0,34,1.0,False,,,True,0.0,-4.0,True,0.0,-4.0,True,34.0,30.0,False,,,False,,,True,0.0,-4.0,,0.0,0.0,34.0,,,0.0
GOES flux reaches M1 within 30 min,0.5 false alarms/day on validation,M1.1,M,2026-04-28 14:03,2026-04-28 14:07,4.0,13,1.0,True,13.0,9.0,True,13.0,9.0,True,13.0,9.0,True,13.0,9.0,False,,,False,,,True,13.0,9.0,13.0,13.0,13.0,13.0,,,13.0
GOES flux reaches M1 within 30 min,0.5 false alarms/day on validation,M1.8,M,2026-05-04 01:13,2026-05-04 01:33,20.0,50,1.0,True,2.0,-18.0,True,2.0,-18.0,True,2.0,-18.0,True,50.0,30.0,False,,,False,,,True,2.0,-18.0,0.0,0.0,0.0,48.0,,,0.0
GOES flux reaches M1 within 30 min,0.5 false alarms/day on validation,M2.6,M,2026-05-07 14:20,2026-05-07 15:14,54.0,84,0.99,True,40.0,-14.0,False,,,True,35.0,-19.0,True,84.0,30.0,False,,,False,,,True,40.0,-14.0,7.0,,2.0,51.0,,,7.0
GOES flux reaches M1 within 30 min,0.5 false alarms/day on validation,M5.7,M,2026-05-10 13:19,2026-05-10 13:39,20.0,50,1.0,True,10.0,-10.0,True,9.0,-11.0,True,8.0,-12.0,True,50.0,30.0,False,,,False,,,True,10.0,-10.0,2.0,1.0,0.0,42.0,,,2.0
GOES flux reaches M1 within 30 min,0.5 false alarms/day on validation,M1.8,M,2026-05-16 15:50,2026-05-16 16:12,22.0,52,1.0,True,6.0,-16.0,True,6.0,-16.0,True,5.0,-17.0,True,52.0,30.0,False,,,False,,,True,6.0,-16.0,1.0,1.0,0.0,47.0,,,1.0
GOES flux reaches M1 within 30 min,0.5 false alarms/day on validation,M1.3,M,2026-05-16 16:22,2026-05-16 16:29,7.0,16,1.0,True,16.0,9.0,False,,,True,16.0,9.0,True,16.0,9.0,False,,,False,,,True,16.0,9.0,9.0,,9.0,9.0,,,9.0
GOES flux reaches M1 within 30 min,0.5 false alarms/day on validation,M1.9,M,2026-05-16 17:39,2026-05-16 17:42,3.0,33,1.0,True,0.0,-3.0,True,0.0,-3.0,True,0.0,-3.0,True,33.0,30.0,False,,,False,,,True,0.0,-3.0,-1.0,-1.0,-1.0,32.0,,,-1.0
GOES flux reaches M1 within 30 min,0.5 false alarms/day on validation,M1.4,M,2026-05-17 03:29,2026-05-17 03:39,10.0,40,1.0,True,2.0,-8.0,True,3.0,-7.0,True,2.0,-8.0,True,40.0,30.0,False,,,False,,,True,2.0,-8.0,0.0,1.0,0.0,38.0,,,0.0
GOES flux reaches M1 within 30 min,0.5 false alarms/day on validation,M1.1,M,2026-05-29 06:40,2026-05-29 07:04,24.0,54,1.0,True,14.0,-10.0,False,,,True,10.0,-14.0,True,54.0,30.0,False,,,False,,,True,9.0,-15.0,7.0,,3.0,47.0,,,2.0
GOES flux reaches M1 within 30 min,0.5 false alarms/day on validation,M1.2,M,2026-06-02 04:42,2026-06-02 04:45,3.0,33,1.0,False,,,True,0.0,-3.0,True,0.0,-3.0,True,33.0,30.0,False,,,False,,,False,,,,0.0,0.0,33.0,,,
GOES flux reaches M1 within 30 min,0.5 false alarms/day on validation,M1.2,M,2026-06-02 09:51,2026-06-02 10:05,14.0,44,1.0,True,3.0,-11.0,True,4.0,-10.0,True,3.0,-11.0,True,44.0,30.0,False,,,False,,,True,3.0,-11.0,0.0,1.0,0.0,41.0,,,0.0
GOES flux reaches M1 within 30 min,0.5 false alarms/day on validation,M3.3,M,2026-06-02 16:31,2026-06-02 16:50,19.0,49,1.0,True,7.0,-12.0,True,7.0,-12.0,True,6.0,-13.0,True,49.0,30.0,False,,,False,,,True,7.0,-12.0,1.0,1.0,0.0,43.0,,,1.0
GOES flux reaches M1 within 30 min,0.5 false alarms/day on validation,M9.3,M,2026-06-03 01:22,2026-06-03 01:36,14.0,44,1.0,True,8.0,-6.0,True,8.0,-6.0,True,8.0,-6.0,True,44.0,30.0,False,,,False,,,True,8.0,-6.0,0.0,0.0,0.0,36.0,,,0.0
GOES flux reaches M1 within 30 min,0.5 false alarms/day on validation,M7.7,M,2026-06-03 06:49,2026-06-03 07:00,11.0,41,1.0,True,2.0,-9.0,True,2.0,-9.0,True,2.0,-9.0,True,41.0,30.0,False,,,False,,,True,2.0,-9.0,-1.0,-1.0,-1.0,38.0,,,-1.0
GOES flux reaches M1 within 30 min,0.5 false alarms/day on validation,X1.0,X,2026-06-03 11:19,2026-06-03 11:28,9.0,39,1.0,True,5.0,-4.0,True,5.0,-4.0,True,5.0,-4.0,True,39.0,30.0,False,,,False,,,True,5.0,-4.0,-1.0,-1.0,-1.0,33.0,,,-1.0
GOES flux reaches M1 within 30 min,0.5 false alarms/day on validation,M1.8,M,2026-06-06 13:40,2026-06-06 14:01,21.0,51,1.0,True,15.0,-6.0,True,45.0,24.0,True,43.0,22.0,True,51.0,30.0,False,,,False,,,True,43.0,22.0,3.0,33.0,31.0,39.0,,,31.0
GOES flux reaches M1 within 30 min,0.5 false alarms/day on validation,M1.3,M,2026-06-20 01:26,2026-06-20 01:51,25.0,55,1.0,True,8.0,-17.0,True,7.0,-18.0,True,6.0,-19.0,True,55.0,30.0,False,,,False,,,True,8.0,-17.0,3.0,2.0,1.0,50.0,,,3.0
GOES flux reaches M1 within 30 min,0.5 false alarms/day on validation,M1.0,M,2026-06-20 14:50,2026-06-20 15:00,10.0,40,1.0,True,0.0,-10.0,True,1.0,-9.0,True,0.0,-10.0,True,40.0,30.0,False,,,False,,,True,0.0,-10.0,0.0,1.0,0.0,40.0,,,0.0
GOES flux reaches M1 within 30 min,0.5 false alarms/day on validation,M2.6,M,2026-06-21 02:25,2026-06-21 02:46,21.0,51,1.0,True,6.0,-15.0,True,7.0,-14.0,True,5.0,-16.0,True,51.0,30.0,False,,,False,,,True,6.0,-15.0,0.0,1.0,-1.0,45.0,,,0.0
GOES flux reaches M1 within 30 min,0.5 false alarms/day on validation,M6.8,M,2026-06-21 19:17,2026-06-21 19:29,12.0,42,1.0,True,3.0,-9.0,True,3.0,-9.0,True,3.0,-9.0,True,42.0,30.0,False,,,False,,,True,3.0,-9.0,0.0,0.0,0.0,39.0,,,0.0
GOES flux reaches M1 within 30 min,0.5 false alarms/day on validation,M1.4,M,2026-06-29 21:13,2026-06-29 21:40,27.0,57,1.0,True,6.0,-21.0,False,,,True,7.0,-20.0,True,57.0,30.0,False,,,False,,,True,6.0,-21.0,0.0,,1.0,51.0,,,0.0
GOES flux reaches M1 within 30 min,0.5 false alarms/day on validation,M1.3,M,2026-06-30 00:39,2026-06-30 01:16,37.0,67,1.0,True,11.0,-26.0,False,,,True,14.0,-23.0,True,67.0,30.0,False,,,False,,,True,11.0,-26.0,4.0,,7.0,60.0,,,4.0
GOES flux reaches M1 within 30 min,0.5 false alarms/day on validation,M5.8,M,2026-06-30 12:37,2026-06-30 12:57,20.0,50,0.91,True,14.0,-6.0,True,12.0,-8.0,True,13.0,-7.0,True,50.0,30.0,False,,,False,,,True,14.0,-6.0,1.0,-1.0,0.0,37.0,,,1.0
GOES flux reaches M1 within 30 min,0.5 false alarms/day on validation,X1.1,X,2026-06-30 20:34,2026-06-30 20:50,16.0,46,1.0,True,8.0,-8.0,True,7.0,-9.0,True,7.0,-9.0,True,46.0,30.0,False,,,False,,,True,8.0,-8.0,0.0,-1.0,-1.0,38.0,,,0.0
GOES flux reaches M1 within 30 min,0.5 false alarms/day on validation,M1.1,M,2026-07-01 06:19,2026-07-01 06:27,8.0,38,1.0,True,1.0,-7.0,True,1.0,-7.0,True,1.0,-7.0,True,38.0,30.0,False,,,False,,,True,1.0,-7.0,0.0,0.0,0.0,37.0,,,0.0
GOES flux reaches M1 within 30 min,0.5 false alarms/day on validation,M1.0,M,2026-07-01 06:37,2026-07-01 06:43,6.0,15,1.0,True,0.0,-6.0,True,15.0,9.0,True,15.0,9.0,True,15.0,9.0,False,,,False,,,True,15.0,9.0,-1.0,14.0,14.0,14.0,,,14.0
GOES flux reaches M1 within 30 min,0.5 false alarms/day on validation,M1.5,M,2026-07-01 07:28,2026-07-01 07:35,7.0,37,1.0,True,0.0,-7.0,True,0.0,-7.0,True,0.0,-7.0,True,37.0,30.0,False,,,False,,,True,0.0,-7.0,-1.0,-1.0,-1.0,36.0,,,-1.0
GOES flux reaches M1 within 30 min,0.5 false alarms/day on validation,M2.5,M,2026-07-01 08:07,2026-07-01 08:17,10.0,40,1.0,True,0.0,-10.0,True,40.0,30.0,True,40.0,30.0,True,40.0,30.0,False,,,False,,,True,40.0,30.0,-1.0,39.0,39.0,39.0,,,39.0
GOES flux reaches M1 within 30 min,0.5 false alarms/day on validation,M1.3,M,2026-07-01 10:04,2026-07-01 10:08,4.0,34,1.0,True,0.0,-4.0,True,0.0,-4.0,True,0.0,-4.0,True,34.0,30.0,False,,,False,,,True,0.0,-4.0,-1.0,-1.0,-1.0,33.0,,,-1.0
GOES flux reaches M1 within 30 min,0.5 false alarms/day on validation,M1.1,M,2026-07-01 14:22,2026-07-01 14:31,9.0,39,1.0,True,6.0,-3.0,False,,,True,1.0,-8.0,True,39.0,30.0,False,,,False,,,True,6.0,-3.0,5.0,,0.0,38.0,,,5.0
GOES flux reaches M1 within 30 min,0.5 false alarms/day on validation,M2.6,M,2026-07-01 14:39,2026-07-01 14:54,15.0,22,1.0,True,22.0,7.0,True,7.0,-8.0,True,22.0,7.0,True,22.0,7.0,False,,,False,,,True,22.0,7.0,12.0,-3.0,12.0,12.0,,,12.0
GOES flux reaches M1 within 30 min,0.5 false alarms/day on validation,M3.5,M,2026-07-01 18:44,2026-07-01 19:43,59.0,89,1.0,True,31.0,-28.0,False,,,True,29.0,-30.0,True,89.0,30.0,False,,,False,,,True,31.0,-28.0,2.0,,0.0,60.0,,,2.0
GOES flux reaches M1 within 30 min,0.5 false alarms/day on validation,M1.8,M,2026-07-01 20:15,2026-07-01 20:22,7.0,37,1.0,True,37.0,30.0,False,,,True,37.0,30.0,True,37.0,30.0,False,,,False,,,True,37.0,30.0,32.0,,32.0,32.0,,,32.0
GOES flux reaches M1 within 30 min,0.5 false alarms/day on validation,M8.5,M,2026-07-01 22:57,2026-07-01 23:09,12.0,42,1.0,True,4.0,-8.0,True,3.0,-9.0,True,4.0,-8.0,True,42.0,30.0,False,,,False,,,True,4.0,-8.0,0.0,-1.0,0.0,38.0,,,0.0
GOES flux reaches M1 within 30 min,0.5 false alarms/day on validation,M1.1,M,2026-07-01 23:49,2026-07-02 00:02,13.0,43,1.0,True,3.0,-10.0,False,,,True,3.0,-10.0,True,43.0,30.0,False,,,False,,,True,3.0,-10.0,0.0,,0.0,40.0,,,0.0
GOES flux reaches M1 within 30 min,0.5 false alarms/day on validation,M4.2,M,2026-07-02 01:37,2026-07-02 01:56,19.0,49,1.0,True,10.0,-9.0,True,8.0,-11.0,True,9.0,-10.0,True,49.0,30.0,False,,,False,,,True,10.0,-9.0,0.0,-2.0,-1.0,39.0,,,0.0
GOES flux reaches M1 within 30 min,0.5 false alarms/day on validation,M2.8,M,2026-07-02 10:21,2026-07-02 10:26,5.0,35,1.0,True,33.0,28.0,False,,,True,32.0,27.0,True,35.0,30.0,False,,,False,,,True,33.0,28.0,32.0,,31.0,34.0,,,32.0
GOES flux reaches M1 within 30 min,0.5 false alarms/day on validation,M1.2,M,2026-07-02 23:03,2026-07-02 23:12,9.0,39,1.0,True,0.0,-9.0,False,,,True,0.0,-9.0,True,39.0,30.0,False,,,False,,,True,0.0,-9.0,0.0,,0.0,39.0,,,0.0
GOES flux reaches M1 within 30 min,0.5 false alarms/day on validation,M1.4,M,2026-07-03 13:03,2026-07-03 13:13,10.0,40,0.91,True,3.0,-7.0,False,,,True,0.0,-10.0,True,40.0,30.0,False,,,False,,,True,3.0,-7.0,2.0,,-1.0,39.0,,,2.0
GOES flux reaches M1 within 30 min,0.5 false alarms/day on validation,M6.7,M,2026-07-03 17:49,2026-07-03 18:11,22.0,52,1.0,True,16.0,-6.0,True,8.0,-14.0,True,11.0,-11.0,True,52.0,30.0,False,,,False,,,True,16.0,-6.0,5.0,-3.0,0.0,41.0,,,5.0
GOES flux reaches M1 within 30 min,0.5 false alarms/day on validation,M6.3,M,2026-07-03 18:57,2026-07-03 18:59,2.0,32,1.0,True,32.0,30.0,True,0.0,-2.0,True,32.0,30.0,True,32.0,30.0,False,,,False,,,True,32.0,30.0,30.0,-2.0,30.0,30.0,,,30.0
GOES flux reaches M1 within 30 min,0.5 false alarms/day on validation,M1.5,M,2026-07-03 19:59,2026-07-03 20:08,9.0,39,0.99,True,38.0,29.0,False,,,True,39.0,30.0,True,39.0,30.0,False,,,False,,,True,39.0,30.0,34.0,,35.0,35.0,,,35.0
GOES flux reaches M1 within 30 min,0.5 false alarms/day on validation,M2.0,M,2026-07-03 23:50,2026-07-04 00:00,10.0,40,1.0,True,1.0,-9.0,True,1.0,-9.0,True,2.0,-8.0,True,40.0,30.0,False,,,False,,,True,1.0,-9.0,-1.0,-1.0,0.0,38.0,,,-1.0
GOES flux reaches M1 within 30 min,0.5 false alarms/day on validation,M2.3,M,2026-07-04 00:13,2026-07-04 00:23,10.0,22,1.0,True,22.0,12.0,True,22.0,12.0,True,22.0,12.0,True,22.0,12.0,False,,,False,,,True,22.0,12.0,17.0,17.0,17.0,17.0,,,17.0
GOES flux reaches M1 within 30 min,0.5 false alarms/day on validation,M2.1,M,2026-07-04 00:59,2026-07-04 01:13,14.0,44,1.0,True,44.0,30.0,True,3.0,-11.0,True,44.0,30.0,True,44.0,30.0,False,,,False,,,True,44.0,30.0,37.0,-4.0,37.0,37.0,,,37.0
GOES flux reaches M1 within 30 min,0.5 false alarms/day on validation,M1.2,M,2026-07-04 01:52,2026-07-04 02:01,9.0,39,1.0,True,39.0,30.0,False,,,True,39.0,30.0,True,39.0,30.0,False,,,False,,,True,39.0,30.0,35.0,,35.0,35.0,,,35.0
GOES flux reaches M1 within 30 min,0.5 false alarms/day on validation,M3.7,M,2026-07-04 03:21,2026-07-04 03:32,11.0,41,1.0,True,4.0,-7.0,True,3.0,-8.0,True,4.0,-7.0,True,41.0,30.0,False,,,False,,,True,4.0,-7.0,0.0,-1.0,0.0,37.0,,,0.0
GOES flux reaches M1 within 30 min,0.5 false alarms/day on validation,M1.3,M,2026-07-04 05:04,2026-07-04 05:15,11.0,41,1.0,True,3.0,-8.0,True,1.0,-10.0,True,3.0,-8.0,True,41.0,30.0,False,,,False,,,True,3.0,-8.0,0.0,-2.0,0.0,38.0,,,0.0
GOES flux reaches M1 within 30 min,0.5 false alarms/day on validation,M1.8,M,2026-07-04 07:48,2026-07-04 08:07,19.0,49,1.0,True,8.0,-11.0,False,,,True,6.0,-13.0,True,49.0,30.0,False,,,False,,,True,8.0,-11.0,3.0,,1.0,44.0,,,3.0
GOES flux reaches M1 within 30 min,0.5 false alarms/day on validation,M1.0,M,2026-07-04 08:41,2026-07-04 08:52,11.0,41,1.0,True,41.0,30.0,False,,,True,41.0,30.0,True,41.0,30.0,False,,,False,,,True,41.0,30.0,41.0,,41.0,41.0,,,41.0
GOES flux reaches M1 within 30 min,0.5 false alarms/day on validation,M3.2,M,2026-07-04 11:04,2026-07-04 11:12,8.0,38,1.0,True,24.0,16.0,True,4.0,-4.0,True,4.0,-4.0,True,38.0,30.0,False,,,False,,,True,24.0,16.0,19.0,-1.0,-1.0,33.0,,,19.0
GOES flux reaches M1 within 30 min,0.5 false alarms/day on validation,M3.2,M,2026-07-04 13:41,2026-07-04 13:51,10.0,40,0.99,True,3.0,-7.0,True,2.0,-8.0,True,3.0,-7.0,True,40.0,30.0,False,,,False,,,True,3.0,-7.0,-1.0,-2.0,-1.0,36.0,,,-1.0
GOES flux reaches M1 within 30 min,0.5 false alarms/day on validation,M1.1,M,2026-07-04 16:02,2026-07-04 16:06,4.0,34,1.0,True,32.0,28.0,False,,,True,0.0,-4.0,True,34.0,30.0,False,,,False,,,True,32.0,28.0,32.0,,0.0,34.0,,,32.0
GOES flux reaches M1 within 30 min,0.5 false alarms/day on validation,M1.9,M,2026-07-04 18:37,2026-07-04 18:48,11.0,41,0.99,True,5.0,-6.0,True,4.0,-7.0,True,5.0,-6.0,True,41.0,30.0,False,,,False,,,True,5.0,-6.0,1.0,0.0,1.0,37.0,,,1.0
GOES flux reaches M1 within 30 min,0.5 false alarms/day on validation,M1.5,M,2026-07-04 19:23,2026-07-04 19:36,13.0,43,0.99,True,43.0,30.0,False,,,True,43.0,30.0,True,43.0,30.0,False,,,False,,,True,43.0,30.0,38.0,,38.0,38.0,,,38.0
GOES flux reaches M1 within 30 min,0.5 false alarms/day on validation,X1.2,X,2026-07-04 20:29,2026-07-04 20:41,12.0,42,0.99,True,5.0,-7.0,True,3.0,-9.0,True,5.0,-7.0,True,42.0,30.0,False,,,False,,,True,5.0,-7.0,0.0,-2.0,0.0,37.0,,,0.0
GOES flux reaches M1 within 30 min,0.5 false alarms/day on validation,M1.1,M,2026-07-04 22:16,2026-07-04 22:24,8.0,38,0.96,True,38.0,30.0,False,,,True,38.0,30.0,True,38.0,30.0,False,,,False,,,True,38.0,30.0,36.0,,36.0,36.0,,,36.0
GOES flux reaches M1 within 30 min,0.5 false alarms/day on validation,M1.3,M,2026-07-05 00:24,2026-07-05 00:31,7.0,37,0.98,True,0.0,-7.0,True,0.0,-7.0,True,0.0,-7.0,True,37.0,30.0,False,,,False,,,True,0.0,-7.0,-1.0,-1.0,-1.0,36.0,,,-1.0
GOES flux reaches M1 within 30 min,0.5 false alarms/day on validation,M1.3,M,2026-07-05 04:19,2026-07-05 04:32,13.0,43,0.0,True,3.0,-10.0,True,2.0,-11.0,True,3.0,-10.0,True,43.0,30.0,False,,,False,,,True,3.0,-10.0,1.0,0.0,1.0,41.0,,,1.0
GOES flux reaches M1 within 30 min,0.5 false alarms/day on validation,M1.0,M,2026-07-05 04:41,2026-07-05 04:47,6.0,14,0.0,True,14.0,8.0,False,,,True,14.0,8.0,True,14.0,8.0,False,,,False,,,True,14.0,8.0,13.0,,13.0,13.0,,,13.0
GOES flux reaches M1 within 30 min,0.5 false alarms/day on validation,M2.7,M,2026-07-05 05:21,2026-07-05 05:39,18.0,48,0.0,True,8.0,-10.0,True,9.0,-9.0,True,48.0,30.0,True,48.0,30.0,False,,,False,,,True,48.0,30.0,-2.0,-1.0,38.0,38.0,,,38.0
GOES flux reaches M1 within 30 min,0.5 false alarms/day on validation,M1.4,M,2026-07-05 10:56,2026-07-05 11:00,4.0,34,0.0,True,0.0,-4.0,True,0.0,-4.0,True,1.0,-3.0,True,34.0,30.0,False,,,False,,,True,1.0,-3.0,-1.0,-1.0,0.0,33.0,,,0.0
GOES flux reaches M1 within 30 min,0.5 false alarms/day on validation,M1.4,M,2026-07-05 16:21,2026-07-05 16:32,11.0,41,0.0,True,4.0,-7.0,False,,,True,7.0,-4.0,True,41.0,30.0,False,,,False,,,True,7.0,-4.0,-3.0,,0.0,34.0,,,0.0
GOES flux reaches M1 within 30 min,0.5 false alarms/day on validation,M1.4,M,2026-07-05 16:41,2026-07-05 16:45,4.0,12,0.0,True,12.0,8.0,False,,,True,12.0,8.0,True,12.0,8.0,False,,,False,,,True,12.0,8.0,8.0,,8.0,8.0,,,8.0
GOES flux reaches M1 within 30 min,0.5 false alarms/day on validation,M5.3,M,2026-07-05 17:51,2026-07-05 17:57,6.0,36,0.0,True,1.0,-5.0,True,1.0,-5.0,True,1.0,-5.0,True,36.0,30.0,False,,,False,,,True,1.0,-5.0,-1.0,-1.0,-1.0,34.0,,,-1.0
GOES flux reaches M1 within 30 min,0.5 false alarms/day on validation,M1.4,M,2026-07-05 18:56,2026-07-05 19:07,11.0,41,0.0,True,2.0,-9.0,True,0.0,-11.0,True,2.0,-9.0,True,41.0,30.0,False,,,False,,,True,2.0,-9.0,0.0,-2.0,0.0,39.0,,,0.0
GOES flux reaches M1 within 30 min,0.5 false alarms/day on validation,M1.0,M,2026-07-05 21:14,2026-07-05 21:22,8.0,38,0.0,False,,,True,1.0,-7.0,True,1.0,-7.0,True,38.0,30.0,False,,,False,,,True,1.0,-7.0,,1.0,1.0,38.0,,,1.0
GOES flux reaches M1 within 30 min,0.5 false alarms/day on validation,M4.0,M,2026-07-07 14:09,2026-07-07 14:19,10.0,40,1.0,True,1.0,-9.0,True,1.0,-9.0,True,1.0,-9.0,True,40.0,30.0,False,,,False,,,True,1.0,-9.0,0.0,0.0,0.0,39.0,,,0.0
GOES flux reaches M1 within 30 min,0.5 false alarms/day on validation,M1.5,M,2026-07-08 17:49,2026-07-08 17:56,7.0,37,1.0,False,,,True,2.0,-5.0,True,1.0,-6.0,True,37.0,30.0,False,,,False,,,True,1.0,-6.0,,0.0,-1.0,35.0,,,-1.0
GOES flux reaches M1 within 30 min,0.5 false alarms/day on validation,M1.1,M,2026-07-09 02:17,2026-07-09 02:27,10.0,40,1.0,False,,,True,1.0,-9.0,True,0.0,-10.0,True,40.0,30.0,False,,,False,,,True,0.0,-10.0,,1.0,0.0,40.0,,,0.0
GOES flux reaches M1 within 30 min,0.5 false alarms/day on validation,M1.1,M,2026-07-12 07:17,2026-07-12 08:11,54.0,84,1.0,True,21.0,-33.0,False,,,True,14.0,-40.0,True,84.0,30.0,False,,,False,,,True,21.0,-33.0,14.0,,7.0,77.0,,,14.0
GOES flux reaches M1 within 30 min,0.5 false alarms/day on validation,M2.5,M,2026-07-20 14:29,2026-07-20 14:36,7.0,37,1.0,True,0.0,-7.0,True,0.0,-7.0,True,0.0,-7.0,True,37.0,30.0,False,,,False,,,True,0.0,-7.0,-1.0,-1.0,-1.0,36.0,,,-1.0
GOES flux reaches M1 within 30 min,0.5 false alarms/day on validation,M1.1,M,2026-07-20 19:08,2026-07-20 19:20,12.0,42,1.0,True,0.0,-12.0,True,2.0,-10.0,True,0.0,-12.0,True,42.0,30.0,False,,,False,,,True,0.0,-12.0,0.0,2.0,0.0,42.0,,,0.0
GOES flux reaches M1 within 30 min,0.5 false alarms/day on validation,M3.4,M,2026-07-20 22:15,2026-07-20 22:25,10.0,40,1.0,True,2.0,-8.0,True,2.0,-8.0,True,2.0,-8.0,True,40.0,30.0,False,,,False,,,True,2.0,-8.0,-1.0,-1.0,-1.0,37.0,,,-1.0
GOES flux reaches M1 within 30 min,0.5 false alarms/day on validation,M1.8,M,2026-07-21 17:16,2026-07-21 17:27,11.0,41,1.0,True,2.0,-9.0,True,2.0,-9.0,True,3.0,-8.0,True,41.0,30.0,False,,,False,,,True,3.0,-8.0,-1.0,-1.0,0.0,38.0,,,0.0
GOES flux reaches M1 within 30 min,0.5 false alarms/day on validation,M3.5,M,2026-07-22 06:27,2026-07-22 06:35,8.0,38,1.0,True,1.0,-7.0,True,1.0,-7.0,True,1.0,-7.0,True,38.0,30.0,False,,,False,,,True,1.0,-7.0,-1.0,-1.0,-1.0,36.0,,,-1.0
GOES flux reaches M1 within 30 min,0.5 false alarms/day on validation,M3.2,M,2026-07-26 15:17,2026-07-26 15:28,11.0,41,1.0,True,1.0,-10.0,True,2.0,-9.0,True,1.0,-10.0,True,41.0,30.0,False,,,False,,,True,1.0,-10.0,-1.0,0.0,-1.0,39.0,,,-1.0
GOES flux reaches M1 within 30 min,0.5 false alarms/day on validation,M1.0,M,2026-07-27 02:32,2026-07-27 02:43,11.0,41,1.0,False,,,True,2.0,-9.0,True,1.0,-10.0,True,41.0,30.0,False,,,False,,,True,1.0,-10.0,,1.0,0.0,40.0,,,0.0
GOES flux reaches M1 within 30 min,0.5 false alarms/day on validation,M1.9,M,2026-07-30 15:53,2026-07-30 17:00,67.0,97,0.98,True,52.0,-15.0,False,,,True,40.0,-27.0,True,97.0,30.0,False,,,False,,,True,52.0,-15.0,19.0,,7.0,64.0,,,19.0
GOES flux reaches M1 within 30 min,0.5 false alarms/day on validation,M1.0,M,2026-08-19 18:24,2026-08-19 18:51,27.0,57,1.0,True,8.0,-19.0,False,,,True,9.0,-18.0,True,57.0,30.0,False,,,False,,,True,9.0,-18.0,7.0,,8.0,56.0,,,8.0
GOES flux reaches M1 within 30 min,0.5 false alarms/day on validation,M1.8,M,2026-08-20 07:30,2026-08-20 08:05,35.0,65,1.0,True,16.0,-19.0,False,,,True,14.0,-21.0,True,65.0,30.0,False,,,False,,,True,16.0,-19.0,5.0,,3.0,54.0,,,5.0
GOES flux reaches M1 within 30 min,0.5 false alarms/day on validation,M8.1,M,2026-08-20 11:32,2026-08-20 11:42,10.0,40,1.0,True,15.0,5.0,True,15.0,5.0,True,13.0,3.0,True,40.0,30.0,False,,,False,,,True,15.0,5.0,7.0,7.0,5.0,32.0,,,7.0
GOES flux reaches M1 within 30 min,0.5 false alarms/day on validation,M2.9,M,2026-08-20 15:51,2026-08-20 16:11,20.0,50,1.0,True,9.0,-11.0,True,9.0,-11.0,True,9.0,-11.0,True,50.0,30.0,False,,,False,,,True,9.0,-11.0,0.0,0.0,0.0,41.0,,,0.0
GOES flux reaches M1 within 30 min,0.5 false alarms/day on validation,M1.6,M,2026-08-21 09:09,2026-08-21 09:57,48.0,78,1.0,True,31.0,-17.0,False,,,True,26.0,-22.0,True,78.0,30.0,False,,,False,,,True,31.0,-17.0,9.0,,4.0,56.0,,,9.0
GOES flux reaches M1 within 30 min,0.5 false alarms/day on validation,M1.6,M,2026-08-21 10:09,2026-08-21 10:18,9.0,20,1.0,True,20.0,11.0,False,,,True,20.0,11.0,True,20.0,11.0,False,,,False,,,True,20.0,11.0,11.0,,11.0,11.0,,,11.0
GOES flux reaches M1 within 30 min,0.5 false alarms/day on validation,M1.0,M,2026-08-25 03:55,2026-08-25 04:02,7.0,37,1.0,True,1.0,-6.0,False,,,True,0.0,-7.0,True,37.0,30.0,False,,,False,,,True,1.0,-6.0,1.0,,0.0,37.0,,,1.0
GOES flux reaches M1 within 30 min,0.5 false alarms/day on validation,M1.8,M,2026-08-25 06:30,2026-08-25 06:40,10.0,40,1.0,True,2.0,-8.0,True,2.0,-8.0,True,2.0,-8.0,True,40.0,30.0,False,,,False,,,True,2.0,-8.0,0.0,0.0,0.0,38.0,,,0.0
GOES flux reaches M1 within 30 min,0.5 false alarms/day on validation,M6.9,M,2026-08-25 09:32,2026-08-25 10:02,30.0,60,1.0,True,17.0,-13.0,True,6.0,-24.0,True,10.0,-20.0,True,60.0,30.0,False,,,False,,,True,17.0,-13.0,8.0,-3.0,1.0,51.0,,,8.0
GOES flux reaches M1 within 30 min,0.5 false alarms/day on validation,M2.2,M,2026-08-26 06:29,2026-08-26 06:34,5.0,35,1.0,True,0.0,-5.0,True,2.0,-3.0,True,1.0,-4.0,True,35.0,30.0,False,,,False,,,True,1.0,-4.0,-2.0,0.0,-1.0,33.0,,,-1.0
GOES flux reaches M1 within 30 min,0.5 false alarms/day on validation,M1.0,M,2026-08-26 12:06,2026-08-26 12:14,8.0,38,1.0,True,0.0,-8.0,True,1.0,-7.0,True,0.0,-8.0,True,38.0,30.0,False,,,False,,,True,0.0,-8.0,0.0,1.0,0.0,38.0,,,0.0
GOES flux reaches M1 within 30 min,0.5 false alarms/day on validation,M3.0,M,2026-09-02 18:57,2026-09-02 19:20,23.0,53,1.0,True,11.0,-12.0,True,13.0,-10.0,True,10.0,-13.0,True,53.0,30.0,False,,,False,,,True,11.0,-12.0,1.0,3.0,0.0,43.0,,,1.0
GOES flux reaches M1 within 30 min,0.5 false alarms/day on validation,M1.2,M,2026-09-04 07:45,2026-09-04 07:53,8.0,38,1.0,True,0.0,-8.0,True,2.0,-6.0,True,0.0,-8.0,True,38.0,30.0,False,,,False,,,True,0.0,-8.0,-1.0,1.0,-1.0,37.0,,,-1.0
GOES flux reaches M1 within 30 min,0.5 false alarms/day on validation,M1.0,M,2026-09-05 15:04,2026-09-05 15:18,14.0,44,1.0,True,3.0,-11.0,True,4.0,-10.0,True,2.0,-12.0,True,44.0,30.0,False,,,False,,,True,3.0,-11.0,3.0,4.0,2.0,44.0,,,3.0
