experiment,population,head,target,horizon_min,event_class,split,n_samples,n_positive,n_days,decision_threshold,metric,value,ci95_low,ci95_high,instrument,coverage_group,kind,units
E1,SoLEXS input coverage 50-90%,in_flare,flare in progress,0,>=C1.0 (GOES-18 XRS flare list),test,480,11,18,0.337,ROC_AUC,0.972475,0.8265,0.9893,SoLEXS,50-90%,,
E1,SoLEXS input coverage 50-90%,in_flare,flare in progress,0,>=C1.0 (GOES-18 XRS flare list),test,480,11,18,0.337,TSS,0.762745,-0.0745,0.87,SoLEXS,50-90%,,
E1,SoLEXS input coverage 50-90%,in_flare,flare in progress,0,>=C1.0 (GOES-18 XRS flare list),test,480,11,18,0.337,POD_recall,0.818182,,,SoLEXS,50-90%,,
E1,SoLEXS input coverage 50-90%,in_flare,flare in progress,0,>=C1.0 (GOES-18 XRS flare list),test,480,11,18,0.337,precision,0.257143,,,SoLEXS,50-90%,,
E1,SoLEXS input coverage 50-90%,in_flare,flare in progress,0,>=C1.0 (GOES-18 XRS flare list),test,480,11,18,0.337,F1,0.391304,,,SoLEXS,50-90%,,
E1,SoLEXS input coverage 50-90%,in_flare,flare in progress,0,>=C1.0 (GOES-18 XRS flare list),test,480,11,18,0.337,false_alarm_ratio,0.742857,,,SoLEXS,50-90%,,
E1,SoLEXS input coverage 50-90%,in_flare,flare in progress,0,>=C1.0 (GOES-18 XRS flare list),test,480,11,18,0.337,false_positive_rate,0.055437,,,SoLEXS,50-90%,,
E1,SoLEXS input coverage 50-90%,in_flare,flare in progress,0,>=C1.0 (GOES-18 XRS flare list),test,480,11,18,0.337,HSS,0.36931,,,SoLEXS,50-90%,,
E1,SoLEXS input coverage 50-90%,in_flare,flare in progress,0,>=C1.0 (GOES-18 XRS flare list),test,480,11,18,0.337,frequency_bias,3.181818,,,SoLEXS,50-90%,,
E1,SoLEXS input coverage 50-90%,in_flare,flare in progress,0,>=C1.0 (GOES-18 XRS flare list),test,480,11,18,0.337,accuracy,0.941667,,,SoLEXS,50-90%,,
E1,SoLEXS input coverage 50-90%,in_flare,flare in progress,0,>=C1.0 (GOES-18 XRS flare list),test,480,11,18,0.337,TP,9.0,,,SoLEXS,50-90%,,
E1,SoLEXS input coverage 50-90%,in_flare,flare in progress,0,>=C1.0 (GOES-18 XRS flare list),test,480,11,18,0.337,FP,26.0,,,SoLEXS,50-90%,,
E1,SoLEXS input coverage 50-90%,in_flare,flare in progress,0,>=C1.0 (GOES-18 XRS flare list),test,480,11,18,0.337,FN,2.0,,,SoLEXS,50-90%,,
E1,SoLEXS input coverage 50-90%,in_flare,flare in progress,0,>=C1.0 (GOES-18 XRS flare list),test,480,11,18,0.337,TN,443.0,,,SoLEXS,50-90%,,
E1,SoLEXS input coverage 50-90%,in_flare,flare in progress,0,>=C1.0 (GOES-18 XRS flare list),test,480,11,18,0.337,Brier_raw,0.048241,,,SoLEXS,50-90%,,
E1,SoLEXS input coverage 50-90%,in_flare,flare in progress,0,>=C1.0 (GOES-18 XRS flare list),test,480,11,18,0.337,BSS_raw,-1.154456,,,SoLEXS,50-90%,,
E1,SoLEXS input coverage 50-90%,in_flare,flare in progress,0,>=C1.0 (GOES-18 XRS flare list),test,480,11,18,0.337,Brier_calibrated,0.017331,,,SoLEXS,50-90%,,
E1,SoLEXS input coverage 50-90%,in_flare,flare in progress,0,>=C1.0 (GOES-18 XRS flare list),test,480,11,18,0.337,BSS_calibrated,0.226009,-6.7561,0.6364,SoLEXS,50-90%,,
E1,SoLEXS input coverage 50-90%,flare_within_15min,flare starts or is in progress within the horizon,15,>=C1.0 (GOES-18 XRS flare list),test,480,27,18,0.411,ROC_AUC,0.925435,0.8264,0.9662,SoLEXS,50-90%,,
E1,SoLEXS input coverage 50-90%,flare_within_15min,flare starts or is in progress within the horizon,15,>=C1.0 (GOES-18 XRS flare list),test,480,27,18,0.411,TSS,0.435124,-0.0483,0.6524,SoLEXS,50-90%,,
E1,SoLEXS input coverage 50-90%,flare_within_15min,flare starts or is in progress within the horizon,15,>=C1.0 (GOES-18 XRS flare list),test,480,27,18,0.411,POD_recall,0.481481,,,SoLEXS,50-90%,,
E1,SoLEXS input coverage 50-90%,flare_within_15min,flare starts or is in progress within the horizon,15,>=C1.0 (GOES-18 XRS flare list),test,480,27,18,0.411,precision,0.382353,,,SoLEXS,50-90%,,
E1,SoLEXS input coverage 50-90%,flare_within_15min,flare starts or is in progress within the horizon,15,>=C1.0 (GOES-18 XRS flare list),test,480,27,18,0.411,F1,0.42623,,,SoLEXS,50-90%,,
E1,SoLEXS input coverage 50-90%,flare_within_15min,flare starts or is in progress within the horizon,15,>=C1.0 (GOES-18 XRS flare list),test,480,27,18,0.411,false_alarm_ratio,0.617647,,,SoLEXS,50-90%,,
E1,SoLEXS input coverage 50-90%,flare_within_15min,flare starts or is in progress within the horizon,15,>=C1.0 (GOES-18 XRS flare list),test,480,27,18,0.411,false_positive_rate,0.046358,,,SoLEXS,50-90%,,
E1,SoLEXS input coverage 50-90%,flare_within_15min,flare starts or is in progress within the horizon,15,>=C1.0 (GOES-18 XRS flare list),test,480,27,18,0.411,HSS,0.387844,,,SoLEXS,50-90%,,
E1,SoLEXS input coverage 50-90%,flare_within_15min,flare starts or is in progress within the horizon,15,>=C1.0 (GOES-18 XRS flare list),test,480,27,18,0.411,frequency_bias,1.259259,,,SoLEXS,50-90%,,
E1,SoLEXS input coverage 50-90%,flare_within_15min,flare starts or is in progress within the horizon,15,>=C1.0 (GOES-18 XRS flare list),test,480,27,18,0.411,accuracy,0.927083,,,SoLEXS,50-90%,,
E1,SoLEXS input coverage 50-90%,flare_within_15min,flare starts or is in progress within the horizon,15,>=C1.0 (GOES-18 XRS flare list),test,480,27,18,0.411,TP,13.0,,,SoLEXS,50-90%,,
E1,SoLEXS input coverage 50-90%,flare_within_15min,flare starts or is in progress within the horizon,15,>=C1.0 (GOES-18 XRS flare list),test,480,27,18,0.411,FP,21.0,,,SoLEXS,50-90%,,
E1,SoLEXS input coverage 50-90%,flare_within_15min,flare starts or is in progress within the horizon,15,>=C1.0 (GOES-18 XRS flare list),test,480,27,18,0.411,FN,14.0,,,SoLEXS,50-90%,,
E1,SoLEXS input coverage 50-90%,flare_within_15min,flare starts or is in progress within the horizon,15,>=C1.0 (GOES-18 XRS flare list),test,480,27,18,0.411,TN,432.0,,,SoLEXS,50-90%,,
E1,SoLEXS input coverage 50-90%,flare_within_15min,flare starts or is in progress within the horizon,15,>=C1.0 (GOES-18 XRS flare list),test,480,27,18,0.411,Brier_raw,0.112394,,,SoLEXS,50-90%,,
E1,SoLEXS input coverage 50-90%,flare_within_15min,flare starts or is in progress within the horizon,15,>=C1.0 (GOES-18 XRS flare list),test,480,27,18,0.411,BSS_raw,-1.117207,,,SoLEXS,50-90%,,
E1,SoLEXS input coverage 50-90%,flare_within_15min,flare starts or is in progress within the horizon,15,>=C1.0 (GOES-18 XRS flare list),test,480,27,18,0.411,Brier_calibrated,0.042813,,,SoLEXS,50-90%,,
E1,SoLEXS input coverage 50-90%,flare_within_15min,flare starts or is in progress within the horizon,15,>=C1.0 (GOES-18 XRS flare list),test,480,27,18,0.411,BSS_calibrated,0.193511,-1.0308,0.5602,SoLEXS,50-90%,,
E1,SoLEXS input coverage 50-90%,flare_within_30min,flare starts or is in progress within the horizon,30,>=C1.0 (GOES-18 XRS flare list),test,480,46,18,0.451,ROC_AUC,0.819675,0.4384,0.9169,SoLEXS,50-90%,,
E1,SoLEXS input coverage 50-90%,flare_within_30min,flare starts or is in progress within the horizon,30,>=C1.0 (GOES-18 XRS flare list),test,480,46,18,0.451,TSS,0.229613,-0.055,0.497,SoLEXS,50-90%,,
E1,SoLEXS input coverage 50-90%,flare_within_30min,flare starts or is in progress within the horizon,30,>=C1.0 (GOES-18 XRS flare list),test,480,46,18,0.451,POD_recall,0.282609,,,SoLEXS,50-90%,,
E1,SoLEXS input coverage 50-90%,flare_within_30min,flare starts or is in progress within the horizon,30,>=C1.0 (GOES-18 XRS flare list),test,480,46,18,0.451,precision,0.361111,,,SoLEXS,50-90%,,
E1,SoLEXS input coverage 50-90%,flare_within_30min,flare starts or is in progress within the horizon,30,>=C1.0 (GOES-18 XRS flare list),test,480,46,18,0.451,F1,0.317073,,,SoLEXS,50-90%,,
E1,SoLEXS input coverage 50-90%,flare_within_30min,flare starts or is in progress within the horizon,30,>=C1.0 (GOES-18 XRS flare list),test,480,46,18,0.451,false_alarm_ratio,0.638889,,,SoLEXS,50-90%,,
E1,SoLEXS input coverage 50-90%,flare_within_30min,flare starts or is in progress within the horizon,30,>=C1.0 (GOES-18 XRS flare list),test,480,46,18,0.451,false_positive_rate,0.052995,,,SoLEXS,50-90%,,
E1,SoLEXS input coverage 50-90%,flare_within_30min,flare starts or is in progress within the horizon,30,>=C1.0 (GOES-18 XRS flare list),test,480,46,18,0.451,HSS,0.254328,,,SoLEXS,50-90%,,
E1,SoLEXS input coverage 50-90%,flare_within_30min,flare starts or is in progress within the horizon,30,>=C1.0 (GOES-18 XRS flare list),test,480,46,18,0.451,frequency_bias,0.782609,,,SoLEXS,50-90%,,
E1,SoLEXS input coverage 50-90%,flare_within_30min,flare starts or is in progress within the horizon,30,>=C1.0 (GOES-18 XRS flare list),test,480,46,18,0.451,accuracy,0.883333,,,SoLEXS,50-90%,,
E1,SoLEXS input coverage 50-90%,flare_within_30min,flare starts or is in progress within the horizon,30,>=C1.0 (GOES-18 XRS flare list),test,480,46,18,0.451,TP,13.0,,,SoLEXS,50-90%,,
E1,SoLEXS input coverage 50-90%,flare_within_30min,flare starts or is in progress within the horizon,30,>=C1.0 (GOES-18 XRS flare list),test,480,46,18,0.451,FP,23.0,,,SoLEXS,50-90%,,
E1,SoLEXS input coverage 50-90%,flare_within_30min,flare starts or is in progress within the horizon,30,>=C1.0 (GOES-18 XRS flare list),test,480,46,18,0.451,FN,33.0,,,SoLEXS,50-90%,,
E1,SoLEXS input coverage 50-90%,flare_within_30min,flare starts or is in progress within the horizon,30,>=C1.0 (GOES-18 XRS flare list),test,480,46,18,0.451,TN,411.0,,,SoLEXS,50-90%,,
E1,SoLEXS input coverage 50-90%,flare_within_30min,flare starts or is in progress within the horizon,30,>=C1.0 (GOES-18 XRS flare list),test,480,46,18,0.451,Brier_raw,0.152203,,,SoLEXS,50-90%,,
E1,SoLEXS input coverage 50-90%,flare_within_30min,flare starts or is in progress within the horizon,30,>=C1.0 (GOES-18 XRS flare list),test,480,46,18,0.451,BSS_raw,-0.756545,,,SoLEXS,50-90%,,
E1,SoLEXS input coverage 50-90%,flare_within_30min,flare starts or is in progress within the horizon,30,>=C1.0 (GOES-18 XRS flare list),test,480,46,18,0.451,Brier_calibrated,0.080423,,,SoLEXS,50-90%,,
E1,SoLEXS input coverage 50-90%,flare_within_30min,flare starts or is in progress within the horizon,30,>=C1.0 (GOES-18 XRS flare list),test,480,46,18,0.451,BSS_calibrated,0.071854,-1.9898,0.3571,SoLEXS,50-90%,,
E1,SoLEXS input coverage 50-90%,flare_within_60min,flare starts or is in progress within the horizon,60,>=C1.0 (GOES-18 XRS flare list),test,480,84,18,0.535,ROC_AUC,0.775012,0.4881,0.9167,SoLEXS,50-90%,,
E1,SoLEXS input coverage 50-90%,flare_within_60min,flare starts or is in progress within the horizon,60,>=C1.0 (GOES-18 XRS flare list),test,480,84,18,0.535,TSS,0.143218,-0.0444,0.4238,SoLEXS,50-90%,,
E1,SoLEXS input coverage 50-90%,flare_within_60min,flare starts or is in progress within the horizon,60,>=C1.0 (GOES-18 XRS flare list),test,480,84,18,0.535,POD_recall,0.178571,,,SoLEXS,50-90%,,
E1,SoLEXS input coverage 50-90%,flare_within_60min,flare starts or is in progress within the horizon,60,>=C1.0 (GOES-18 XRS flare list),test,480,84,18,0.535,precision,0.517241,,,SoLEXS,50-90%,,
E1,SoLEXS input coverage 50-90%,flare_within_60min,flare starts or is in progress within the horizon,60,>=C1.0 (GOES-18 XRS flare list),test,480,84,18,0.535,F1,0.265487,,,SoLEXS,50-90%,,
E1,SoLEXS input coverage 50-90%,flare_within_60min,flare starts or is in progress within the horizon,60,>=C1.0 (GOES-18 XRS flare list),test,480,84,18,0.535,false_alarm_ratio,0.482759,,,SoLEXS,50-90%,,
E1,SoLEXS input coverage 50-90%,flare_within_60min,flare starts or is in progress within the horizon,60,>=C1.0 (GOES-18 XRS flare list),test,480,84,18,0.535,false_positive_rate,0.035354,,,SoLEXS,50-90%,,
E1,SoLEXS input coverage 50-90%,flare_within_60min,flare starts or is in progress within the horizon,60,>=C1.0 (GOES-18 XRS flare list),test,480,84,18,0.535,HSS,0.193,,,SoLEXS,50-90%,,
E1,SoLEXS input coverage 50-90%,flare_within_60min,flare starts or is in progress within the horizon,60,>=C1.0 (GOES-18 XRS flare list),test,480,84,18,0.535,frequency_bias,0.345238,,,SoLEXS,50-90%,,
E1,SoLEXS input coverage 50-90%,flare_within_60min,flare starts or is in progress within the horizon,60,>=C1.0 (GOES-18 XRS flare list),test,480,84,18,0.535,accuracy,0.827083,,,SoLEXS,50-90%,,
E1,SoLEXS input coverage 50-90%,flare_within_60min,flare starts or is in progress within the horizon,60,>=C1.0 (GOES-18 XRS flare list),test,480,84,18,0.535,TP,15.0,,,SoLEXS,50-90%,,
E1,SoLEXS input coverage 50-90%,flare_within_60min,flare starts or is in progress within the horizon,60,>=C1.0 (GOES-18 XRS flare list),test,480,84,18,0.535,FP,14.0,,,SoLEXS,50-90%,,
E1,SoLEXS input coverage 50-90%,flare_within_60min,flare starts or is in progress within the horizon,60,>=C1.0 (GOES-18 XRS flare list),test,480,84,18,0.535,FN,69.0,,,SoLEXS,50-90%,,
E1,SoLEXS input coverage 50-90%,flare_within_60min,flare starts or is in progress within the horizon,60,>=C1.0 (GOES-18 XRS flare list),test,480,84,18,0.535,TN,382.0,,,SoLEXS,50-90%,,
E1,SoLEXS input coverage 50-90%,flare_within_60min,flare starts or is in progress within the horizon,60,>=C1.0 (GOES-18 XRS flare list),test,480,84,18,0.535,Brier_raw,0.202424,,,SoLEXS,50-90%,,
E1,SoLEXS input coverage 50-90%,flare_within_60min,flare starts or is in progress within the horizon,60,>=C1.0 (GOES-18 XRS flare list),test,480,84,18,0.535,BSS_raw,-0.402072,,,SoLEXS,50-90%,,
E1,SoLEXS input coverage 50-90%,flare_within_60min,flare starts or is in progress within the horizon,60,>=C1.0 (GOES-18 XRS flare list),test,480,84,18,0.535,Brier_calibrated,0.14277,,,SoLEXS,50-90%,,
E1,SoLEXS input coverage 50-90%,flare_within_60min,flare starts or is in progress within the horizon,60,>=C1.0 (GOES-18 XRS flare list),test,480,84,18,0.535,BSS_calibrated,0.011119,-4.1418,0.2138,SoLEXS,50-90%,,
E1,SoLEXS input coverage 50-90%,,,0,,test,480,,18,,MAE,0.058008,0.0455,0.0726,SoLEXS,50-90%,model (median),"dex (log10 W m^-2, GOES-18 XRS-B)"
E1,SoLEXS input coverage 50-90%,,,0,,test,480,,18,,RMSE,0.069047,,,SoLEXS,50-90%,model (median),"dex (log10 W m^-2, GOES-18 XRS-B)"
E1,SoLEXS input coverage 50-90%,,,0,,test,480,,18,,bias,0.025877,,,SoLEXS,50-90%,model (median),"dex (log10 W m^-2, GOES-18 XRS-B)"
E1,SoLEXS input coverage 50-90%,,,0,,test,480,,18,,correlation,0.968521,,,SoLEXS,50-90%,model (median),"dex (log10 W m^-2, GOES-18 XRS-B)"
E1,SoLEXS input coverage 50-90%,,,1,,test,480,,18,,MAE,0.057947,0.044,0.0725,SoLEXS,50-90%,model (median),"dex (log10 W m^-2, GOES-18 XRS-B)"
E1,SoLEXS input coverage 50-90%,,,1,,test,480,,18,,RMSE,0.06969,,,SoLEXS,50-90%,model (median),"dex (log10 W m^-2, GOES-18 XRS-B)"
E1,SoLEXS input coverage 50-90%,,,1,,test,480,,18,,bias,0.029433,,,SoLEXS,50-90%,model (median),"dex (log10 W m^-2, GOES-18 XRS-B)"
E1,SoLEXS input coverage 50-90%,,,1,,test,480,,18,,correlation,0.969245,,,SoLEXS,50-90%,model (median),"dex (log10 W m^-2, GOES-18 XRS-B)"
E1,SoLEXS input coverage 50-90%,,,5,,test,478,,18,,MAE,0.060152,0.0494,0.0718,SoLEXS,50-90%,model (median),"dex (log10 W m^-2, GOES-18 XRS-B)"
E1,SoLEXS input coverage 50-90%,,,5,,test,478,,18,,RMSE,0.073014,,,SoLEXS,50-90%,model (median),"dex (log10 W m^-2, GOES-18 XRS-B)"
E1,SoLEXS input coverage 50-90%,,,5,,test,478,,18,,bias,0.021318,,,SoLEXS,50-90%,model (median),"dex (log10 W m^-2, GOES-18 XRS-B)"
E1,SoLEXS input coverage 50-90%,,,5,,test,478,,18,,correlation,0.962222,,,SoLEXS,50-90%,model (median),"dex (log10 W m^-2, GOES-18 XRS-B)"
E1,SoLEXS input coverage 50-90%,,,15,,test,473,,18,,MAE,0.070443,0.0578,0.0834,SoLEXS,50-90%,model (median),"dex (log10 W m^-2, GOES-18 XRS-B)"
E1,SoLEXS input coverage 50-90%,,,15,,test,473,,18,,RMSE,0.088499,,,SoLEXS,50-90%,model (median),"dex (log10 W m^-2, GOES-18 XRS-B)"
E1,SoLEXS input coverage 50-90%,,,15,,test,473,,18,,bias,0.026719,,,SoLEXS,50-90%,model (median),"dex (log10 W m^-2, GOES-18 XRS-B)"
E1,SoLEXS input coverage 50-90%,,,15,,test,473,,18,,correlation,0.944175,,,SoLEXS,50-90%,model (median),"dex (log10 W m^-2, GOES-18 XRS-B)"
E1,SoLEXS input coverage 50-90%,,,30,,test,465,,18,,MAE,0.084164,0.0668,0.101,SoLEXS,50-90%,model (median),"dex (log10 W m^-2, GOES-18 XRS-B)"
E1,SoLEXS input coverage 50-90%,,,30,,test,465,,18,,RMSE,0.103717,,,SoLEXS,50-90%,model (median),"dex (log10 W m^-2, GOES-18 XRS-B)"
E1,SoLEXS input coverage 50-90%,,,30,,test,465,,18,,bias,0.046155,,,SoLEXS,50-90%,model (median),"dex (log10 W m^-2, GOES-18 XRS-B)"
E1,SoLEXS input coverage 50-90%,,,30,,test,465,,18,,correlation,0.933302,,,SoLEXS,50-90%,model (median),"dex (log10 W m^-2, GOES-18 XRS-B)"
E1,SoLEXS input coverage 50-90%,,,60,,test,468,,18,,MAE,0.086323,0.0638,0.1094,SoLEXS,50-90%,model (median),"dex (log10 W m^-2, GOES-18 XRS-B)"
E1,SoLEXS input coverage 50-90%,,,60,,test,468,,18,,RMSE,0.114729,,,SoLEXS,50-90%,model (median),"dex (log10 W m^-2, GOES-18 XRS-B)"
E1,SoLEXS input coverage 50-90%,,,60,,test,468,,18,,bias,0.053453,,,SoLEXS,50-90%,model (median),"dex (log10 W m^-2, GOES-18 XRS-B)"
E1,SoLEXS input coverage 50-90%,,,60,,test,468,,18,,correlation,0.922807,,,SoLEXS,50-90%,model (median),"dex (log10 W m^-2, GOES-18 XRS-B)"
E1,SoLEXS input coverage 90-<100%,in_flare,flare in progress,0,>=C1.0 (GOES-18 XRS flare list),test,1026,111,26,0.337,ROC_AUC,0.945257,0.9215,0.9614,SoLEXS,90-<100%,,
E1,SoLEXS input coverage 90-<100%,in_flare,flare in progress,0,>=C1.0 (GOES-18 XRS flare list),test,1026,111,26,0.337,TSS,0.750672,0.6983,0.809,SoLEXS,90-<100%,,
E1,SoLEXS input coverage 90-<100%,in_flare,flare in progress,0,>=C1.0 (GOES-18 XRS flare list),test,1026,111,26,0.337,POD_recall,0.846847,,,SoLEXS,90-<100%,,
E1,SoLEXS input coverage 90-<100%,in_flare,flare in progress,0,>=C1.0 (GOES-18 XRS flare list),test,1026,111,26,0.337,precision,0.516484,,,SoLEXS,90-<100%,,
E1,SoLEXS input coverage 90-<100%,in_flare,flare in progress,0,>=C1.0 (GOES-18 XRS flare list),test,1026,111,26,0.337,F1,0.641638,,,SoLEXS,90-<100%,,
E1,SoLEXS input coverage 90-<100%,in_flare,flare in progress,0,>=C1.0 (GOES-18 XRS flare list),test,1026,111,26,0.337,false_alarm_ratio,0.483516,,,SoLEXS,90-<100%,,
E1,SoLEXS input coverage 90-<100%,in_flare,flare in progress,0,>=C1.0 (GOES-18 XRS flare list),test,1026,111,26,0.337,false_positive_rate,0.096175,,,SoLEXS,90-<100%,,
E1,SoLEXS input coverage 90-<100%,in_flare,flare in progress,0,>=C1.0 (GOES-18 XRS flare list),test,1026,111,26,0.337,HSS,0.585995,,,SoLEXS,90-<100%,,
E1,SoLEXS input coverage 90-<100%,in_flare,flare in progress,0,>=C1.0 (GOES-18 XRS flare list),test,1026,111,26,0.337,frequency_bias,1.63964,,,SoLEXS,90-<100%,,
E1,SoLEXS input coverage 90-<100%,in_flare,flare in progress,0,>=C1.0 (GOES-18 XRS flare list),test,1026,111,26,0.337,accuracy,0.897661,,,SoLEXS,90-<100%,,
E1,SoLEXS input coverage 90-<100%,in_flare,flare in progress,0,>=C1.0 (GOES-18 XRS flare list),test,1026,111,26,0.337,TP,94.0,,,SoLEXS,90-<100%,,
E1,SoLEXS input coverage 90-<100%,in_flare,flare in progress,0,>=C1.0 (GOES-18 XRS flare list),test,1026,111,26,0.337,FP,88.0,,,SoLEXS,90-<100%,,
E1,SoLEXS input coverage 90-<100%,in_flare,flare in progress,0,>=C1.0 (GOES-18 XRS flare list),test,1026,111,26,0.337,FN,17.0,,,SoLEXS,90-<100%,,
E1,SoLEXS input coverage 90-<100%,in_flare,flare in progress,0,>=C1.0 (GOES-18 XRS flare list),test,1026,111,26,0.337,TN,827.0,,,SoLEXS,90-<100%,,
E1,SoLEXS input coverage 90-<100%,in_flare,flare in progress,0,>=C1.0 (GOES-18 XRS flare list),test,1026,111,26,0.337,Brier_raw,0.070801,,,SoLEXS,90-<100%,,
E1,SoLEXS input coverage 90-<100%,in_flare,flare in progress,0,>=C1.0 (GOES-18 XRS flare list),test,1026,111,26,0.337,BSS_raw,0.266175,,,SoLEXS,90-<100%,,
E1,SoLEXS input coverage 90-<100%,in_flare,flare in progress,0,>=C1.0 (GOES-18 XRS flare list),test,1026,111,26,0.337,Brier_calibrated,0.036705,,,SoLEXS,90-<100%,,
E1,SoLEXS input coverage 90-<100%,in_flare,flare in progress,0,>=C1.0 (GOES-18 XRS flare list),test,1026,111,26,0.337,BSS_calibrated,0.619571,0.542,0.6864,SoLEXS,90-<100%,,
E1,SoLEXS input coverage 90-<100%,flare_within_15min,flare starts or is in progress within the horizon,15,>=C1.0 (GOES-18 XRS flare list),test,1026,205,26,0.411,ROC_AUC,0.754291,0.6775,0.8455,SoLEXS,90-<100%,,
E1,SoLEXS input coverage 90-<100%,flare_within_15min,flare starts or is in progress within the horizon,15,>=C1.0 (GOES-18 XRS flare list),test,1026,205,26,0.411,TSS,0.358736,0.2344,0.4599,SoLEXS,90-<100%,,
E1,SoLEXS input coverage 90-<100%,flare_within_15min,flare starts or is in progress within the horizon,15,>=C1.0 (GOES-18 XRS flare list),test,1026,205,26,0.411,POD_recall,0.521951,,,SoLEXS,90-<100%,,
E1,SoLEXS input coverage 90-<100%,flare_within_15min,flare starts or is in progress within the horizon,15,>=C1.0 (GOES-18 XRS flare list),test,1026,205,26,0.411,precision,0.443983,,,SoLEXS,90-<100%,,
E1,SoLEXS input coverage 90-<100%,flare_within_15min,flare starts or is in progress within the horizon,15,>=C1.0 (GOES-18 XRS flare list),test,1026,205,26,0.411,F1,0.479821,,,SoLEXS,90-<100%,,
E1,SoLEXS input coverage 90-<100%,flare_within_15min,flare starts or is in progress within the horizon,15,>=C1.0 (GOES-18 XRS flare list),test,1026,205,26,0.411,false_alarm_ratio,0.556017,,,SoLEXS,90-<100%,,
E1,SoLEXS input coverage 90-<100%,flare_within_15min,flare starts or is in progress within the horizon,15,>=C1.0 (GOES-18 XRS flare list),test,1026,205,26,0.411,false_positive_rate,0.163216,,,SoLEXS,90-<100%,,
E1,SoLEXS input coverage 90-<100%,flare_within_15min,flare starts or is in progress within the horizon,15,>=C1.0 (GOES-18 XRS flare list),test,1026,205,26,0.411,HSS,0.336563,,,SoLEXS,90-<100%,,
E1,SoLEXS input coverage 90-<100%,flare_within_15min,flare starts or is in progress within the horizon,15,>=C1.0 (GOES-18 XRS flare list),test,1026,205,26,0.411,frequency_bias,1.17561,,,SoLEXS,90-<100%,,
E1,SoLEXS input coverage 90-<100%,flare_within_15min,flare starts or is in progress within the horizon,15,>=C1.0 (GOES-18 XRS flare list),test,1026,205,26,0.411,accuracy,0.773879,,,SoLEXS,90-<100%,,
E1,SoLEXS input coverage 90-<100%,flare_within_15min,flare starts or is in progress within the horizon,15,>=C1.0 (GOES-18 XRS flare list),test,1026,205,26,0.411,TP,107.0,,,SoLEXS,90-<100%,,
E1,SoLEXS input coverage 90-<100%,flare_within_15min,flare starts or is in progress within the horizon,15,>=C1.0 (GOES-18 XRS flare list),test,1026,205,26,0.411,FP,134.0,,,SoLEXS,90-<100%,,
E1,SoLEXS input coverage 90-<100%,flare_within_15min,flare starts or is in progress within the horizon,15,>=C1.0 (GOES-18 XRS flare list),test,1026,205,26,0.411,FN,98.0,,,SoLEXS,90-<100%,,
E1,SoLEXS input coverage 90-<100%,flare_within_15min,flare starts or is in progress within the horizon,15,>=C1.0 (GOES-18 XRS flare list),test,1026,205,26,0.411,TN,687.0,,,SoLEXS,90-<100%,,
E1,SoLEXS input coverage 90-<100%,flare_within_15min,flare starts or is in progress within the horizon,15,>=C1.0 (GOES-18 XRS flare list),test,1026,205,26,0.411,Brier_raw,0.160055,,,SoLEXS,90-<100%,,
E1,SoLEXS input coverage 90-<100%,flare_within_15min,flare starts or is in progress within the horizon,15,>=C1.0 (GOES-18 XRS flare list),test,1026,205,26,0.411,BSS_raw,-0.001076,,,SoLEXS,90-<100%,,
E1,SoLEXS input coverage 90-<100%,flare_within_15min,flare starts or is in progress within the horizon,15,>=C1.0 (GOES-18 XRS flare list),test,1026,205,26,0.411,Brier_calibrated,0.113504,,,SoLEXS,90-<100%,,
E1,SoLEXS input coverage 90-<100%,flare_within_15min,flare starts or is in progress within the horizon,15,>=C1.0 (GOES-18 XRS flare list),test,1026,205,26,0.411,BSS_calibrated,0.29008,0.1858,0.3738,SoLEXS,90-<100%,,
E1,SoLEXS input coverage 90-<100%,flare_within_30min,flare starts or is in progress within the horizon,30,>=C1.0 (GOES-18 XRS flare list),test,1026,295,26,0.451,ROC_AUC,0.723281,0.629,0.8261,SoLEXS,90-<100%,,
E1,SoLEXS input coverage 90-<100%,flare_within_30min,flare starts or is in progress within the horizon,30,>=C1.0 (GOES-18 XRS flare list),test,1026,295,26,0.451,TSS,0.275142,0.0927,0.397,SoLEXS,90-<100%,,
E1,SoLEXS input coverage 90-<100%,flare_within_30min,flare starts or is in progress within the horizon,30,>=C1.0 (GOES-18 XRS flare list),test,1026,295,26,0.451,POD_recall,0.518644,,,SoLEXS,90-<100%,,
E1,SoLEXS input coverage 90-<100%,flare_within_30min,flare starts or is in progress within the horizon,30,>=C1.0 (GOES-18 XRS flare list),test,1026,295,26,0.451,precision,0.462236,,,SoLEXS,90-<100%,,
E1,SoLEXS input coverage 90-<100%,flare_within_30min,flare starts or is in progress within the horizon,30,>=C1.0 (GOES-18 XRS flare list),test,1026,295,26,0.451,F1,0.488818,,,SoLEXS,90-<100%,,
E1,SoLEXS input coverage 90-<100%,flare_within_30min,flare starts or is in progress within the horizon,30,>=C1.0 (GOES-18 XRS flare list),test,1026,295,26,0.451,false_alarm_ratio,0.537764,,,SoLEXS,90-<100%,,
E1,SoLEXS input coverage 90-<100%,flare_within_30min,flare starts or is in progress within the horizon,30,>=C1.0 (GOES-18 XRS flare list),test,1026,295,26,0.451,false_positive_rate,0.243502,,,SoLEXS,90-<100%,,
E1,SoLEXS input coverage 90-<100%,flare_within_30min,flare starts or is in progress within the horizon,30,>=C1.0 (GOES-18 XRS flare list),test,1026,295,26,0.451,HSS,0.26548,,,SoLEXS,90-<100%,,
E1,SoLEXS input coverage 90-<100%,flare_within_30min,flare starts or is in progress within the horizon,30,>=C1.0 (GOES-18 XRS flare list),test,1026,295,26,0.451,frequency_bias,1.122034,,,SoLEXS,90-<100%,,
E1,SoLEXS input coverage 90-<100%,flare_within_30min,flare starts or is in progress within the horizon,30,>=C1.0 (GOES-18 XRS flare list),test,1026,295,26,0.451,accuracy,0.688109,,,SoLEXS,90-<100%,,
E1,SoLEXS input coverage 90-<100%,flare_within_30min,flare starts or is in progress within the horizon,30,>=C1.0 (GOES-18 XRS flare list),test,1026,295,26,0.451,TP,153.0,,,SoLEXS,90-<100%,,
E1,SoLEXS input coverage 90-<100%,flare_within_30min,flare starts or is in progress within the horizon,30,>=C1.0 (GOES-18 XRS flare list),test,1026,295,26,0.451,FP,178.0,,,SoLEXS,90-<100%,,
E1,SoLEXS input coverage 90-<100%,flare_within_30min,flare starts or is in progress within the horizon,30,>=C1.0 (GOES-18 XRS flare list),test,1026,295,26,0.451,FN,142.0,,,SoLEXS,90-<100%,,
E1,SoLEXS input coverage 90-<100%,flare_within_30min,flare starts or is in progress within the horizon,30,>=C1.0 (GOES-18 XRS flare list),test,1026,295,26,0.451,TN,553.0,,,SoLEXS,90-<100%,,
E1,SoLEXS input coverage 90-<100%,flare_within_30min,flare starts or is in progress within the horizon,30,>=C1.0 (GOES-18 XRS flare list),test,1026,295,26,0.451,Brier_raw,0.196489,,,SoLEXS,90-<100%,,
E1,SoLEXS input coverage 90-<100%,flare_within_30min,flare starts or is in progress within the horizon,30,>=C1.0 (GOES-18 XRS flare list),test,1026,295,26,0.451,BSS_raw,0.040833,,,SoLEXS,90-<100%,,
E1,SoLEXS input coverage 90-<100%,flare_within_30min,flare starts or is in progress within the horizon,30,>=C1.0 (GOES-18 XRS flare list),test,1026,295,26,0.451,Brier_calibrated,0.166325,,,SoLEXS,90-<100%,,
E1,SoLEXS input coverage 90-<100%,flare_within_30min,flare starts or is in progress within the horizon,30,>=C1.0 (GOES-18 XRS flare list),test,1026,295,26,0.451,BSS_calibrated,0.188082,0.0696,0.2776,SoLEXS,90-<100%,,
E1,SoLEXS input coverage 90-<100%,flare_within_60min,flare starts or is in progress within the horizon,60,>=C1.0 (GOES-18 XRS flare list),test,1026,461,26,0.535,ROC_AUC,0.693064,0.5337,0.8223,SoLEXS,90-<100%,,
E1,SoLEXS input coverage 90-<100%,flare_within_60min,flare starts or is in progress within the horizon,60,>=C1.0 (GOES-18 XRS flare list),test,1026,461,26,0.535,TSS,0.236235,-0.0234,0.4166,SoLEXS,90-<100%,,
E1,SoLEXS input coverage 90-<100%,flare_within_60min,flare starts or is in progress within the horizon,60,>=C1.0 (GOES-18 XRS flare list),test,1026,461,26,0.535,POD_recall,0.446855,,,SoLEXS,90-<100%,,
E1,SoLEXS input coverage 90-<100%,flare_within_60min,flare starts or is in progress within the horizon,60,>=C1.0 (GOES-18 XRS flare list),test,1026,461,26,0.535,precision,0.633846,,,SoLEXS,90-<100%,,
E1,SoLEXS input coverage 90-<100%,flare_within_60min,flare starts or is in progress within the horizon,60,>=C1.0 (GOES-18 XRS flare list),test,1026,461,26,0.535,F1,0.524173,,,SoLEXS,90-<100%,,
E1,SoLEXS input coverage 90-<100%,flare_within_60min,flare starts or is in progress within the horizon,60,>=C1.0 (GOES-18 XRS flare list),test,1026,461,26,0.535,false_alarm_ratio,0.366154,,,SoLEXS,90-<100%,,
E1,SoLEXS input coverage 90-<100%,flare_within_60min,flare starts or is in progress within the horizon,60,>=C1.0 (GOES-18 XRS flare list),test,1026,461,26,0.535,false_positive_rate,0.210619,,,SoLEXS,90-<100%,,
E1,SoLEXS input coverage 90-<100%,flare_within_60min,flare starts or is in progress within the horizon,60,>=C1.0 (GOES-18 XRS flare list),test,1026,461,26,0.535,HSS,0.242828,,,SoLEXS,90-<100%,,
E1,SoLEXS input coverage 90-<100%,flare_within_60min,flare starts or is in progress within the horizon,60,>=C1.0 (GOES-18 XRS flare list),test,1026,461,26,0.535,frequency_bias,0.704989,,,SoLEXS,90-<100%,,
E1,SoLEXS input coverage 90-<100%,flare_within_60min,flare starts or is in progress within the horizon,60,>=C1.0 (GOES-18 XRS flare list),test,1026,461,26,0.535,accuracy,0.635478,,,SoLEXS,90-<100%,,
E1,SoLEXS input coverage 90-<100%,flare_within_60min,flare starts or is in progress within the horizon,60,>=C1.0 (GOES-18 XRS flare list),test,1026,461,26,0.535,TP,206.0,,,SoLEXS,90-<100%,,
E1,SoLEXS input coverage 90-<100%,flare_within_60min,flare starts or is in progress within the horizon,60,>=C1.0 (GOES-18 XRS flare list),test,1026,461,26,0.535,FP,119.0,,,SoLEXS,90-<100%,,
E1,SoLEXS input coverage 90-<100%,flare_within_60min,flare starts or is in progress within the horizon,60,>=C1.0 (GOES-18 XRS flare list),test,1026,461,26,0.535,FN,255.0,,,SoLEXS,90-<100%,,
E1,SoLEXS input coverage 90-<100%,flare_within_60min,flare starts or is in progress within the horizon,60,>=C1.0 (GOES-18 XRS flare list),test,1026,461,26,0.535,TN,446.0,,,SoLEXS,90-<100%,,
E1,SoLEXS input coverage 90-<100%,flare_within_60min,flare starts or is in progress within the horizon,60,>=C1.0 (GOES-18 XRS flare list),test,1026,461,26,0.535,Brier_raw,0.226078,,,SoLEXS,90-<100%,,
E1,SoLEXS input coverage 90-<100%,flare_within_60min,flare starts or is in progress within the horizon,60,>=C1.0 (GOES-18 XRS flare list),test,1026,461,26,0.535,BSS_raw,0.0863,,,SoLEXS,90-<100%,,
E1,SoLEXS input coverage 90-<100%,flare_within_60min,flare starts or is in progress within the horizon,60,>=C1.0 (GOES-18 XRS flare list),test,1026,461,26,0.535,Brier_calibrated,0.222821,,,SoLEXS,90-<100%,,
E1,SoLEXS input coverage 90-<100%,flare_within_60min,flare starts or is in progress within the horizon,60,>=C1.0 (GOES-18 XRS flare list),test,1026,461,26,0.535,BSS_calibrated,0.099461,-0.1341,0.1878,SoLEXS,90-<100%,,
E1,SoLEXS input coverage 90-<100%,,,0,,test,1026,,26,,MAE,0.040268,0.0278,0.0627,SoLEXS,90-<100%,model (median),"dex (log10 W m^-2, GOES-18 XRS-B)"
E1,SoLEXS input coverage 90-<100%,,,0,,test,1026,,26,,RMSE,0.056279,,,SoLEXS,90-<100%,model (median),"dex (log10 W m^-2, GOES-18 XRS-B)"
E1,SoLEXS input coverage 90-<100%,,,0,,test,1026,,26,,bias,-0.00201,,,SoLEXS,90-<100%,model (median),"dex (log10 W m^-2, GOES-18 XRS-B)"
E1,SoLEXS input coverage 90-<100%,,,0,,test,1026,,26,,correlation,0.994785,,,SoLEXS,90-<100%,model (median),"dex (log10 W m^-2, GOES-18 XRS-B)"
E1,SoLEXS input coverage 90-<100%,,,1,,test,1026,,26,,MAE,0.042981,0.0306,0.0668,SoLEXS,90-<100%,model (median),"dex (log10 W m^-2, GOES-18 XRS-B)"
E1,SoLEXS input coverage 90-<100%,,,1,,test,1026,,26,,RMSE,0.05955,,,SoLEXS,90-<100%,model (median),"dex (log10 W m^-2, GOES-18 XRS-B)"
E1,SoLEXS input coverage 90-<100%,,,1,,test,1026,,26,,bias,-0.002411,,,SoLEXS,90-<100%,model (median),"dex (log10 W m^-2, GOES-18 XRS-B)"
E1,SoLEXS input coverage 90-<100%,,,1,,test,1026,,26,,correlation,0.994399,,,SoLEXS,90-<100%,model (median),"dex (log10 W m^-2, GOES-18 XRS-B)"
E1,SoLEXS input coverage 90-<100%,,,5,,test,1026,,26,,MAE,0.063982,0.051,0.0836,SoLEXS,90-<100%,model (median),"dex (log10 W m^-2, GOES-18 XRS-B)"
E1,SoLEXS input coverage 90-<100%,,,5,,test,1026,,26,,RMSE,0.102899,,,SoLEXS,90-<100%,model (median),"dex (log10 W m^-2, GOES-18 XRS-B)"
E1,SoLEXS input coverage 90-<100%,,,5,,test,1026,,26,,bias,-0.010702,,,SoLEXS,90-<100%,model (median),"dex (log10 W m^-2, GOES-18 XRS-B)"
E1,SoLEXS input coverage 90-<100%,,,5,,test,1026,,26,,correlation,0.979199,,,SoLEXS,90-<100%,model (median),"dex (log10 W m^-2, GOES-18 XRS-B)"
E1,SoLEXS input coverage 90-<100%,,,15,,test,1026,,26,,MAE,0.10198,0.0721,0.128,SoLEXS,90-<100%,model (median),"dex (log10 W m^-2, GOES-18 XRS-B)"
E1,SoLEXS input coverage 90-<100%,,,15,,test,1026,,26,,RMSE,0.176495,,,SoLEXS,90-<100%,model (median),"dex (log10 W m^-2, GOES-18 XRS-B)"
E1,SoLEXS input coverage 90-<100%,,,15,,test,1026,,26,,bias,-0.016764,,,SoLEXS,90-<100%,model (median),"dex (log10 W m^-2, GOES-18 XRS-B)"
E1,SoLEXS input coverage 90-<100%,,,15,,test,1026,,26,,correlation,0.933661,,,SoLEXS,90-<100%,model (median),"dex (log10 W m^-2, GOES-18 XRS-B)"
E1,SoLEXS input coverage 90-<100%,,,30,,test,1026,,26,,MAE,0.124484,0.0849,0.1573,SoLEXS,90-<100%,model (median),"dex (log10 W m^-2, GOES-18 XRS-B)"
E1,SoLEXS input coverage 90-<100%,,,30,,test,1026,,26,,RMSE,0.199005,,,SoLEXS,90-<100%,model (median),"dex (log10 W m^-2, GOES-18 XRS-B)"
E1,SoLEXS input coverage 90-<100%,,,30,,test,1026,,26,,bias,-0.008496,,,SoLEXS,90-<100%,model (median),"dex (log10 W m^-2, GOES-18 XRS-B)"
E1,SoLEXS input coverage 90-<100%,,,30,,test,1026,,26,,correlation,0.916211,,,SoLEXS,90-<100%,model (median),"dex (log10 W m^-2, GOES-18 XRS-B)"
E1,SoLEXS input coverage 90-<100%,,,60,,test,1026,,26,,MAE,0.153498,0.1088,0.1903,SoLEXS,90-<100%,model (median),"dex (log10 W m^-2, GOES-18 XRS-B)"
E1,SoLEXS input coverage 90-<100%,,,60,,test,1026,,26,,RMSE,0.222109,,,SoLEXS,90-<100%,model (median),"dex (log10 W m^-2, GOES-18 XRS-B)"
E1,SoLEXS input coverage 90-<100%,,,60,,test,1026,,26,,bias,-0.01917,,,SoLEXS,90-<100%,model (median),"dex (log10 W m^-2, GOES-18 XRS-B)"
E1,SoLEXS input coverage 90-<100%,,,60,,test,1026,,26,,correlation,0.898655,,,SoLEXS,90-<100%,model (median),"dex (log10 W m^-2, GOES-18 XRS-B)"
E1,SoLEXS input coverage 100%,in_flare,flare in progress,0,>=C1.0 (GOES-18 XRS flare list),test,105064,8557,162,0.337,ROC_AUC,0.945666,0.9408,0.9506,SoLEXS,100%,,
E1,SoLEXS input coverage 100%,in_flare,flare in progress,0,>=C1.0 (GOES-18 XRS flare list),test,105064,8557,162,0.337,TSS,0.77201,0.76,0.7834,SoLEXS,100%,,
E1,SoLEXS input coverage 100%,in_flare,flare in progress,0,>=C1.0 (GOES-18 XRS flare list),test,105064,8557,162,0.337,POD_recall,0.840481,,,SoLEXS,100%,,
E1,SoLEXS input coverage 100%,in_flare,flare in progress,0,>=C1.0 (GOES-18 XRS flare list),test,105064,8557,162,0.337,precision,0.521159,,,SoLEXS,100%,,
E1,SoLEXS input coverage 100%,in_flare,flare in progress,0,>=C1.0 (GOES-18 XRS flare list),test,105064,8557,162,0.337,F1,0.643378,,,SoLEXS,100%,,
E1,SoLEXS input coverage 100%,in_flare,flare in progress,0,>=C1.0 (GOES-18 XRS flare list),test,105064,8557,162,0.337,false_alarm_ratio,0.478841,,,SoLEXS,100%,,
E1,SoLEXS input coverage 100%,in_flare,flare in progress,0,>=C1.0 (GOES-18 XRS flare list),test,105064,8557,162,0.337,false_positive_rate,0.068472,,,SoLEXS,100%,,
E1,SoLEXS input coverage 100%,in_flare,flare in progress,0,>=C1.0 (GOES-18 XRS flare list),test,105064,8557,162,0.337,HSS,0.603513,,,SoLEXS,100%,,
E1,SoLEXS input coverage 100%,in_flare,flare in progress,0,>=C1.0 (GOES-18 XRS flare list),test,105064,8557,162,0.337,frequency_bias,1.612715,,,SoLEXS,100%,,
E1,SoLEXS input coverage 100%,in_flare,flare in progress,0,>=C1.0 (GOES-18 XRS flare list),test,105064,8557,162,0.337,accuracy,0.924113,,,SoLEXS,100%,,
E1,SoLEXS input coverage 100%,in_flare,flare in progress,0,>=C1.0 (GOES-18 XRS flare list),test,105064,8557,162,0.337,TP,7192.0,,,SoLEXS,100%,,
E1,SoLEXS input coverage 100%,in_flare,flare in progress,0,>=C1.0 (GOES-18 XRS flare list),test,105064,8557,162,0.337,FP,6608.0,,,SoLEXS,100%,,
E1,SoLEXS input coverage 100%,in_flare,flare in progress,0,>=C1.0 (GOES-18 XRS flare list),test,105064,8557,162,0.337,FN,1365.0,,,SoLEXS,100%,,
E1,SoLEXS input coverage 100%,in_flare,flare in progress,0,>=C1.0 (GOES-18 XRS flare list),test,105064,8557,162,0.337,TN,89899.0,,,SoLEXS,100%,,
E1,SoLEXS input coverage 100%,in_flare,flare in progress,0,>=C1.0 (GOES-18 XRS flare list),test,105064,8557,162,0.337,Brier_raw,0.059467,,,SoLEXS,100%,,
E1,SoLEXS input coverage 100%,in_flare,flare in progress,0,>=C1.0 (GOES-18 XRS flare list),test,105064,8557,162,0.337,BSS_raw,0.205111,,,SoLEXS,100%,,
E1,SoLEXS input coverage 100%,in_flare,flare in progress,0,>=C1.0 (GOES-18 XRS flare list),test,105064,8557,162,0.337,Brier_calibrated,0.029664,,,SoLEXS,100%,,
E1,SoLEXS input coverage 100%,in_flare,flare in progress,0,>=C1.0 (GOES-18 XRS flare list),test,105064,8557,162,0.337,BSS_calibrated,0.603489,0.5762,0.6275,SoLEXS,100%,,
E1,SoLEXS input coverage 100%,flare_within_15min,flare starts or is in progress within the horizon,15,>=C1.0 (GOES-18 XRS flare list),test,105064,14614,162,0.411,ROC_AUC,0.810895,0.7968,0.8257,SoLEXS,100%,,
E1,SoLEXS input coverage 100%,flare_within_15min,flare starts or is in progress within the horizon,15,>=C1.0 (GOES-18 XRS flare list),test,105064,14614,162,0.411,TSS,0.475076,0.4579,0.493,SoLEXS,100%,,
E1,SoLEXS input coverage 100%,flare_within_15min,flare starts or is in progress within the horizon,15,>=C1.0 (GOES-18 XRS flare list),test,105064,14614,162,0.411,POD_recall,0.556247,,,SoLEXS,100%,,
E1,SoLEXS input coverage 100%,flare_within_15min,flare starts or is in progress within the horizon,15,>=C1.0 (GOES-18 XRS flare list),test,105064,14614,162,0.411,precision,0.525435,,,SoLEXS,100%,,
E1,SoLEXS input coverage 100%,flare_within_15min,flare starts or is in progress within the horizon,15,>=C1.0 (GOES-18 XRS flare list),test,105064,14614,162,0.411,F1,0.540402,,,SoLEXS,100%,,
E1,SoLEXS input coverage 100%,flare_within_15min,flare starts or is in progress within the horizon,15,>=C1.0 (GOES-18 XRS flare list),test,105064,14614,162,0.411,false_alarm_ratio,0.474565,,,SoLEXS,100%,,
E1,SoLEXS input coverage 100%,flare_within_15min,flare starts or is in progress within the horizon,15,>=C1.0 (GOES-18 XRS flare list),test,105064,14614,162,0.411,false_positive_rate,0.081172,,,SoLEXS,100%,,
E1,SoLEXS input coverage 100%,flare_within_15min,flare starts or is in progress within the horizon,15,>=C1.0 (GOES-18 XRS flare list),test,105064,14614,162,0.411,HSS,0.463677,,,SoLEXS,100%,,
E1,SoLEXS input coverage 100%,flare_within_15min,flare starts or is in progress within the horizon,15,>=C1.0 (GOES-18 XRS flare list),test,105064,14614,162,0.411,frequency_bias,1.058642,,,SoLEXS,100%,,
E1,SoLEXS input coverage 100%,flare_within_15min,flare starts or is in progress within the horizon,15,>=C1.0 (GOES-18 XRS flare list),test,105064,14614,162,0.411,accuracy,0.868395,,,SoLEXS,100%,,
E1,SoLEXS input coverage 100%,flare_within_15min,flare starts or is in progress within the horizon,15,>=C1.0 (GOES-18 XRS flare list),test,105064,14614,162,0.411,TP,8129.0,,,SoLEXS,100%,,
E1,SoLEXS input coverage 100%,flare_within_15min,flare starts or is in progress within the horizon,15,>=C1.0 (GOES-18 XRS flare list),test,105064,14614,162,0.411,FP,7342.0,,,SoLEXS,100%,,
E1,SoLEXS input coverage 100%,flare_within_15min,flare starts or is in progress within the horizon,15,>=C1.0 (GOES-18 XRS flare list),test,105064,14614,162,0.411,FN,6485.0,,,SoLEXS,100%,,
E1,SoLEXS input coverage 100%,flare_within_15min,flare starts or is in progress within the horizon,15,>=C1.0 (GOES-18 XRS flare list),test,105064,14614,162,0.411,TN,83108.0,,,SoLEXS,100%,,
E1,SoLEXS input coverage 100%,flare_within_15min,flare starts or is in progress within the horizon,15,>=C1.0 (GOES-18 XRS flare list),test,105064,14614,162,0.411,Brier_raw,0.131485,,,SoLEXS,100%,,
E1,SoLEXS input coverage 100%,flare_within_15min,flare starts or is in progress within the horizon,15,>=C1.0 (GOES-18 XRS flare list),test,105064,14614,162,0.411,BSS_raw,-0.098013,,,SoLEXS,100%,,
E1,SoLEXS input coverage 100%,flare_within_15min,flare starts or is in progress within the horizon,15,>=C1.0 (GOES-18 XRS flare list),test,105064,14614,162,0.411,Brier_calibrated,0.078632,,,SoLEXS,100%,,
E1,SoLEXS input coverage 100%,flare_within_15min,flare starts or is in progress within the horizon,15,>=C1.0 (GOES-18 XRS flare list),test,105064,14614,162,0.411,BSS_calibrated,0.343357,0.3225,0.3614,SoLEXS,100%,,
E1,SoLEXS input coverage 100%,flare_within_30min,flare starts or is in progress within the horizon,30,>=C1.0 (GOES-18 XRS flare list),test,105064,20024,162,0.451,ROC_AUC,0.752929,0.737,0.7715,SoLEXS,100%,,
E1,SoLEXS input coverage 100%,flare_within_30min,flare starts or is in progress within the horizon,30,>=C1.0 (GOES-18 XRS flare list),test,105064,20024,162,0.451,TSS,0.36228,0.3414,0.3826,SoLEXS,100%,,
E1,SoLEXS input coverage 100%,flare_within_30min,flare starts or is in progress within the horizon,30,>=C1.0 (GOES-18 XRS flare list),test,105064,20024,162,0.451,POD_recall,0.475779,,,SoLEXS,100%,,
E1,SoLEXS input coverage 100%,flare_within_30min,flare starts or is in progress within the horizon,30,>=C1.0 (GOES-18 XRS flare list),test,105064,20024,162,0.451,precision,0.496741,,,SoLEXS,100%,,
E1,SoLEXS input coverage 100%,flare_within_30min,flare starts or is in progress within the horizon,30,>=C1.0 (GOES-18 XRS flare list),test,105064,20024,162,0.451,F1,0.486034,,,SoLEXS,100%,,
E1,SoLEXS input coverage 100%,flare_within_30min,flare starts or is in progress within the horizon,30,>=C1.0 (GOES-18 XRS flare list),test,105064,20024,162,0.451,false_alarm_ratio,0.503259,,,SoLEXS,100%,,
E1,SoLEXS input coverage 100%,flare_within_30min,flare starts or is in progress within the horizon,30,>=C1.0 (GOES-18 XRS flare list),test,105064,20024,162,0.451,false_positive_rate,0.1135,,,SoLEXS,100%,,
E1,SoLEXS input coverage 100%,flare_within_30min,flare starts or is in progress within the horizon,30,>=C1.0 (GOES-18 XRS flare list),test,105064,20024,162,0.451,HSS,0.368219,,,SoLEXS,100%,,
E1,SoLEXS input coverage 100%,flare_within_30min,flare starts or is in progress within the horizon,30,>=C1.0 (GOES-18 XRS flare list),test,105064,20024,162,0.451,frequency_bias,0.957801,,,SoLEXS,100%,,
E1,SoLEXS input coverage 100%,flare_within_30min,flare starts or is in progress within the horizon,30,>=C1.0 (GOES-18 XRS flare list),test,105064,20024,162,0.451,accuracy,0.808222,,,SoLEXS,100%,,
E1,SoLEXS input coverage 100%,flare_within_30min,flare starts or is in progress within the horizon,30,>=C1.0 (GOES-18 XRS flare list),test,105064,20024,162,0.451,TP,9527.0,,,SoLEXS,100%,,
E1,SoLEXS input coverage 100%,flare_within_30min,flare starts or is in progress within the horizon,30,>=C1.0 (GOES-18 XRS flare list),test,105064,20024,162,0.451,FP,9652.0,,,SoLEXS,100%,,
E1,SoLEXS input coverage 100%,flare_within_30min,flare starts or is in progress within the horizon,30,>=C1.0 (GOES-18 XRS flare list),test,105064,20024,162,0.451,FN,10497.0,,,SoLEXS,100%,,
E1,SoLEXS input coverage 100%,flare_within_30min,flare starts or is in progress within the horizon,30,>=C1.0 (GOES-18 XRS flare list),test,105064,20024,162,0.451,TN,75388.0,,,SoLEXS,100%,,
E1,SoLEXS input coverage 100%,flare_within_30min,flare starts or is in progress within the horizon,30,>=C1.0 (GOES-18 XRS flare list),test,105064,20024,162,0.451,Brier_raw,0.1684,,,SoLEXS,100%,,
E1,SoLEXS input coverage 100%,flare_within_30min,flare starts or is in progress within the horizon,30,>=C1.0 (GOES-18 XRS flare list),test,105064,20024,162,0.451,BSS_raw,-0.09163,,,SoLEXS,100%,,
E1,SoLEXS input coverage 100%,flare_within_30min,flare starts or is in progress within the horizon,30,>=C1.0 (GOES-18 XRS flare list),test,105064,20024,162,0.451,Brier_calibrated,0.117016,,,SoLEXS,100%,,
E1,SoLEXS input coverage 100%,flare_within_30min,flare starts or is in progress within the horizon,30,>=C1.0 (GOES-18 XRS flare list),test,105064,20024,162,0.451,BSS_calibrated,0.241459,0.2204,0.2582,SoLEXS,100%,,
E1,SoLEXS input coverage 100%,flare_within_60min,flare starts or is in progress within the horizon,60,>=C1.0 (GOES-18 XRS flare list),test,105064,29187,162,0.535,ROC_AUC,0.698253,0.6782,0.7221,SoLEXS,100%,,
E1,SoLEXS input coverage 100%,flare_within_60min,flare starts or is in progress within the horizon,60,>=C1.0 (GOES-18 XRS flare list),test,105064,29187,162,0.535,TSS,0.262267,0.2392,0.2847,SoLEXS,100%,,
E1,SoLEXS input coverage 100%,flare_within_60min,flare starts or is in progress within the horizon,60,>=C1.0 (GOES-18 XRS flare list),test,105064,29187,162,0.535,POD_recall,0.369308,,,SoLEXS,100%,,
E1,SoLEXS input coverage 100%,flare_within_60min,flare starts or is in progress within the horizon,60,>=C1.0 (GOES-18 XRS flare list),test,105064,29187,162,0.535,precision,0.570287,,,SoLEXS,100%,,
E1,SoLEXS input coverage 100%,flare_within_60min,flare starts or is in progress within the horizon,60,>=C1.0 (GOES-18 XRS flare list),test,105064,29187,162,0.535,F1,0.448303,,,SoLEXS,100%,,
E1,SoLEXS input coverage 100%,flare_within_60min,flare starts or is in progress within the horizon,60,>=C1.0 (GOES-18 XRS flare list),test,105064,29187,162,0.535,false_alarm_ratio,0.429713,,,SoLEXS,100%,,
E1,SoLEXS input coverage 100%,flare_within_60min,flare starts or is in progress within the horizon,60,>=C1.0 (GOES-18 XRS flare list),test,105064,29187,162,0.535,false_positive_rate,0.107042,,,SoLEXS,100%,,
E1,SoLEXS input coverage 100%,flare_within_60min,flare starts or is in progress within the horizon,60,>=C1.0 (GOES-18 XRS flare list),test,105064,29187,162,0.535,HSS,0.294162,,,SoLEXS,100%,,
E1,SoLEXS input coverage 100%,flare_within_60min,flare starts or is in progress within the horizon,60,>=C1.0 (GOES-18 XRS flare list),test,105064,29187,162,0.535,frequency_bias,0.647583,,,SoLEXS,100%,,
E1,SoLEXS input coverage 100%,flare_within_60min,flare starts or is in progress within the horizon,60,>=C1.0 (GOES-18 XRS flare list),test,105064,29187,162,0.535,accuracy,0.747487,,,SoLEXS,100%,,
E1,SoLEXS input coverage 100%,flare_within_60min,flare starts or is in progress within the horizon,60,>=C1.0 (GOES-18 XRS flare list),test,105064,29187,162,0.535,TP,10779.0,,,SoLEXS,100%,,
E1,SoLEXS input coverage 100%,flare_within_60min,flare starts or is in progress within the horizon,60,>=C1.0 (GOES-18 XRS flare list),test,105064,29187,162,0.535,FP,8122.0,,,SoLEXS,100%,,
E1,SoLEXS input coverage 100%,flare_within_60min,flare starts or is in progress within the horizon,60,>=C1.0 (GOES-18 XRS flare list),test,105064,29187,162,0.535,FN,18408.0,,,SoLEXS,100%,,
E1,SoLEXS input coverage 100%,flare_within_60min,flare starts or is in progress within the horizon,60,>=C1.0 (GOES-18 XRS flare list),test,105064,29187,162,0.535,TN,67755.0,,,SoLEXS,100%,,
E1,SoLEXS input coverage 100%,flare_within_60min,flare starts or is in progress within the horizon,60,>=C1.0 (GOES-18 XRS flare list),test,105064,29187,162,0.535,Brier_raw,0.212968,,,SoLEXS,100%,,
E1,SoLEXS input coverage 100%,flare_within_60min,flare starts or is in progress within the horizon,60,>=C1.0 (GOES-18 XRS flare list),test,105064,29187,162,0.535,BSS_raw,-0.061506,,,SoLEXS,100%,,
E1,SoLEXS input coverage 100%,flare_within_60min,flare starts or is in progress within the horizon,60,>=C1.0 (GOES-18 XRS flare list),test,105064,29187,162,0.535,Brier_calibrated,0.170542,,,SoLEXS,100%,,
E1,SoLEXS input coverage 100%,flare_within_60min,flare starts or is in progress within the horizon,60,>=C1.0 (GOES-18 XRS flare list),test,105064,29187,162,0.535,BSS_calibrated,0.14996,0.1231,0.1701,SoLEXS,100%,,
E1,SoLEXS input coverage 100%,,,0,,test,105064,,162,,MAE,0.04401,0.0417,0.0469,SoLEXS,100%,model (median),"dex (log10 W m^-2, GOES-18 XRS-B)"
E1,SoLEXS input coverage 100%,,,0,,test,105064,,162,,RMSE,0.055856,,,SoLEXS,100%,model (median),"dex (log10 W m^-2, GOES-18 XRS-B)"
E1,SoLEXS input coverage 100%,,,0,,test,105064,,162,,bias,0.006017,,,SoLEXS,100%,model (median),"dex (log10 W m^-2, GOES-18 XRS-B)"
E1,SoLEXS input coverage 100%,,,0,,test,105064,,162,,correlation,0.98669,,,SoLEXS,100%,model (median),"dex (log10 W m^-2, GOES-18 XRS-B)"
E1,SoLEXS input coverage 100%,,,1,,test,105021,,162,,MAE,0.045622,0.0432,0.0485,SoLEXS,100%,model (median),"dex (log10 W m^-2, GOES-18 XRS-B)"
E1,SoLEXS input coverage 100%,,,1,,test,105021,,162,,RMSE,0.05857,,,SoLEXS,100%,model (median),"dex (log10 W m^-2, GOES-18 XRS-B)"
E1,SoLEXS input coverage 100%,,,1,,test,105021,,162,,bias,0.007999,,,SoLEXS,100%,model (median),"dex (log10 W m^-2, GOES-18 XRS-B)"
E1,SoLEXS input coverage 100%,,,1,,test,105021,,162,,correlation,0.985779,,,SoLEXS,100%,model (median),"dex (log10 W m^-2, GOES-18 XRS-B)"
E1,SoLEXS input coverage 100%,,,5,,test,104927,,162,,MAE,0.055366,0.0529,0.0581,SoLEXS,100%,model (median),"dex (log10 W m^-2, GOES-18 XRS-B)"
E1,SoLEXS input coverage 100%,,,5,,test,104927,,162,,RMSE,0.083595,,,SoLEXS,100%,model (median),"dex (log10 W m^-2, GOES-18 XRS-B)"
E1,SoLEXS input coverage 100%,,,5,,test,104927,,162,,bias,-0.001285,,,SoLEXS,100%,model (median),"dex (log10 W m^-2, GOES-18 XRS-B)"
E1,SoLEXS input coverage 100%,,,5,,test,104927,,162,,correlation,0.968439,,,SoLEXS,100%,model (median),"dex (log10 W m^-2, GOES-18 XRS-B)"
E1,SoLEXS input coverage 100%,,,15,,test,104729,,162,,MAE,0.077085,0.0732,0.0815,SoLEXS,100%,model (median),"dex (log10 W m^-2, GOES-18 XRS-B)"
E1,SoLEXS input coverage 100%,,,15,,test,104729,,162,,RMSE,0.129489,,,SoLEXS,100%,model (median),"dex (log10 W m^-2, GOES-18 XRS-B)"
E1,SoLEXS input coverage 100%,,,15,,test,104729,,162,,bias,-0.006189,,,SoLEXS,100%,model (median),"dex (log10 W m^-2, GOES-18 XRS-B)"
E1,SoLEXS input coverage 100%,,,15,,test,104729,,162,,correlation,0.921686,,,SoLEXS,100%,model (median),"dex (log10 W m^-2, GOES-18 XRS-B)"
E1,SoLEXS input coverage 100%,,,30,,test,104440,,162,,MAE,0.098019,0.0924,0.1036,SoLEXS,100%,model (median),"dex (log10 W m^-2, GOES-18 XRS-B)"
E1,SoLEXS input coverage 100%,,,30,,test,104440,,162,,RMSE,0.160046,,,SoLEXS,100%,model (median),"dex (log10 W m^-2, GOES-18 XRS-B)"
E1,SoLEXS input coverage 100%,,,30,,test,104440,,162,,bias,0.003822,,,SoLEXS,100%,model (median),"dex (log10 W m^-2, GOES-18 XRS-B)"
E1,SoLEXS input coverage 100%,,,30,,test,104440,,162,,correlation,0.876435,,,SoLEXS,100%,model (median),"dex (log10 W m^-2, GOES-18 XRS-B)"
E1,SoLEXS input coverage 100%,,,60,,test,103927,,162,,MAE,0.117778,0.1112,0.1243,SoLEXS,100%,model (median),"dex (log10 W m^-2, GOES-18 XRS-B)"
E1,SoLEXS input coverage 100%,,,60,,test,103927,,162,,RMSE,0.18474,,,SoLEXS,100%,model (median),"dex (log10 W m^-2, GOES-18 XRS-B)"
E1,SoLEXS input coverage 100%,,,60,,test,103927,,162,,bias,0.008804,,,SoLEXS,100%,model (median),"dex (log10 W m^-2, GOES-18 XRS-B)"
E1,SoLEXS input coverage 100%,,,60,,test,103927,,162,,correlation,0.830649,,,SoLEXS,100%,model (median),"dex (log10 W m^-2, GOES-18 XRS-B)"
E2,HEL1OS input coverage 50-90%,in_flare,flare in progress,0,>=C1.0 (GOES-18 XRS flare list),test,496,7,15,0.38,ROC_AUC,0.85948,0.8541,0.8635,HEL1OS,50-90%,,
E2,HEL1OS input coverage 50-90%,in_flare,flare in progress,0,>=C1.0 (GOES-18 XRS flare list),test,496,7,15,0.38,TSS,0.779433,-0.0978,0.809,HEL1OS,50-90%,,
E2,HEL1OS input coverage 50-90%,in_flare,flare in progress,0,>=C1.0 (GOES-18 XRS flare list),test,496,7,15,0.38,POD_recall,0.857143,,,HEL1OS,50-90%,,
E2,HEL1OS input coverage 50-90%,in_flare,flare in progress,0,>=C1.0 (GOES-18 XRS flare list),test,496,7,15,0.38,precision,0.136364,,,HEL1OS,50-90%,,
E2,HEL1OS input coverage 50-90%,in_flare,flare in progress,0,>=C1.0 (GOES-18 XRS flare list),test,496,7,15,0.38,F1,0.235294,,,HEL1OS,50-90%,,
E2,HEL1OS input coverage 50-90%,in_flare,flare in progress,0,>=C1.0 (GOES-18 XRS flare list),test,496,7,15,0.38,false_alarm_ratio,0.863636,,,HEL1OS,50-90%,,
E2,HEL1OS input coverage 50-90%,in_flare,flare in progress,0,>=C1.0 (GOES-18 XRS flare list),test,496,7,15,0.38,false_positive_rate,0.07771,,,HEL1OS,50-90%,,
E2,HEL1OS input coverage 50-90%,in_flare,flare in progress,0,>=C1.0 (GOES-18 XRS flare list),test,496,7,15,0.38,HSS,0.216207,,,HEL1OS,50-90%,,
E2,HEL1OS input coverage 50-90%,in_flare,flare in progress,0,>=C1.0 (GOES-18 XRS flare list),test,496,7,15,0.38,frequency_bias,6.285714,,,HEL1OS,50-90%,,
E2,HEL1OS input coverage 50-90%,in_flare,flare in progress,0,>=C1.0 (GOES-18 XRS flare list),test,496,7,15,0.38,accuracy,0.921371,,,HEL1OS,50-90%,,
E2,HEL1OS input coverage 50-90%,in_flare,flare in progress,0,>=C1.0 (GOES-18 XRS flare list),test,496,7,15,0.38,TP,6.0,,,HEL1OS,50-90%,,
E2,HEL1OS input coverage 50-90%,in_flare,flare in progress,0,>=C1.0 (GOES-18 XRS flare list),test,496,7,15,0.38,FP,38.0,,,HEL1OS,50-90%,,
E2,HEL1OS input coverage 50-90%,in_flare,flare in progress,0,>=C1.0 (GOES-18 XRS flare list),test,496,7,15,0.38,FN,1.0,,,HEL1OS,50-90%,,
E2,HEL1OS input coverage 50-90%,in_flare,flare in progress,0,>=C1.0 (GOES-18 XRS flare list),test,496,7,15,0.38,TN,451.0,,,HEL1OS,50-90%,,
E2,HEL1OS input coverage 50-90%,in_flare,flare in progress,0,>=C1.0 (GOES-18 XRS flare list),test,496,7,15,0.38,Brier_raw,0.073025,,,HEL1OS,50-90%,,
E2,HEL1OS input coverage 50-90%,in_flare,flare in progress,0,>=C1.0 (GOES-18 XRS flare list),test,496,7,15,0.38,BSS_raw,-4.248406,,,HEL1OS,50-90%,,
E2,HEL1OS input coverage 50-90%,in_flare,flare in progress,0,>=C1.0 (GOES-18 XRS flare list),test,496,7,15,0.38,Brier_calibrated,0.010938,,,HEL1OS,50-90%,,
E2,HEL1OS input coverage 50-90%,in_flare,flare in progress,0,>=C1.0 (GOES-18 XRS flare list),test,496,7,15,0.38,BSS_calibrated,0.213858,-0.0127,0.4685,HEL1OS,50-90%,,
E2,HEL1OS input coverage 50-90%,flare_within_15min,flare starts or is in progress within the horizon,15,>=C1.0 (GOES-18 XRS flare list),test,496,17,15,0.446,ROC_AUC,0.689795,0.3267,0.7795,HEL1OS,50-90%,,
E2,HEL1OS input coverage 50-90%,flare_within_15min,flare starts or is in progress within the horizon,15,>=C1.0 (GOES-18 XRS flare list),test,496,17,15,0.446,TSS,0.309837,-0.2573,0.4734,HEL1OS,50-90%,,
E2,HEL1OS input coverage 50-90%,flare_within_15min,flare starts or is in progress within the horizon,15,>=C1.0 (GOES-18 XRS flare list),test,496,17,15,0.446,POD_recall,0.470588,,,HEL1OS,50-90%,,
E2,HEL1OS input coverage 50-90%,flare_within_15min,flare starts or is in progress within the horizon,15,>=C1.0 (GOES-18 XRS flare list),test,496,17,15,0.446,precision,0.094118,,,HEL1OS,50-90%,,
E2,HEL1OS input coverage 50-90%,flare_within_15min,flare starts or is in progress within the horizon,15,>=C1.0 (GOES-18 XRS flare list),test,496,17,15,0.446,F1,0.156863,,,HEL1OS,50-90%,,
E2,HEL1OS input coverage 50-90%,flare_within_15min,flare starts or is in progress within the horizon,15,>=C1.0 (GOES-18 XRS flare list),test,496,17,15,0.446,false_alarm_ratio,0.905882,,,HEL1OS,50-90%,,
E2,HEL1OS input coverage 50-90%,flare_within_15min,flare starts or is in progress within the horizon,15,>=C1.0 (GOES-18 XRS flare list),test,496,17,15,0.446,false_positive_rate,0.160752,,,HEL1OS,50-90%,,
E2,HEL1OS input coverage 50-90%,flare_within_15min,flare starts or is in progress within the horizon,15,>=C1.0 (GOES-18 XRS flare list),test,496,17,15,0.446,HSS,0.105782,,,HEL1OS,50-90%,,
E2,HEL1OS input coverage 50-90%,flare_within_15min,flare starts or is in progress within the horizon,15,>=C1.0 (GOES-18 XRS flare list),test,496,17,15,0.446,frequency_bias,5.0,,,HEL1OS,50-90%,,
E2,HEL1OS input coverage 50-90%,flare_within_15min,flare starts or is in progress within the horizon,15,>=C1.0 (GOES-18 XRS flare list),test,496,17,15,0.446,accuracy,0.826613,,,HEL1OS,50-90%,,
E2,HEL1OS input coverage 50-90%,flare_within_15min,flare starts or is in progress within the horizon,15,>=C1.0 (GOES-18 XRS flare list),test,496,17,15,0.446,TP,8.0,,,HEL1OS,50-90%,,
E2,HEL1OS input coverage 50-90%,flare_within_15min,flare starts or is in progress within the horizon,15,>=C1.0 (GOES-18 XRS flare list),test,496,17,15,0.446,FP,77.0,,,HEL1OS,50-90%,,
E2,HEL1OS input coverage 50-90%,flare_within_15min,flare starts or is in progress within the horizon,15,>=C1.0 (GOES-18 XRS flare list),test,496,17,15,0.446,FN,9.0,,,HEL1OS,50-90%,,
E2,HEL1OS input coverage 50-90%,flare_within_15min,flare starts or is in progress within the horizon,15,>=C1.0 (GOES-18 XRS flare list),test,496,17,15,0.446,TN,402.0,,,HEL1OS,50-90%,,
E2,HEL1OS input coverage 50-90%,flare_within_15min,flare starts or is in progress within the horizon,15,>=C1.0 (GOES-18 XRS flare list),test,496,17,15,0.446,Brier_raw,0.162721,,,HEL1OS,50-90%,,
E2,HEL1OS input coverage 50-90%,flare_within_15min,flare starts or is in progress within the horizon,15,>=C1.0 (GOES-18 XRS flare list),test,496,17,15,0.446,BSS_raw,-3.91611,,,HEL1OS,50-90%,,
E2,HEL1OS input coverage 50-90%,flare_within_15min,flare starts or is in progress within the horizon,15,>=C1.0 (GOES-18 XRS flare list),test,496,17,15,0.446,Brier_calibrated,0.041436,,,HEL1OS,50-90%,,
E2,HEL1OS input coverage 50-90%,flare_within_15min,flare starts or is in progress within the horizon,15,>=C1.0 (GOES-18 XRS flare list),test,496,17,15,0.446,BSS_calibrated,-0.251877,-8.2067,0.249,HEL1OS,50-90%,,
E2,HEL1OS input coverage 50-90%,flare_within_30min,flare starts or is in progress within the horizon,30,>=C1.0 (GOES-18 XRS flare list),test,496,32,15,0.482,ROC_AUC,0.445312,0.2138,0.5744,HEL1OS,50-90%,,
E2,HEL1OS input coverage 50-90%,flare_within_30min,flare starts or is in progress within the horizon,30,>=C1.0 (GOES-18 XRS flare list),test,496,32,15,0.482,TSS,-0.023707,-0.4492,0.2656,HEL1OS,50-90%,,
E2,HEL1OS input coverage 50-90%,flare_within_30min,flare starts or is in progress within the horizon,30,>=C1.0 (GOES-18 XRS flare list),test,496,32,15,0.482,POD_recall,0.25,,,HEL1OS,50-90%,,
E2,HEL1OS input coverage 50-90%,flare_within_30min,flare starts or is in progress within the horizon,30,>=C1.0 (GOES-18 XRS flare list),test,496,32,15,0.482,precision,0.059259,,,HEL1OS,50-90%,,
E2,HEL1OS input coverage 50-90%,flare_within_30min,flare starts or is in progress within the horizon,30,>=C1.0 (GOES-18 XRS flare list),test,496,32,15,0.482,F1,0.095808,,,HEL1OS,50-90%,,
E2,HEL1OS input coverage 50-90%,flare_within_30min,flare starts or is in progress within the horizon,30,>=C1.0 (GOES-18 XRS flare list),test,496,32,15,0.482,false_alarm_ratio,0.940741,,,HEL1OS,50-90%,,
E2,HEL1OS input coverage 50-90%,flare_within_30min,flare starts or is in progress within the horizon,30,>=C1.0 (GOES-18 XRS flare list),test,496,32,15,0.482,false_positive_rate,0.273707,,,HEL1OS,50-90%,,
E2,HEL1OS input coverage 50-90%,flare_within_30min,flare starts or is in progress within the horizon,30,>=C1.0 (GOES-18 XRS flare list),test,496,32,15,0.482,HSS,-0.009489,,,HEL1OS,50-90%,,
E2,HEL1OS input coverage 50-90%,flare_within_30min,flare starts or is in progress within the horizon,30,>=C1.0 (GOES-18 XRS flare list),test,496,32,15,0.482,frequency_bias,4.21875,,,HEL1OS,50-90%,,
E2,HEL1OS input coverage 50-90%,flare_within_30min,flare starts or is in progress within the horizon,30,>=C1.0 (GOES-18 XRS flare list),test,496,32,15,0.482,accuracy,0.695565,,,HEL1OS,50-90%,,
E2,HEL1OS input coverage 50-90%,flare_within_30min,flare starts or is in progress within the horizon,30,>=C1.0 (GOES-18 XRS flare list),test,496,32,15,0.482,TP,8.0,,,HEL1OS,50-90%,,
E2,HEL1OS input coverage 50-90%,flare_within_30min,flare starts or is in progress within the horizon,30,>=C1.0 (GOES-18 XRS flare list),test,496,32,15,0.482,FP,127.0,,,HEL1OS,50-90%,,
E2,HEL1OS input coverage 50-90%,flare_within_30min,flare starts or is in progress within the horizon,30,>=C1.0 (GOES-18 XRS flare list),test,496,32,15,0.482,FN,24.0,,,HEL1OS,50-90%,,
E2,HEL1OS input coverage 50-90%,flare_within_30min,flare starts or is in progress within the horizon,30,>=C1.0 (GOES-18 XRS flare list),test,496,32,15,0.482,TN,337.0,,,HEL1OS,50-90%,,
E2,HEL1OS input coverage 50-90%,flare_within_30min,flare starts or is in progress within the horizon,30,>=C1.0 (GOES-18 XRS flare list),test,496,32,15,0.482,Brier_raw,0.211193,,,HEL1OS,50-90%,,
E2,HEL1OS input coverage 50-90%,flare_within_30min,flare starts or is in progress within the horizon,30,>=C1.0 (GOES-18 XRS flare list),test,496,32,15,0.482,BSS_raw,-2.499243,,,HEL1OS,50-90%,,
E2,HEL1OS input coverage 50-90%,flare_within_30min,flare starts or is in progress within the horizon,30,>=C1.0 (GOES-18 XRS flare list),test,496,32,15,0.482,Brier_calibrated,0.088559,,,HEL1OS,50-90%,,
E2,HEL1OS input coverage 50-90%,flare_within_30min,flare starts or is in progress within the horizon,30,>=C1.0 (GOES-18 XRS flare list),test,496,32,15,0.482,BSS_calibrated,-0.467339,-3.6228,0.1001,HEL1OS,50-90%,,
E2,HEL1OS input coverage 50-90%,flare_within_60min,flare starts or is in progress within the horizon,60,>=C1.0 (GOES-18 XRS flare list),test,496,52,15,0.558,ROC_AUC,0.327486,0.1054,0.4724,HEL1OS,50-90%,,
E2,HEL1OS input coverage 50-90%,flare_within_60min,flare starts or is in progress within the horizon,60,>=C1.0 (GOES-18 XRS flare list),test,496,52,15,0.558,TSS,-0.215523,-0.5203,0.1087,HEL1OS,50-90%,,
E2,HEL1OS input coverage 50-90%,flare_within_60min,flare starts or is in progress within the horizon,60,>=C1.0 (GOES-18 XRS flare list),test,496,52,15,0.558,POD_recall,0.153846,,,HEL1OS,50-90%,,
E2,HEL1OS input coverage 50-90%,flare_within_60min,flare starts or is in progress within the horizon,60,>=C1.0 (GOES-18 XRS flare list),test,496,52,15,0.558,precision,0.046512,,,HEL1OS,50-90%,,
E2,HEL1OS input coverage 50-90%,flare_within_60min,flare starts or is in progress within the horizon,60,>=C1.0 (GOES-18 XRS flare list),test,496,52,15,0.558,F1,0.071429,,,HEL1OS,50-90%,,
E2,HEL1OS input coverage 50-90%,flare_within_60min,flare starts or is in progress within the horizon,60,>=C1.0 (GOES-18 XRS flare list),test,496,52,15,0.558,false_alarm_ratio,0.953488,,,HEL1OS,50-90%,,
E2,HEL1OS input coverage 50-90%,flare_within_60min,flare starts or is in progress within the horizon,60,>=C1.0 (GOES-18 XRS flare list),test,496,52,15,0.558,false_positive_rate,0.369369,,,HEL1OS,50-90%,,
E2,HEL1OS input coverage 50-90%,flare_within_60min,flare starts or is in progress within the horizon,60,>=C1.0 (GOES-18 XRS flare list),test,496,52,15,0.558,HSS,-0.106763,,,HEL1OS,50-90%,,
E2,HEL1OS input coverage 50-90%,flare_within_60min,flare starts or is in progress within the horizon,60,>=C1.0 (GOES-18 XRS flare list),test,496,52,15,0.558,frequency_bias,3.307692,,,HEL1OS,50-90%,,
E2,HEL1OS input coverage 50-90%,flare_within_60min,flare starts or is in progress within the horizon,60,>=C1.0 (GOES-18 XRS flare list),test,496,52,15,0.558,accuracy,0.580645,,,HEL1OS,50-90%,,
E2,HEL1OS input coverage 50-90%,flare_within_60min,flare starts or is in progress within the horizon,60,>=C1.0 (GOES-18 XRS flare list),test,496,52,15,0.558,TP,8.0,,,HEL1OS,50-90%,,
E2,HEL1OS input coverage 50-90%,flare_within_60min,flare starts or is in progress within the horizon,60,>=C1.0 (GOES-18 XRS flare list),test,496,52,15,0.558,FP,164.0,,,HEL1OS,50-90%,,
E2,HEL1OS input coverage 50-90%,flare_within_60min,flare starts or is in progress within the horizon,60,>=C1.0 (GOES-18 XRS flare list),test,496,52,15,0.558,FN,44.0,,,HEL1OS,50-90%,,
E2,HEL1OS input coverage 50-90%,flare_within_60min,flare starts or is in progress within the horizon,60,>=C1.0 (GOES-18 XRS flare list),test,496,52,15,0.558,TN,280.0,,,HEL1OS,50-90%,,
E2,HEL1OS input coverage 50-90%,flare_within_60min,flare starts or is in progress within the horizon,60,>=C1.0 (GOES-18 XRS flare list),test,496,52,15,0.558,Brier_raw,0.288346,,,HEL1OS,50-90%,,
E2,HEL1OS input coverage 50-90%,flare_within_60min,flare starts or is in progress within the horizon,60,>=C1.0 (GOES-18 XRS flare list),test,496,52,15,0.558,BSS_raw,-2.072494,,,HEL1OS,50-90%,,
E2,HEL1OS input coverage 50-90%,flare_within_60min,flare starts or is in progress within the horizon,60,>=C1.0 (GOES-18 XRS flare list),test,496,52,15,0.558,Brier_calibrated,0.1759,,,HEL1OS,50-90%,,
E2,HEL1OS input coverage 50-90%,flare_within_60min,flare starts or is in progress within the horizon,60,>=C1.0 (GOES-18 XRS flare list),test,496,52,15,0.558,BSS_calibrated,-0.874316,-16.293,-0.0027,HEL1OS,50-90%,,
E2,HEL1OS input coverage 50-90%,,,0,,test,496,,15,,MAE,0.30464,0.2344,0.4093,HEL1OS,50-90%,model (median),"dex (log10 W m^-2, GOES-18 XRS-B)"
E2,HEL1OS input coverage 50-90%,,,0,,test,496,,15,,RMSE,0.348792,,,HEL1OS,50-90%,model (median),"dex (log10 W m^-2, GOES-18 XRS-B)"
E2,HEL1OS input coverage 50-90%,,,0,,test,496,,15,,bias,0.30399,,,HEL1OS,50-90%,model (median),"dex (log10 W m^-2, GOES-18 XRS-B)"
E2,HEL1OS input coverage 50-90%,,,0,,test,496,,15,,correlation,0.940406,,,HEL1OS,50-90%,model (median),"dex (log10 W m^-2, GOES-18 XRS-B)"
E2,HEL1OS input coverage 50-90%,,,1,,test,495,,15,,MAE,0.295051,0.2253,0.3991,HEL1OS,50-90%,model (median),"dex (log10 W m^-2, GOES-18 XRS-B)"
E2,HEL1OS input coverage 50-90%,,,1,,test,495,,15,,RMSE,0.339611,,,HEL1OS,50-90%,model (median),"dex (log10 W m^-2, GOES-18 XRS-B)"
E2,HEL1OS input coverage 50-90%,,,1,,test,495,,15,,bias,0.293964,,,HEL1OS,50-90%,model (median),"dex (log10 W m^-2, GOES-18 XRS-B)"
E2,HEL1OS input coverage 50-90%,,,1,,test,495,,15,,correlation,0.942758,,,HEL1OS,50-90%,model (median),"dex (log10 W m^-2, GOES-18 XRS-B)"
E2,HEL1OS input coverage 50-90%,,,5,,test,489,,15,,MAE,0.302686,0.2354,0.401,HEL1OS,50-90%,model (median),"dex (log10 W m^-2, GOES-18 XRS-B)"
E2,HEL1OS input coverage 50-90%,,,5,,test,489,,15,,RMSE,0.34489,,,HEL1OS,50-90%,model (median),"dex (log10 W m^-2, GOES-18 XRS-B)"
E2,HEL1OS input coverage 50-90%,,,5,,test,489,,15,,bias,0.301954,,,HEL1OS,50-90%,model (median),"dex (log10 W m^-2, GOES-18 XRS-B)"
E2,HEL1OS input coverage 50-90%,,,5,,test,489,,15,,correlation,0.942401,,,HEL1OS,50-90%,model (median),"dex (log10 W m^-2, GOES-18 XRS-B)"
E2,HEL1OS input coverage 50-90%,,,15,,test,474,,15,,MAE,0.323325,0.2589,0.413,HEL1OS,50-90%,model (median),"dex (log10 W m^-2, GOES-18 XRS-B)"
E2,HEL1OS input coverage 50-90%,,,15,,test,474,,15,,RMSE,0.360381,,,HEL1OS,50-90%,model (median),"dex (log10 W m^-2, GOES-18 XRS-B)"
E2,HEL1OS input coverage 50-90%,,,15,,test,474,,15,,bias,0.323145,,,HEL1OS,50-90%,model (median),"dex (log10 W m^-2, GOES-18 XRS-B)"
E2,HEL1OS input coverage 50-90%,,,15,,test,474,,15,,correlation,0.941802,,,HEL1OS,50-90%,model (median),"dex (log10 W m^-2, GOES-18 XRS-B)"
E2,HEL1OS input coverage 50-90%,,,30,,test,461,,15,,MAE,0.330131,0.2651,0.4084,HEL1OS,50-90%,model (median),"dex (log10 W m^-2, GOES-18 XRS-B)"
E2,HEL1OS input coverage 50-90%,,,30,,test,461,,15,,RMSE,0.365221,,,HEL1OS,50-90%,model (median),"dex (log10 W m^-2, GOES-18 XRS-B)"
E2,HEL1OS input coverage 50-90%,,,30,,test,461,,15,,bias,0.325467,,,HEL1OS,50-90%,model (median),"dex (log10 W m^-2, GOES-18 XRS-B)"
E2,HEL1OS input coverage 50-90%,,,30,,test,461,,15,,correlation,0.93175,,,HEL1OS,50-90%,model (median),"dex (log10 W m^-2, GOES-18 XRS-B)"
E2,HEL1OS input coverage 50-90%,,,60,,test,456,,15,,MAE,0.347352,0.2688,0.4171,HEL1OS,50-90%,model (median),"dex (log10 W m^-2, GOES-18 XRS-B)"
E2,HEL1OS input coverage 50-90%,,,60,,test,456,,15,,RMSE,0.384136,,,HEL1OS,50-90%,model (median),"dex (log10 W m^-2, GOES-18 XRS-B)"
E2,HEL1OS input coverage 50-90%,,,60,,test,456,,15,,bias,0.332578,,,HEL1OS,50-90%,model (median),"dex (log10 W m^-2, GOES-18 XRS-B)"
E2,HEL1OS input coverage 50-90%,,,60,,test,456,,15,,correlation,0.900963,,,HEL1OS,50-90%,model (median),"dex (log10 W m^-2, GOES-18 XRS-B)"
E2,HEL1OS input coverage 90-<100%,in_flare,flare in progress,0,>=C1.0 (GOES-18 XRS flare list),test,13771,1215,159,0.38,ROC_AUC,0.924797,0.91,0.9368,HEL1OS,90-<100%,,
E2,HEL1OS input coverage 90-<100%,in_flare,flare in progress,0,>=C1.0 (GOES-18 XRS flare list),test,13771,1215,159,0.38,TSS,0.736154,0.6933,0.7711,HEL1OS,90-<100%,,
E2,HEL1OS input coverage 90-<100%,in_flare,flare in progress,0,>=C1.0 (GOES-18 XRS flare list),test,13771,1215,159,0.38,POD_recall,0.815638,,,HEL1OS,90-<100%,,
E2,HEL1OS input coverage 90-<100%,in_flare,flare in progress,0,>=C1.0 (GOES-18 XRS flare list),test,13771,1215,159,0.38,precision,0.49824,,,HEL1OS,90-<100%,,
E2,HEL1OS input coverage 90-<100%,in_flare,flare in progress,0,>=C1.0 (GOES-18 XRS flare list),test,13771,1215,159,0.38,F1,0.618602,,,HEL1OS,90-<100%,,
E2,HEL1OS input coverage 90-<100%,in_flare,flare in progress,0,>=C1.0 (GOES-18 XRS flare list),test,13771,1215,159,0.38,false_alarm_ratio,0.50176,,,HEL1OS,90-<100%,,
E2,HEL1OS input coverage 90-<100%,in_flare,flare in progress,0,>=C1.0 (GOES-18 XRS flare list),test,13771,1215,159,0.38,false_positive_rate,0.079484,,,HEL1OS,90-<100%,,
E2,HEL1OS input coverage 90-<100%,in_flare,flare in progress,0,>=C1.0 (GOES-18 XRS flare list),test,13771,1215,159,0.38,HSS,0.571683,,,HEL1OS,90-<100%,,
E2,HEL1OS input coverage 90-<100%,in_flare,flare in progress,0,>=C1.0 (GOES-18 XRS flare list),test,13771,1215,159,0.38,frequency_bias,1.637037,,,HEL1OS,90-<100%,,
E2,HEL1OS input coverage 90-<100%,in_flare,flare in progress,0,>=C1.0 (GOES-18 XRS flare list),test,13771,1215,159,0.38,accuracy,0.911263,,,HEL1OS,90-<100%,,
E2,HEL1OS input coverage 90-<100%,in_flare,flare in progress,0,>=C1.0 (GOES-18 XRS flare list),test,13771,1215,159,0.38,TP,991.0,,,HEL1OS,90-<100%,,
E2,HEL1OS input coverage 90-<100%,in_flare,flare in progress,0,>=C1.0 (GOES-18 XRS flare list),test,13771,1215,159,0.38,FP,998.0,,,HEL1OS,90-<100%,,
E2,HEL1OS input coverage 90-<100%,in_flare,flare in progress,0,>=C1.0 (GOES-18 XRS flare list),test,13771,1215,159,0.38,FN,224.0,,,HEL1OS,90-<100%,,
E2,HEL1OS input coverage 90-<100%,in_flare,flare in progress,0,>=C1.0 (GOES-18 XRS flare list),test,13771,1215,159,0.38,TN,11558.0,,,HEL1OS,90-<100%,,
E2,HEL1OS input coverage 90-<100%,in_flare,flare in progress,0,>=C1.0 (GOES-18 XRS flare list),test,13771,1215,159,0.38,Brier_raw,0.082388,,,HEL1OS,90-<100%,,
E2,HEL1OS input coverage 90-<100%,in_flare,flare in progress,0,>=C1.0 (GOES-18 XRS flare list),test,13771,1215,159,0.38,BSS_raw,-0.024159,,,HEL1OS,90-<100%,,
E2,HEL1OS input coverage 90-<100%,in_flare,flare in progress,0,>=C1.0 (GOES-18 XRS flare list),test,13771,1215,159,0.38,Brier_calibrated,0.041305,,,HEL1OS,90-<100%,,
E2,HEL1OS input coverage 90-<100%,in_flare,flare in progress,0,>=C1.0 (GOES-18 XRS flare list),test,13771,1215,159,0.38,BSS_calibrated,0.486546,0.4297,0.5365,HEL1OS,90-<100%,,
E2,HEL1OS input coverage 90-<100%,flare_within_15min,flare starts or is in progress within the horizon,15,>=C1.0 (GOES-18 XRS flare list),test,13771,2095,159,0.446,ROC_AUC,0.7673,0.7359,0.798,HEL1OS,90-<100%,,
E2,HEL1OS input coverage 90-<100%,flare_within_15min,flare starts or is in progress within the horizon,15,>=C1.0 (GOES-18 XRS flare list),test,13771,2095,159,0.446,TSS,0.45547,0.4061,0.5082,HEL1OS,90-<100%,,
E2,HEL1OS input coverage 90-<100%,flare_within_15min,flare starts or is in progress within the horizon,15,>=C1.0 (GOES-18 XRS flare list),test,13771,2095,159,0.446,POD_recall,0.534606,,,HEL1OS,90-<100%,,
E2,HEL1OS input coverage 90-<100%,flare_within_15min,flare starts or is in progress within the horizon,15,>=C1.0 (GOES-18 XRS flare list),test,13771,2095,159,0.446,precision,0.547945,,,HEL1OS,90-<100%,,
E2,HEL1OS input coverage 90-<100%,flare_within_15min,flare starts or is in progress within the horizon,15,>=C1.0 (GOES-18 XRS flare list),test,13771,2095,159,0.446,F1,0.541194,,,HEL1OS,90-<100%,,
E2,HEL1OS input coverage 90-<100%,flare_within_15min,flare starts or is in progress within the horizon,15,>=C1.0 (GOES-18 XRS flare list),test,13771,2095,159,0.446,false_alarm_ratio,0.452055,,,HEL1OS,90-<100%,,
E2,HEL1OS input coverage 90-<100%,flare_within_15min,flare starts or is in progress within the horizon,15,>=C1.0 (GOES-18 XRS flare list),test,13771,2095,159,0.446,false_positive_rate,0.079137,,,HEL1OS,90-<100%,,
E2,HEL1OS input coverage 90-<100%,flare_within_15min,flare starts or is in progress within the horizon,15,>=C1.0 (GOES-18 XRS flare list),test,13771,2095,159,0.446,HSS,0.460065,,,HEL1OS,90-<100%,,
E2,HEL1OS input coverage 90-<100%,flare_within_15min,flare starts or is in progress within the horizon,15,>=C1.0 (GOES-18 XRS flare list),test,13771,2095,159,0.446,frequency_bias,0.975656,,,HEL1OS,90-<100%,,
E2,HEL1OS input coverage 90-<100%,flare_within_15min,flare starts or is in progress within the horizon,15,>=C1.0 (GOES-18 XRS flare list),test,13771,2095,159,0.446,accuracy,0.862102,,,HEL1OS,90-<100%,,
E2,HEL1OS input coverage 90-<100%,flare_within_15min,flare starts or is in progress within the horizon,15,>=C1.0 (GOES-18 XRS flare list),test,13771,2095,159,0.446,TP,1120.0,,,HEL1OS,90-<100%,,
E2,HEL1OS input coverage 90-<100%,flare_within_15min,flare starts or is in progress within the horizon,15,>=C1.0 (GOES-18 XRS flare list),test,13771,2095,159,0.446,FP,924.0,,,HEL1OS,90-<100%,,
E2,HEL1OS input coverage 90-<100%,flare_within_15min,flare starts or is in progress within the horizon,15,>=C1.0 (GOES-18 XRS flare list),test,13771,2095,159,0.446,FN,975.0,,,HEL1OS,90-<100%,,
E2,HEL1OS input coverage 90-<100%,flare_within_15min,flare starts or is in progress within the horizon,15,>=C1.0 (GOES-18 XRS flare list),test,13771,2095,159,0.446,TN,10752.0,,,HEL1OS,90-<100%,,
E2,HEL1OS input coverage 90-<100%,flare_within_15min,flare starts or is in progress within the horizon,15,>=C1.0 (GOES-18 XRS flare list),test,13771,2095,159,0.446,Brier_raw,0.166934,,,HEL1OS,90-<100%,,
E2,HEL1OS input coverage 90-<100%,flare_within_15min,flare starts or is in progress within the horizon,15,>=C1.0 (GOES-18 XRS flare list),test,13771,2095,159,0.446,BSS_raw,-0.29419,,,HEL1OS,90-<100%,,
E2,HEL1OS input coverage 90-<100%,flare_within_15min,flare starts or is in progress within the horizon,15,>=C1.0 (GOES-18 XRS flare list),test,13771,2095,159,0.446,Brier_calibrated,0.091976,,,HEL1OS,90-<100%,,
E2,HEL1OS input coverage 90-<100%,flare_within_15min,flare starts or is in progress within the horizon,15,>=C1.0 (GOES-18 XRS flare list),test,13771,2095,159,0.446,BSS_calibrated,0.286939,0.2461,0.3293,HEL1OS,90-<100%,,
E2,HEL1OS input coverage 90-<100%,flare_within_30min,flare starts or is in progress within the horizon,30,>=C1.0 (GOES-18 XRS flare list),test,13771,2868,159,0.482,ROC_AUC,0.69115,0.6559,0.7293,HEL1OS,90-<100%,,
E2,HEL1OS input coverage 90-<100%,flare_within_30min,flare starts or is in progress within the horizon,30,>=C1.0 (GOES-18 XRS flare list),test,13771,2868,159,0.482,TSS,0.333738,0.286,0.3845,HEL1OS,90-<100%,,
E2,HEL1OS input coverage 90-<100%,flare_within_30min,flare starts or is in progress within the horizon,30,>=C1.0 (GOES-18 XRS flare list),test,13771,2868,159,0.482,POD_recall,0.422245,,,HEL1OS,90-<100%,,
E2,HEL1OS input coverage 90-<100%,flare_within_30min,flare starts or is in progress within the horizon,30,>=C1.0 (GOES-18 XRS flare list),test,13771,2868,159,0.482,precision,0.556526,,,HEL1OS,90-<100%,,
E2,HEL1OS input coverage 90-<100%,flare_within_30min,flare starts or is in progress within the horizon,30,>=C1.0 (GOES-18 XRS flare list),test,13771,2868,159,0.482,F1,0.480174,,,HEL1OS,90-<100%,,
E2,HEL1OS input coverage 90-<100%,flare_within_30min,flare starts or is in progress within the horizon,30,>=C1.0 (GOES-18 XRS flare list),test,13771,2868,159,0.482,false_alarm_ratio,0.443474,,,HEL1OS,90-<100%,,
E2,HEL1OS input coverage 90-<100%,flare_within_30min,flare starts or is in progress within the horizon,30,>=C1.0 (GOES-18 XRS flare list),test,13771,2868,159,0.482,false_positive_rate,0.088508,,,HEL1OS,90-<100%,,
E2,HEL1OS input coverage 90-<100%,flare_within_30min,flare starts or is in progress within the horizon,30,>=C1.0 (GOES-18 XRS flare list),test,13771,2868,159,0.482,HSS,0.366305,,,HEL1OS,90-<100%,,
E2,HEL1OS input coverage 90-<100%,flare_within_30min,flare starts or is in progress within the horizon,30,>=C1.0 (GOES-18 XRS flare list),test,13771,2868,159,0.482,frequency_bias,0.758717,,,HEL1OS,90-<100%,,
E2,HEL1OS input coverage 90-<100%,flare_within_30min,flare starts or is in progress within the horizon,30,>=C1.0 (GOES-18 XRS flare list),test,13771,2868,159,0.482,accuracy,0.8096,,,HEL1OS,90-<100%,,
E2,HEL1OS input coverage 90-<100%,flare_within_30min,flare starts or is in progress within the horizon,30,>=C1.0 (GOES-18 XRS flare list),test,13771,2868,159,0.482,TP,1211.0,,,HEL1OS,90-<100%,,
E2,HEL1OS input coverage 90-<100%,flare_within_30min,flare starts or is in progress within the horizon,30,>=C1.0 (GOES-18 XRS flare list),test,13771,2868,159,0.482,FP,965.0,,,HEL1OS,90-<100%,,
E2,HEL1OS input coverage 90-<100%,flare_within_30min,flare starts or is in progress within the horizon,30,>=C1.0 (GOES-18 XRS flare list),test,13771,2868,159,0.482,FN,1657.0,,,HEL1OS,90-<100%,,
E2,HEL1OS input coverage 90-<100%,flare_within_30min,flare starts or is in progress within the horizon,30,>=C1.0 (GOES-18 XRS flare list),test,13771,2868,159,0.482,TN,9938.0,,,HEL1OS,90-<100%,,
E2,HEL1OS input coverage 90-<100%,flare_within_30min,flare starts or is in progress within the horizon,30,>=C1.0 (GOES-18 XRS flare list),test,13771,2868,159,0.482,Brier_raw,0.204073,,,HEL1OS,90-<100%,,
E2,HEL1OS input coverage 90-<100%,flare_within_30min,flare starts or is in progress within the horizon,30,>=C1.0 (GOES-18 XRS flare list),test,13771,2868,159,0.482,BSS_raw,-0.237634,,,HEL1OS,90-<100%,,
E2,HEL1OS input coverage 90-<100%,flare_within_30min,flare starts or is in progress within the horizon,30,>=C1.0 (GOES-18 XRS flare list),test,13771,2868,159,0.482,Brier_calibrated,0.132493,,,HEL1OS,90-<100%,,
E2,HEL1OS input coverage 90-<100%,flare_within_30min,flare starts or is in progress within the horizon,30,>=C1.0 (GOES-18 XRS flare list),test,13771,2868,159,0.482,BSS_calibrated,0.196476,0.1582,0.2318,HEL1OS,90-<100%,,
E2,HEL1OS input coverage 90-<100%,flare_within_60min,flare starts or is in progress within the horizon,60,>=C1.0 (GOES-18 XRS flare list),test,13771,4262,159,0.558,ROC_AUC,0.617549,0.5731,0.6617,HEL1OS,90-<100%,,
E2,HEL1OS input coverage 90-<100%,flare_within_60min,flare starts or is in progress within the horizon,60,>=C1.0 (GOES-18 XRS flare list),test,13771,4262,159,0.558,TSS,0.224601,0.1788,0.2693,HEL1OS,90-<100%,,
E2,HEL1OS input coverage 90-<100%,flare_within_60min,flare starts or is in progress within the horizon,60,>=C1.0 (GOES-18 XRS flare list),test,13771,4262,159,0.558,POD_recall,0.341858,,,HEL1OS,90-<100%,,
E2,HEL1OS input coverage 90-<100%,flare_within_60min,flare starts or is in progress within the horizon,60,>=C1.0 (GOES-18 XRS flare list),test,13771,4262,159,0.558,precision,0.566485,,,HEL1OS,90-<100%,,
E2,HEL1OS input coverage 90-<100%,flare_within_60min,flare starts or is in progress within the horizon,60,>=C1.0 (GOES-18 XRS flare list),test,13771,4262,159,0.558,F1,0.426397,,,HEL1OS,90-<100%,,
E2,HEL1OS input coverage 90-<100%,flare_within_60min,flare starts or is in progress within the horizon,60,>=C1.0 (GOES-18 XRS flare list),test,13771,4262,159,0.558,false_alarm_ratio,0.433515,,,HEL1OS,90-<100%,,
E2,HEL1OS input coverage 90-<100%,flare_within_60min,flare starts or is in progress within the horizon,60,>=C1.0 (GOES-18 XRS flare list),test,13771,4262,159,0.558,false_positive_rate,0.117257,,,HEL1OS,90-<100%,,
E2,HEL1OS input coverage 90-<100%,flare_within_60min,flare starts or is in progress within the horizon,60,>=C1.0 (GOES-18 XRS flare list),test,13771,4262,159,0.558,HSS,0.252191,,,HEL1OS,90-<100%,,
E2,HEL1OS input coverage 90-<100%,flare_within_60min,flare starts or is in progress within the horizon,60,>=C1.0 (GOES-18 XRS flare list),test,13771,4262,159,0.558,frequency_bias,0.603473,,,HEL1OS,90-<100%,,
E2,HEL1OS input coverage 90-<100%,flare_within_60min,flare starts or is in progress within the horizon,60,>=C1.0 (GOES-18 XRS flare list),test,13771,4262,159,0.558,accuracy,0.715344,,,HEL1OS,90-<100%,,
E2,HEL1OS input coverage 90-<100%,flare_within_60min,flare starts or is in progress within the horizon,60,>=C1.0 (GOES-18 XRS flare list),test,13771,4262,159,0.558,TP,1457.0,,,HEL1OS,90-<100%,,
E2,HEL1OS input coverage 90-<100%,flare_within_60min,flare starts or is in progress within the horizon,60,>=C1.0 (GOES-18 XRS flare list),test,13771,4262,159,0.558,FP,1115.0,,,HEL1OS,90-<100%,,
E2,HEL1OS input coverage 90-<100%,flare_within_60min,flare starts or is in progress within the horizon,60,>=C1.0 (GOES-18 XRS flare list),test,13771,4262,159,0.558,FN,2805.0,,,HEL1OS,90-<100%,,
E2,HEL1OS input coverage 90-<100%,flare_within_60min,flare starts or is in progress within the horizon,60,>=C1.0 (GOES-18 XRS flare list),test,13771,4262,159,0.558,TN,8394.0,,,HEL1OS,90-<100%,,
E2,HEL1OS input coverage 90-<100%,flare_within_60min,flare starts or is in progress within the horizon,60,>=C1.0 (GOES-18 XRS flare list),test,13771,4262,159,0.558,Brier_raw,0.248499,,,HEL1OS,90-<100%,,
E2,HEL1OS input coverage 90-<100%,flare_within_60min,flare starts or is in progress within the horizon,60,>=C1.0 (GOES-18 XRS flare list),test,13771,4262,159,0.558,BSS_raw,-0.162805,,,HEL1OS,90-<100%,,
E2,HEL1OS input coverage 90-<100%,flare_within_60min,flare starts or is in progress within the horizon,60,>=C1.0 (GOES-18 XRS flare list),test,13771,4262,159,0.558,Brier_calibrated,0.189313,,,HEL1OS,90-<100%,,
E2,HEL1OS input coverage 90-<100%,flare_within_60min,flare starts or is in progress within the horizon,60,>=C1.0 (GOES-18 XRS flare list),test,13771,4262,159,0.558,BSS_calibrated,0.114145,0.0829,0.1403,HEL1OS,90-<100%,,
E2,HEL1OS input coverage 90-<100%,,,0,,test,13771,,159,,MAE,0.319598,0.2963,0.3454,HEL1OS,90-<100%,model (median),"dex (log10 W m^-2, GOES-18 XRS-B)"
E2,HEL1OS input coverage 90-<100%,,,0,,test,13771,,159,,RMSE,0.359595,,,HEL1OS,90-<100%,model (median),"dex (log10 W m^-2, GOES-18 XRS-B)"
E2,HEL1OS input coverage 90-<100%,,,0,,test,13771,,159,,bias,0.318718,,,HEL1OS,90-<100%,model (median),"dex (log10 W m^-2, GOES-18 XRS-B)"
E2,HEL1OS input coverage 90-<100%,,,0,,test,13771,,159,,correlation,0.902226,,,HEL1OS,90-<100%,model (median),"dex (log10 W m^-2, GOES-18 XRS-B)"
E2,HEL1OS input coverage 90-<100%,,,1,,test,13764,,159,,MAE,0.307037,0.2837,0.3326,HEL1OS,90-<100%,model (median),"dex (log10 W m^-2, GOES-18 XRS-B)"
E2,HEL1OS input coverage 90-<100%,,,1,,test,13764,,159,,RMSE,0.348738,,,HEL1OS,90-<100%,model (median),"dex (log10 W m^-2, GOES-18 XRS-B)"
E2,HEL1OS input coverage 90-<100%,,,1,,test,13764,,159,,bias,0.305451,,,HEL1OS,90-<100%,model (median),"dex (log10 W m^-2, GOES-18 XRS-B)"
E2,HEL1OS input coverage 90-<100%,,,1,,test,13764,,159,,correlation,0.903378,,,HEL1OS,90-<100%,model (median),"dex (log10 W m^-2, GOES-18 XRS-B)"
E2,HEL1OS input coverage 90-<100%,,,5,,test,13759,,159,,MAE,0.316344,0.2932,0.3416,HEL1OS,90-<100%,model (median),"dex (log10 W m^-2, GOES-18 XRS-B)"
E2,HEL1OS input coverage 90-<100%,,,5,,test,13759,,159,,RMSE,0.358816,,,HEL1OS,90-<100%,model (median),"dex (log10 W m^-2, GOES-18 XRS-B)"
E2,HEL1OS input coverage 90-<100%,,,5,,test,13759,,159,,bias,0.311014,,,HEL1OS,90-<100%,model (median),"dex (log10 W m^-2, GOES-18 XRS-B)"
E2,HEL1OS input coverage 90-<100%,,,5,,test,13759,,159,,correlation,0.888156,,,HEL1OS,90-<100%,model (median),"dex (log10 W m^-2, GOES-18 XRS-B)"
E2,HEL1OS input coverage 90-<100%,,,15,,test,13754,,159,,MAE,0.337911,0.3136,0.3644,HEL1OS,90-<100%,model (median),"dex (log10 W m^-2, GOES-18 XRS-B)"
E2,HEL1OS input coverage 90-<100%,,,15,,test,13754,,159,,RMSE,0.384601,,,HEL1OS,90-<100%,model (median),"dex (log10 W m^-2, GOES-18 XRS-B)"
E2,HEL1OS input coverage 90-<100%,,,15,,test,13754,,159,,bias,0.319157,,,HEL1OS,90-<100%,model (median),"dex (log10 W m^-2, GOES-18 XRS-B)"
E2,HEL1OS input coverage 90-<100%,,,15,,test,13754,,159,,correlation,0.833581,,,HEL1OS,90-<100%,model (median),"dex (log10 W m^-2, GOES-18 XRS-B)"
E2,HEL1OS input coverage 90-<100%,,,30,,test,13750,,159,,MAE,0.340398,0.3151,0.3663,HEL1OS,90-<100%,model (median),"dex (log10 W m^-2, GOES-18 XRS-B)"
E2,HEL1OS input coverage 90-<100%,,,30,,test,13750,,159,,RMSE,0.392198,,,HEL1OS,90-<100%,model (median),"dex (log10 W m^-2, GOES-18 XRS-B)"
E2,HEL1OS input coverage 90-<100%,,,30,,test,13750,,159,,bias,0.308067,,,HEL1OS,90-<100%,model (median),"dex (log10 W m^-2, GOES-18 XRS-B)"
E2,HEL1OS input coverage 90-<100%,,,30,,test,13750,,159,,correlation,0.780126,,,HEL1OS,90-<100%,model (median),"dex (log10 W m^-2, GOES-18 XRS-B)"
E2,HEL1OS input coverage 90-<100%,,,60,,test,13748,,159,,MAE,0.356153,0.3305,0.3822,HEL1OS,90-<100%,model (median),"dex (log10 W m^-2, GOES-18 XRS-B)"
E2,HEL1OS input coverage 90-<100%,,,60,,test,13748,,159,,RMSE,0.411747,,,HEL1OS,90-<100%,model (median),"dex (log10 W m^-2, GOES-18 XRS-B)"
E2,HEL1OS input coverage 90-<100%,,,60,,test,13748,,159,,bias,0.309175,,,HEL1OS,90-<100%,model (median),"dex (log10 W m^-2, GOES-18 XRS-B)"
E2,HEL1OS input coverage 90-<100%,,,60,,test,13748,,159,,correlation,0.71725,,,HEL1OS,90-<100%,model (median),"dex (log10 W m^-2, GOES-18 XRS-B)"
E2,HEL1OS input coverage 100%,in_flare,flare in progress,0,>=C1.0 (GOES-18 XRS flare list),test,100518,7999,170,0.38,ROC_AUC,0.91721,0.9103,0.9235,HEL1OS,100%,,
E2,HEL1OS input coverage 100%,in_flare,flare in progress,0,>=C1.0 (GOES-18 XRS flare list),test,100518,7999,170,0.38,TSS,0.721241,0.7017,0.7404,HEL1OS,100%,,
E2,HEL1OS input coverage 100%,in_flare,flare in progress,0,>=C1.0 (GOES-18 XRS flare list),test,100518,7999,170,0.38,POD_recall,0.79835,,,HEL1OS,100%,,
E2,HEL1OS input coverage 100%,in_flare,flare in progress,0,>=C1.0 (GOES-18 XRS flare list),test,100518,7999,170,0.38,precision,0.472337,,,HEL1OS,100%,,
E2,HEL1OS input coverage 100%,in_flare,flare in progress,0,>=C1.0 (GOES-18 XRS flare list),test,100518,7999,170,0.38,F1,0.593522,,,HEL1OS,100%,,
E2,HEL1OS input coverage 100%,in_flare,flare in progress,0,>=C1.0 (GOES-18 XRS flare list),test,100518,7999,170,0.38,false_alarm_ratio,0.527663,,,HEL1OS,100%,,
E2,HEL1OS input coverage 100%,in_flare,flare in progress,0,>=C1.0 (GOES-18 XRS flare list),test,100518,7999,170,0.38,false_positive_rate,0.077108,,,HEL1OS,100%,,
E2,HEL1OS input coverage 100%,in_flare,flare in progress,0,>=C1.0 (GOES-18 XRS flare list),test,100518,7999,170,0.38,HSS,0.548361,,,HEL1OS,100%,,
E2,HEL1OS input coverage 100%,in_flare,flare in progress,0,>=C1.0 (GOES-18 XRS flare list),test,100518,7999,170,0.38,frequency_bias,1.690211,,,HEL1OS,100%,,
E2,HEL1OS input coverage 100%,in_flare,flare in progress,0,>=C1.0 (GOES-18 XRS flare list),test,100518,7999,170,0.38,accuracy,0.912981,,,HEL1OS,100%,,
E2,HEL1OS input coverage 100%,in_flare,flare in progress,0,>=C1.0 (GOES-18 XRS flare list),test,100518,7999,170,0.38,TP,6386.0,,,HEL1OS,100%,,
E2,HEL1OS input coverage 100%,in_flare,flare in progress,0,>=C1.0 (GOES-18 XRS flare list),test,100518,7999,170,0.38,FP,7134.0,,,HEL1OS,100%,,
E2,HEL1OS input coverage 100%,in_flare,flare in progress,0,>=C1.0 (GOES-18 XRS flare list),test,100518,7999,170,0.38,FN,1613.0,,,HEL1OS,100%,,
E2,HEL1OS input coverage 100%,in_flare,flare in progress,0,>=C1.0 (GOES-18 XRS flare list),test,100518,7999,170,0.38,TN,85385.0,,,HEL1OS,100%,,
E2,HEL1OS input coverage 100%,in_flare,flare in progress,0,>=C1.0 (GOES-18 XRS flare list),test,100518,7999,170,0.38,Brier_raw,0.080728,,,HEL1OS,100%,,
E2,HEL1OS input coverage 100%,in_flare,flare in progress,0,>=C1.0 (GOES-18 XRS flare list),test,100518,7999,170,0.38,BSS_raw,-0.102167,,,HEL1OS,100%,,
E2,HEL1OS input coverage 100%,in_flare,flare in progress,0,>=C1.0 (GOES-18 XRS flare list),test,100518,7999,170,0.38,Brier_calibrated,0.03726,,,HEL1OS,100%,,
E2,HEL1OS input coverage 100%,in_flare,flare in progress,0,>=C1.0 (GOES-18 XRS flare list),test,100518,7999,170,0.38,BSS_calibrated,0.4913,0.4666,0.5149,HEL1OS,100%,,
E2,HEL1OS input coverage 100%,flare_within_15min,flare starts or is in progress within the horizon,15,>=C1.0 (GOES-18 XRS flare list),test,100518,13616,170,0.446,ROC_AUC,0.75976,0.7486,0.7709,HEL1OS,100%,,
E2,HEL1OS input coverage 100%,flare_within_15min,flare starts or is in progress within the horizon,15,>=C1.0 (GOES-18 XRS flare list),test,100518,13616,170,0.446,TSS,0.44182,0.4219,0.4607,HEL1OS,100%,,
E2,HEL1OS input coverage 100%,flare_within_15min,flare starts or is in progress within the horizon,15,>=C1.0 (GOES-18 XRS flare list),test,100518,13616,170,0.446,POD_recall,0.518067,,,HEL1OS,100%,,
E2,HEL1OS input coverage 100%,flare_within_15min,flare starts or is in progress within the horizon,15,>=C1.0 (GOES-18 XRS flare list),test,100518,13616,170,0.446,precision,0.515643,,,HEL1OS,100%,,
E2,HEL1OS input coverage 100%,flare_within_15min,flare starts or is in progress within the horizon,15,>=C1.0 (GOES-18 XRS flare list),test,100518,13616,170,0.446,F1,0.516852,,,HEL1OS,100%,,
E2,HEL1OS input coverage 100%,flare_within_15min,flare starts or is in progress within the horizon,15,>=C1.0 (GOES-18 XRS flare list),test,100518,13616,170,0.446,false_alarm_ratio,0.484357,,,HEL1OS,100%,,
E2,HEL1OS input coverage 100%,flare_within_15min,flare starts or is in progress within the horizon,15,>=C1.0 (GOES-18 XRS flare list),test,100518,13616,170,0.446,false_positive_rate,0.076247,,,HEL1OS,100%,,
E2,HEL1OS input coverage 100%,flare_within_15min,flare starts or is in progress within the horizon,15,>=C1.0 (GOES-18 XRS flare list),test,100518,13616,170,0.446,HSS,0.440946,,,HEL1OS,100%,,
E2,HEL1OS input coverage 100%,flare_within_15min,flare starts or is in progress within the horizon,15,>=C1.0 (GOES-18 XRS flare list),test,100518,13616,170,0.446,frequency_bias,1.0047,,,HEL1OS,100%,,
E2,HEL1OS input coverage 100%,flare_within_15min,flare starts or is in progress within the horizon,15,>=C1.0 (GOES-18 XRS flare list),test,100518,13616,170,0.446,accuracy,0.8688,,,HEL1OS,100%,,
E2,HEL1OS input coverage 100%,flare_within_15min,flare starts or is in progress within the horizon,15,>=C1.0 (GOES-18 XRS flare list),test,100518,13616,170,0.446,TP,7054.0,,,HEL1OS,100%,,
E2,HEL1OS input coverage 100%,flare_within_15min,flare starts or is in progress within the horizon,15,>=C1.0 (GOES-18 XRS flare list),test,100518,13616,170,0.446,FP,6626.0,,,HEL1OS,100%,,
E2,HEL1OS input coverage 100%,flare_within_15min,flare starts or is in progress within the horizon,15,>=C1.0 (GOES-18 XRS flare list),test,100518,13616,170,0.446,FN,6562.0,,,HEL1OS,100%,,
E2,HEL1OS input coverage 100%,flare_within_15min,flare starts or is in progress within the horizon,15,>=C1.0 (GOES-18 XRS flare list),test,100518,13616,170,0.446,TN,80276.0,,,HEL1OS,100%,,
E2,HEL1OS input coverage 100%,flare_within_15min,flare starts or is in progress within the horizon,15,>=C1.0 (GOES-18 XRS flare list),test,100518,13616,170,0.446,Brier_raw,0.165568,,,HEL1OS,100%,,
E2,HEL1OS input coverage 100%,flare_within_15min,flare starts or is in progress within the horizon,15,>=C1.0 (GOES-18 XRS flare list),test,100518,13616,170,0.446,BSS_raw,-0.41379,,,HEL1OS,100%,,
E2,HEL1OS input coverage 100%,flare_within_15min,flare starts or is in progress within the horizon,15,>=C1.0 (GOES-18 XRS flare list),test,100518,13616,170,0.446,Brier_calibrated,0.084542,,,HEL1OS,100%,,
E2,HEL1OS input coverage 100%,flare_within_15min,flare starts or is in progress within the horizon,15,>=C1.0 (GOES-18 XRS flare list),test,100518,13616,170,0.446,BSS_calibrated,0.278097,0.2607,0.2955,HEL1OS,100%,,
E2,HEL1OS input coverage 100%,flare_within_30min,flare starts or is in progress within the horizon,30,>=C1.0 (GOES-18 XRS flare list),test,100518,18613,170,0.482,ROC_AUC,0.685064,0.669,0.6992,HEL1OS,100%,,
E2,HEL1OS input coverage 100%,flare_within_30min,flare starts or is in progress within the horizon,30,>=C1.0 (GOES-18 XRS flare list),test,100518,18613,170,0.482,TSS,0.33315,0.314,0.3506,HEL1OS,100%,,
E2,HEL1OS input coverage 100%,flare_within_30min,flare starts or is in progress within the horizon,30,>=C1.0 (GOES-18 XRS flare list),test,100518,18613,170,0.482,POD_recall,0.420996,,,HEL1OS,100%,,
E2,HEL1OS input coverage 100%,flare_within_30min,flare starts or is in progress within the horizon,30,>=C1.0 (GOES-18 XRS flare list),test,100518,18613,170,0.482,precision,0.521323,,,HEL1OS,100%,,
E2,HEL1OS input coverage 100%,flare_within_30min,flare starts or is in progress within the horizon,30,>=C1.0 (GOES-18 XRS flare list),test,100518,18613,170,0.482,F1,0.465819,,,HEL1OS,100%,,
E2,HEL1OS input coverage 100%,flare_within_30min,flare starts or is in progress within the horizon,30,>=C1.0 (GOES-18 XRS flare list),test,100518,18613,170,0.482,false_alarm_ratio,0.478677,,,HEL1OS,100%,,
E2,HEL1OS input coverage 100%,flare_within_30min,flare starts or is in progress within the horizon,30,>=C1.0 (GOES-18 XRS flare list),test,100518,18613,170,0.482,false_positive_rate,0.087846,,,HEL1OS,100%,,
E2,HEL1OS input coverage 100%,flare_within_30min,flare starts or is in progress within the horizon,30,>=C1.0 (GOES-18 XRS flare list),test,100518,18613,170,0.482,HSS,0.359912,,,HEL1OS,100%,,
E2,HEL1OS input coverage 100%,flare_within_30min,flare starts or is in progress within the horizon,30,>=C1.0 (GOES-18 XRS flare list),test,100518,18613,170,0.482,frequency_bias,0.807554,,,HEL1OS,100%,,
E2,HEL1OS input coverage 100%,flare_within_30min,flare starts or is in progress within the horizon,30,>=C1.0 (GOES-18 XRS flare list),test,100518,18613,170,0.482,accuracy,0.821206,,,HEL1OS,100%,,
E2,HEL1OS input coverage 100%,flare_within_30min,flare starts or is in progress within the horizon,30,>=C1.0 (GOES-18 XRS flare list),test,100518,18613,170,0.482,TP,7836.0,,,HEL1OS,100%,,
E2,HEL1OS input coverage 100%,flare_within_30min,flare starts or is in progress within the horizon,30,>=C1.0 (GOES-18 XRS flare list),test,100518,18613,170,0.482,FP,7195.0,,,HEL1OS,100%,,
E2,HEL1OS input coverage 100%,flare_within_30min,flare starts or is in progress within the horizon,30,>=C1.0 (GOES-18 XRS flare list),test,100518,18613,170,0.482,FN,10777.0,,,HEL1OS,100%,,
E2,HEL1OS input coverage 100%,flare_within_30min,flare starts or is in progress within the horizon,30,>=C1.0 (GOES-18 XRS flare list),test,100518,18613,170,0.482,TN,74710.0,,,HEL1OS,100%,,
E2,HEL1OS input coverage 100%,flare_within_30min,flare starts or is in progress within the horizon,30,>=C1.0 (GOES-18 XRS flare list),test,100518,18613,170,0.482,Brier_raw,0.203566,,,HEL1OS,100%,,
E2,HEL1OS input coverage 100%,flare_within_30min,flare starts or is in progress within the horizon,30,>=C1.0 (GOES-18 XRS flare list),test,100518,18613,170,0.482,BSS_raw,-0.349165,,,HEL1OS,100%,,
E2,HEL1OS input coverage 100%,flare_within_30min,flare starts or is in progress within the horizon,30,>=C1.0 (GOES-18 XRS flare list),test,100518,18613,170,0.482,Brier_calibrated,0.12253,,,HEL1OS,100%,,
E2,HEL1OS input coverage 100%,flare_within_30min,flare starts or is in progress within the horizon,30,>=C1.0 (GOES-18 XRS flare list),test,100518,18613,170,0.482,BSS_calibrated,0.187912,0.1709,0.2028,HEL1OS,100%,,
E2,HEL1OS input coverage 100%,flare_within_60min,flare starts or is in progress within the horizon,60,>=C1.0 (GOES-18 XRS flare list),test,100518,27039,170,0.558,ROC_AUC,0.609556,0.5919,0.6264,HEL1OS,100%,,
E2,HEL1OS input coverage 100%,flare_within_60min,flare starts or is in progress within the horizon,60,>=C1.0 (GOES-18 XRS flare list),test,100518,27039,170,0.558,TSS,0.232846,0.212,0.2507,HEL1OS,100%,,
E2,HEL1OS input coverage 100%,flare_within_60min,flare starts or is in progress within the horizon,60,>=C1.0 (GOES-18 XRS flare list),test,100518,27039,170,0.558,POD_recall,0.346647,,,HEL1OS,100%,,
E2,HEL1OS input coverage 100%,flare_within_60min,flare starts or is in progress within the horizon,60,>=C1.0 (GOES-18 XRS flare list),test,100518,27039,170,0.558,precision,0.528503,,,HEL1OS,100%,,
E2,HEL1OS input coverage 100%,flare_within_60min,flare starts or is in progress within the horizon,60,>=C1.0 (GOES-18 XRS flare list),test,100518,27039,170,0.558,F1,0.41868,,,HEL1OS,100%,,
E2,HEL1OS input coverage 100%,flare_within_60min,flare starts or is in progress within the horizon,60,>=C1.0 (GOES-18 XRS flare list),test,100518,27039,170,0.558,false_alarm_ratio,0.471497,,,HEL1OS,100%,,
E2,HEL1OS input coverage 100%,flare_within_60min,flare starts or is in progress within the horizon,60,>=C1.0 (GOES-18 XRS flare list),test,100518,27039,170,0.558,false_positive_rate,0.113801,,,HEL1OS,100%,,
E2,HEL1OS input coverage 100%,flare_within_60min,flare starts or is in progress within the horizon,60,>=C1.0 (GOES-18 XRS flare list),test,100518,27039,170,0.558,HSS,0.261254,,,HEL1OS,100%,,
E2,HEL1OS input coverage 100%,flare_within_60min,flare starts or is in progress within the horizon,60,>=C1.0 (GOES-18 XRS flare list),test,100518,27039,170,0.558,frequency_bias,0.655904,,,HEL1OS,100%,,
E2,HEL1OS input coverage 100%,flare_within_60min,flare starts or is in progress within the horizon,60,>=C1.0 (GOES-18 XRS flare list),test,100518,27039,170,0.558,accuracy,0.741061,,,HEL1OS,100%,,
E2,HEL1OS input coverage 100%,flare_within_60min,flare starts or is in progress within the horizon,60,>=C1.0 (GOES-18 XRS flare list),test,100518,27039,170,0.558,TP,9373.0,,,HEL1OS,100%,,
E2,HEL1OS input coverage 100%,flare_within_60min,flare starts or is in progress within the horizon,60,>=C1.0 (GOES-18 XRS flare list),test,100518,27039,170,0.558,FP,8362.0,,,HEL1OS,100%,,
E2,HEL1OS input coverage 100%,flare_within_60min,flare starts or is in progress within the horizon,60,>=C1.0 (GOES-18 XRS flare list),test,100518,27039,170,0.558,FN,17666.0,,,HEL1OS,100%,,
E2,HEL1OS input coverage 100%,flare_within_60min,flare starts or is in progress within the horizon,60,>=C1.0 (GOES-18 XRS flare list),test,100518,27039,170,0.558,TN,65117.0,,,HEL1OS,100%,,
E2,HEL1OS input coverage 100%,flare_within_60min,flare starts or is in progress within the horizon,60,>=C1.0 (GOES-18 XRS flare list),test,100518,27039,170,0.558,Brier_raw,0.2525,,,HEL1OS,100%,,
E2,HEL1OS input coverage 100%,flare_within_60min,flare starts or is in progress within the horizon,60,>=C1.0 (GOES-18 XRS flare list),test,100518,27039,170,0.558,BSS_raw,-0.284091,,,HEL1OS,100%,,
E2,HEL1OS input coverage 100%,flare_within_60min,flare starts or is in progress within the horizon,60,>=C1.0 (GOES-18 XRS flare list),test,100518,27039,170,0.558,Brier_calibrated,0.17741,,,HEL1OS,100%,,
E2,HEL1OS input coverage 100%,flare_within_60min,flare starts or is in progress within the horizon,60,>=C1.0 (GOES-18 XRS flare list),test,100518,27039,170,0.558,BSS_calibrated,0.097783,0.0742,0.1122,HEL1OS,100%,,
E2,HEL1OS input coverage 100%,,,0,,test,100518,,170,,MAE,0.323635,0.3042,0.3439,HEL1OS,100%,model (median),"dex (log10 W m^-2, GOES-18 XRS-B)"
E2,HEL1OS input coverage 100%,,,0,,test,100518,,170,,RMSE,0.359319,,,HEL1OS,100%,model (median),"dex (log10 W m^-2, GOES-18 XRS-B)"
E2,HEL1OS input coverage 100%,,,0,,test,100518,,170,,bias,0.322983,,,HEL1OS,100%,model (median),"dex (log10 W m^-2, GOES-18 XRS-B)"
E2,HEL1OS input coverage 100%,,,0,,test,100518,,170,,correlation,0.88003,,,HEL1OS,100%,model (median),"dex (log10 W m^-2, GOES-18 XRS-B)"
E2,HEL1OS input coverage 100%,,,1,,test,100479,,170,,MAE,0.311884,0.2923,0.332,HEL1OS,100%,model (median),"dex (log10 W m^-2, GOES-18 XRS-B)"
E2,HEL1OS input coverage 100%,,,1,,test,100479,,170,,RMSE,0.348979,,,HEL1OS,100%,model (median),"dex (log10 W m^-2, GOES-18 XRS-B)"
E2,HEL1OS input coverage 100%,,,1,,test,100479,,170,,bias,0.310765,,,HEL1OS,100%,model (median),"dex (log10 W m^-2, GOES-18 XRS-B)"
E2,HEL1OS input coverage 100%,,,1,,test,100479,,170,,correlation,0.880406,,,HEL1OS,100%,model (median),"dex (log10 W m^-2, GOES-18 XRS-B)"
E2,HEL1OS input coverage 100%,,,5,,test,100389,,170,,MAE,0.321477,0.3021,0.3417,HEL1OS,100%,model (median),"dex (log10 W m^-2, GOES-18 XRS-B)"
E2,HEL1OS input coverage 100%,,,5,,test,100389,,170,,RMSE,0.359333,,,HEL1OS,100%,model (median),"dex (log10 W m^-2, GOES-18 XRS-B)"
E2,HEL1OS input coverage 100%,,,5,,test,100389,,170,,bias,0.317298,,,HEL1OS,100%,model (median),"dex (log10 W m^-2, GOES-18 XRS-B)"
E2,HEL1OS input coverage 100%,,,5,,test,100389,,170,,correlation,0.860639,,,HEL1OS,100%,model (median),"dex (log10 W m^-2, GOES-18 XRS-B)"
E2,HEL1OS input coverage 100%,,,15,,test,100196,,170,,MAE,0.341782,0.3225,0.362,HEL1OS,100%,model (median),"dex (log10 W m^-2, GOES-18 XRS-B)"
E2,HEL1OS input coverage 100%,,,15,,test,100196,,170,,RMSE,0.382396,,,HEL1OS,100%,model (median),"dex (log10 W m^-2, GOES-18 XRS-B)"
E2,HEL1OS input coverage 100%,,,15,,test,100196,,170,,bias,0.32896,,,HEL1OS,100%,model (median),"dex (log10 W m^-2, GOES-18 XRS-B)"
E2,HEL1OS input coverage 100%,,,15,,test,100196,,170,,correlation,0.804562,,,HEL1OS,100%,model (median),"dex (log10 W m^-2, GOES-18 XRS-B)"
E2,HEL1OS input coverage 100%,,,30,,test,99906,,170,,MAE,0.342416,0.323,0.3626,HEL1OS,100%,model (median),"dex (log10 W m^-2, GOES-18 XRS-B)"
E2,HEL1OS input coverage 100%,,,30,,test,99906,,170,,RMSE,0.385814,,,HEL1OS,100%,model (median),"dex (log10 W m^-2, GOES-18 XRS-B)"
E2,HEL1OS input coverage 100%,,,30,,test,99906,,170,,bias,0.320636,,,HEL1OS,100%,model (median),"dex (log10 W m^-2, GOES-18 XRS-B)"
E2,HEL1OS input coverage 100%,,,30,,test,99906,,170,,correlation,0.750747,,,HEL1OS,100%,model (median),"dex (log10 W m^-2, GOES-18 XRS-B)"
E2,HEL1OS input coverage 100%,,,60,,test,99396,,170,,MAE,0.355333,0.3356,0.3757,HEL1OS,100%,model (median),"dex (log10 W m^-2, GOES-18 XRS-B)"
E2,HEL1OS input coverage 100%,,,60,,test,99396,,170,,RMSE,0.400399,,,HEL1OS,100%,model (median),"dex (log10 W m^-2, GOES-18 XRS-B)"
E2,HEL1OS input coverage 100%,,,60,,test,99396,,170,,bias,0.326596,,,HEL1OS,100%,model (median),"dex (log10 W m^-2, GOES-18 XRS-B)"
E2,HEL1OS input coverage 100%,,,60,,test,99396,,170,,correlation,0.695688,,,HEL1OS,100%,model (median),"dex (log10 W m^-2, GOES-18 XRS-B)"
E4,SoLEXS input coverage <50%,in_flare,flare in progress,0,>=C1.0 (GOES-18 XRS flare list),test,10341,827,27,0.361,ROC_AUC,0.903634,0.8698,0.9323,SoLEXS,<50%,,
E4,SoLEXS input coverage <50%,in_flare,flare in progress,0,>=C1.0 (GOES-18 XRS flare list),test,10341,827,27,0.361,TSS,0.648507,0.5025,0.7524,SoLEXS,<50%,,
E4,SoLEXS input coverage <50%,in_flare,flare in progress,0,>=C1.0 (GOES-18 XRS flare list),test,10341,827,27,0.361,POD_recall,0.685611,,,SoLEXS,<50%,,
E4,SoLEXS input coverage <50%,in_flare,flare in progress,0,>=C1.0 (GOES-18 XRS flare list),test,10341,827,27,0.361,precision,0.616304,,,SoLEXS,<50%,,
E4,SoLEXS input coverage <50%,in_flare,flare in progress,0,>=C1.0 (GOES-18 XRS flare list),test,10341,827,27,0.361,F1,0.649113,,,SoLEXS,<50%,,
E4,SoLEXS input coverage <50%,in_flare,flare in progress,0,>=C1.0 (GOES-18 XRS flare list),test,10341,827,27,0.361,false_alarm_ratio,0.383696,,,SoLEXS,<50%,,
E4,SoLEXS input coverage <50%,in_flare,flare in progress,0,>=C1.0 (GOES-18 XRS flare list),test,10341,827,27,0.361,false_positive_rate,0.037103,,,SoLEXS,<50%,,
E4,SoLEXS input coverage <50%,in_flare,flare in progress,0,>=C1.0 (GOES-18 XRS flare list),test,10341,827,27,0.361,HSS,0.616839,,,SoLEXS,<50%,,
E4,SoLEXS input coverage <50%,in_flare,flare in progress,0,>=C1.0 (GOES-18 XRS flare list),test,10341,827,27,0.361,frequency_bias,1.112455,,,SoLEXS,<50%,,
E4,SoLEXS input coverage <50%,in_flare,flare in progress,0,>=C1.0 (GOES-18 XRS flare list),test,10341,827,27,0.361,accuracy,0.940721,,,SoLEXS,<50%,,
E4,SoLEXS input coverage <50%,in_flare,flare in progress,0,>=C1.0 (GOES-18 XRS flare list),test,10341,827,27,0.361,TP,567.0,,,SoLEXS,<50%,,
E4,SoLEXS input coverage <50%,in_flare,flare in progress,0,>=C1.0 (GOES-18 XRS flare list),test,10341,827,27,0.361,FP,353.0,,,SoLEXS,<50%,,
E4,SoLEXS input coverage <50%,in_flare,flare in progress,0,>=C1.0 (GOES-18 XRS flare list),test,10341,827,27,0.361,FN,260.0,,,SoLEXS,<50%,,
E4,SoLEXS input coverage <50%,in_flare,flare in progress,0,>=C1.0 (GOES-18 XRS flare list),test,10341,827,27,0.361,TN,9161.0,,,SoLEXS,<50%,,
E4,SoLEXS input coverage <50%,in_flare,flare in progress,0,>=C1.0 (GOES-18 XRS flare list),test,10341,827,27,0.361,Brier_raw,0.073479,,,SoLEXS,<50%,,
E4,SoLEXS input coverage <50%,in_flare,flare in progress,0,>=C1.0 (GOES-18 XRS flare list),test,10341,827,27,0.361,BSS_raw,0.001334,,,SoLEXS,<50%,,
E4,SoLEXS input coverage <50%,in_flare,flare in progress,0,>=C1.0 (GOES-18 XRS flare list),test,10341,827,27,0.361,Brier_calibrated,0.043594,,,SoLEXS,<50%,,
E4,SoLEXS input coverage <50%,in_flare,flare in progress,0,>=C1.0 (GOES-18 XRS flare list),test,10341,827,27,0.361,BSS_calibrated,0.407501,0.2815,0.5098,SoLEXS,<50%,,
E4,SoLEXS input coverage <50%,flare_within_15min,flare starts or is in progress within the horizon,15,>=C1.0 (GOES-18 XRS flare list),test,10341,1363,27,0.418,ROC_AUC,0.76855,0.7188,0.8141,SoLEXS,<50%,,
E4,SoLEXS input coverage <50%,flare_within_15min,flare starts or is in progress within the horizon,15,>=C1.0 (GOES-18 XRS flare list),test,10341,1363,27,0.418,TSS,0.409638,0.3124,0.4822,SoLEXS,<50%,,
E4,SoLEXS input coverage <50%,flare_within_15min,flare starts or is in progress within the horizon,15,>=C1.0 (GOES-18 XRS flare list),test,10341,1363,27,0.418,POD_recall,0.453412,,,SoLEXS,<50%,,
E4,SoLEXS input coverage <50%,flare_within_15min,flare starts or is in progress within the horizon,15,>=C1.0 (GOES-18 XRS flare list),test,10341,1363,27,0.418,precision,0.611276,,,SoLEXS,<50%,,
E4,SoLEXS input coverage <50%,flare_within_15min,flare starts or is in progress within the horizon,15,>=C1.0 (GOES-18 XRS flare list),test,10341,1363,27,0.418,F1,0.52064,,,SoLEXS,<50%,,
E4,SoLEXS input coverage <50%,flare_within_15min,flare starts or is in progress within the horizon,15,>=C1.0 (GOES-18 XRS flare list),test,10341,1363,27,0.418,false_alarm_ratio,0.388724,,,SoLEXS,<50%,,
E4,SoLEXS input coverage <50%,flare_within_15min,flare starts or is in progress within the horizon,15,>=C1.0 (GOES-18 XRS flare list),test,10341,1363,27,0.418,false_positive_rate,0.043774,,,SoLEXS,<50%,,
E4,SoLEXS input coverage <50%,flare_within_15min,flare starts or is in progress within the horizon,15,>=C1.0 (GOES-18 XRS flare list),test,10341,1363,27,0.418,HSS,0.460021,,,SoLEXS,<50%,,
E4,SoLEXS input coverage <50%,flare_within_15min,flare starts or is in progress within the horizon,15,>=C1.0 (GOES-18 XRS flare list),test,10341,1363,27,0.418,frequency_bias,0.741746,,,SoLEXS,<50%,,
E4,SoLEXS input coverage <50%,flare_within_15min,flare starts or is in progress within the horizon,15,>=C1.0 (GOES-18 XRS flare list),test,10341,1363,27,0.418,accuracy,0.889953,,,SoLEXS,<50%,,
E4,SoLEXS input coverage <50%,flare_within_15min,flare starts or is in progress within the horizon,15,>=C1.0 (GOES-18 XRS flare list),test,10341,1363,27,0.418,TP,618.0,,,SoLEXS,<50%,,
E4,SoLEXS input coverage <50%,flare_within_15min,flare starts or is in progress within the horizon,15,>=C1.0 (GOES-18 XRS flare list),test,10341,1363,27,0.418,FP,393.0,,,SoLEXS,<50%,,
E4,SoLEXS input coverage <50%,flare_within_15min,flare starts or is in progress within the horizon,15,>=C1.0 (GOES-18 XRS flare list),test,10341,1363,27,0.418,FN,745.0,,,SoLEXS,<50%,,
E4,SoLEXS input coverage <50%,flare_within_15min,flare starts or is in progress within the horizon,15,>=C1.0 (GOES-18 XRS flare list),test,10341,1363,27,0.418,TN,8585.0,,,SoLEXS,<50%,,
E4,SoLEXS input coverage <50%,flare_within_15min,flare starts or is in progress within the horizon,15,>=C1.0 (GOES-18 XRS flare list),test,10341,1363,27,0.418,Brier_raw,0.148896,,,SoLEXS,<50%,,
E4,SoLEXS input coverage <50%,flare_within_15min,flare starts or is in progress within the horizon,15,>=C1.0 (GOES-18 XRS flare list),test,10341,1363,27,0.418,BSS_raw,-0.301167,,,SoLEXS,<50%,,
E4,SoLEXS input coverage <50%,flare_within_15min,flare starts or is in progress within the horizon,15,>=C1.0 (GOES-18 XRS flare list),test,10341,1363,27,0.418,Brier_calibrated,0.086288,,,SoLEXS,<50%,,
E4,SoLEXS input coverage <50%,flare_within_15min,flare starts or is in progress within the horizon,15,>=C1.0 (GOES-18 XRS flare list),test,10341,1363,27,0.418,BSS_calibrated,0.245949,0.1762,0.2928,SoLEXS,<50%,,
E4,SoLEXS input coverage <50%,flare_within_30min,flare starts or is in progress within the horizon,30,>=C1.0 (GOES-18 XRS flare list),test,10341,1798,27,0.456,ROC_AUC,0.72138,0.65,0.7744,SoLEXS,<50%,,
E4,SoLEXS input coverage <50%,flare_within_30min,flare starts or is in progress within the horizon,30,>=C1.0 (GOES-18 XRS flare list),test,10341,1798,27,0.456,TSS,0.353542,0.2556,0.4407,SoLEXS,<50%,,
E4,SoLEXS input coverage <50%,flare_within_30min,flare starts or is in progress within the horizon,30,>=C1.0 (GOES-18 XRS flare list),test,10341,1798,27,0.456,POD_recall,0.42436,,,SoLEXS,<50%,,
E4,SoLEXS input coverage <50%,flare_within_30min,flare starts or is in progress within the horizon,30,>=C1.0 (GOES-18 XRS flare list),test,10341,1798,27,0.456,precision,0.557749,,,SoLEXS,<50%,,
E4,SoLEXS input coverage <50%,flare_within_30min,flare starts or is in progress within the horizon,30,>=C1.0 (GOES-18 XRS flare list),test,10341,1798,27,0.456,F1,0.481996,,,SoLEXS,<50%,,
E4,SoLEXS input coverage <50%,flare_within_30min,flare starts or is in progress within the horizon,30,>=C1.0 (GOES-18 XRS flare list),test,10341,1798,27,0.456,false_alarm_ratio,0.442251,,,SoLEXS,<50%,,
E4,SoLEXS input coverage <50%,flare_within_30min,flare starts or is in progress within the horizon,30,>=C1.0 (GOES-18 XRS flare list),test,10341,1798,27,0.456,false_positive_rate,0.070818,,,SoLEXS,<50%,,
E4,SoLEXS input coverage <50%,flare_within_30min,flare starts or is in progress within the horizon,30,>=C1.0 (GOES-18 XRS flare list),test,10341,1798,27,0.456,HSS,0.3904,,,SoLEXS,<50%,,
E4,SoLEXS input coverage <50%,flare_within_30min,flare starts or is in progress within the horizon,30,>=C1.0 (GOES-18 XRS flare list),test,10341,1798,27,0.456,frequency_bias,0.760845,,,SoLEXS,<50%,,
E4,SoLEXS input coverage <50%,flare_within_30min,flare starts or is in progress within the horizon,30,>=C1.0 (GOES-18 XRS flare list),test,10341,1798,27,0.456,accuracy,0.841408,,,SoLEXS,<50%,,
E4,SoLEXS input coverage <50%,flare_within_30min,flare starts or is in progress within the horizon,30,>=C1.0 (GOES-18 XRS flare list),test,10341,1798,27,0.456,TP,763.0,,,SoLEXS,<50%,,
E4,SoLEXS input coverage <50%,flare_within_30min,flare starts or is in progress within the horizon,30,>=C1.0 (GOES-18 XRS flare list),test,10341,1798,27,0.456,FP,605.0,,,SoLEXS,<50%,,
E4,SoLEXS input coverage <50%,flare_within_30min,flare starts or is in progress within the horizon,30,>=C1.0 (GOES-18 XRS flare list),test,10341,1798,27,0.456,FN,1035.0,,,SoLEXS,<50%,,
E4,SoLEXS input coverage <50%,flare_within_30min,flare starts or is in progress within the horizon,30,>=C1.0 (GOES-18 XRS flare list),test,10341,1798,27,0.456,TN,7938.0,,,SoLEXS,<50%,,
E4,SoLEXS input coverage <50%,flare_within_30min,flare starts or is in progress within the horizon,30,>=C1.0 (GOES-18 XRS flare list),test,10341,1798,27,0.456,Brier_raw,0.18781,,,SoLEXS,<50%,,
E4,SoLEXS input coverage <50%,flare_within_30min,flare starts or is in progress within the horizon,30,>=C1.0 (GOES-18 XRS flare list),test,10341,1798,27,0.456,BSS_raw,-0.307504,,,SoLEXS,<50%,,
E4,SoLEXS input coverage <50%,flare_within_30min,flare starts or is in progress within the horizon,30,>=C1.0 (GOES-18 XRS flare list),test,10341,1798,27,0.456,Brier_calibrated,0.117993,,,SoLEXS,<50%,,
E4,SoLEXS input coverage <50%,flare_within_30min,flare starts or is in progress within the horizon,30,>=C1.0 (GOES-18 XRS flare list),test,10341,1798,27,0.456,BSS_calibrated,0.178547,0.0993,0.2139,SoLEXS,<50%,,
E4,SoLEXS input coverage <50%,flare_within_60min,flare starts or is in progress within the horizon,60,>=C1.0 (GOES-18 XRS flare list),test,10341,2486,27,0.527,ROC_AUC,0.676263,0.609,0.7269,SoLEXS,<50%,,
E4,SoLEXS input coverage <50%,flare_within_60min,flare starts or is in progress within the horizon,60,>=C1.0 (GOES-18 XRS flare list),test,10341,2486,27,0.527,TSS,0.299868,0.1863,0.3946,SoLEXS,<50%,,
E4,SoLEXS input coverage <50%,flare_within_60min,flare starts or is in progress within the horizon,60,>=C1.0 (GOES-18 XRS flare list),test,10341,2486,27,0.527,POD_recall,0.386565,,,SoLEXS,<50%,,
E4,SoLEXS input coverage <50%,flare_within_60min,flare starts or is in progress within the horizon,60,>=C1.0 (GOES-18 XRS flare list),test,10341,2486,27,0.527,precision,0.585262,,,SoLEXS,<50%,,
E4,SoLEXS input coverage <50%,flare_within_60min,flare starts or is in progress within the horizon,60,>=C1.0 (GOES-18 XRS flare list),test,10341,2486,27,0.527,F1,0.465601,,,SoLEXS,<50%,,
E4,SoLEXS input coverage <50%,flare_within_60min,flare starts or is in progress within the horizon,60,>=C1.0 (GOES-18 XRS flare list),test,10341,2486,27,0.527,false_alarm_ratio,0.414738,,,SoLEXS,<50%,,
E4,SoLEXS input coverage <50%,flare_within_60min,flare starts or is in progress within the horizon,60,>=C1.0 (GOES-18 XRS flare list),test,10341,2486,27,0.527,false_positive_rate,0.086696,,,SoLEXS,<50%,,
E4,SoLEXS input coverage <50%,flare_within_60min,flare starts or is in progress within the horizon,60,>=C1.0 (GOES-18 XRS flare list),test,10341,2486,27,0.527,HSS,0.339228,,,SoLEXS,<50%,,
E4,SoLEXS input coverage <50%,flare_within_60min,flare starts or is in progress within the horizon,60,>=C1.0 (GOES-18 XRS flare list),test,10341,2486,27,0.527,frequency_bias,0.660499,,,SoLEXS,<50%,,
E4,SoLEXS input coverage <50%,flare_within_60min,flare starts or is in progress within the horizon,60,>=C1.0 (GOES-18 XRS flare list),test,10341,2486,27,0.527,accuracy,0.786674,,,SoLEXS,<50%,,
E4,SoLEXS input coverage <50%,flare_within_60min,flare starts or is in progress within the horizon,60,>=C1.0 (GOES-18 XRS flare list),test,10341,2486,27,0.527,TP,961.0,,,SoLEXS,<50%,,
E4,SoLEXS input coverage <50%,flare_within_60min,flare starts or is in progress within the horizon,60,>=C1.0 (GOES-18 XRS flare list),test,10341,2486,27,0.527,FP,681.0,,,SoLEXS,<50%,,
E4,SoLEXS input coverage <50%,flare_within_60min,flare starts or is in progress within the horizon,60,>=C1.0 (GOES-18 XRS flare list),test,10341,2486,27,0.527,FN,1525.0,,,SoLEXS,<50%,,
E4,SoLEXS input coverage <50%,flare_within_60min,flare starts or is in progress within the horizon,60,>=C1.0 (GOES-18 XRS flare list),test,10341,2486,27,0.527,TN,7174.0,,,SoLEXS,<50%,,
E4,SoLEXS input coverage <50%,flare_within_60min,flare starts or is in progress within the horizon,60,>=C1.0 (GOES-18 XRS flare list),test,10341,2486,27,0.527,Brier_raw,0.234126,,,SoLEXS,<50%,,
E4,SoLEXS input coverage <50%,flare_within_60min,flare starts or is in progress within the horizon,60,>=C1.0 (GOES-18 XRS flare list),test,10341,2486,27,0.527,BSS_raw,-0.282116,,,SoLEXS,<50%,,
E4,SoLEXS input coverage <50%,flare_within_60min,flare starts or is in progress within the horizon,60,>=C1.0 (GOES-18 XRS flare list),test,10341,2486,27,0.527,Brier_calibrated,0.165715,,,SoLEXS,<50%,,
E4,SoLEXS input coverage <50%,flare_within_60min,flare starts or is in progress within the horizon,60,>=C1.0 (GOES-18 XRS flare list),test,10341,2486,27,0.527,BSS_calibrated,0.092513,-0.0879,0.1482,SoLEXS,<50%,,
E4,SoLEXS input coverage <50%,,,0,,test,10341,,27,,MAE,0.393655,0.3187,0.4822,SoLEXS,<50%,model (median),"dex (log10 W m^-2, GOES-18 XRS-B)"
E4,SoLEXS input coverage <50%,,,0,,test,10341,,27,,RMSE,0.440587,,,SoLEXS,<50%,model (median),"dex (log10 W m^-2, GOES-18 XRS-B)"
E4,SoLEXS input coverage <50%,,,0,,test,10341,,27,,bias,0.391488,,,SoLEXS,<50%,model (median),"dex (log10 W m^-2, GOES-18 XRS-B)"
E4,SoLEXS input coverage <50%,,,0,,test,10341,,27,,correlation,0.726738,,,SoLEXS,<50%,model (median),"dex (log10 W m^-2, GOES-18 XRS-B)"
E4,SoLEXS input coverage <50%,,,1,,test,10337,,27,,MAE,0.383811,0.3101,0.4708,SoLEXS,<50%,model (median),"dex (log10 W m^-2, GOES-18 XRS-B)"
E4,SoLEXS input coverage <50%,,,1,,test,10337,,27,,RMSE,0.430872,,,SoLEXS,<50%,model (median),"dex (log10 W m^-2, GOES-18 XRS-B)"
E4,SoLEXS input coverage <50%,,,1,,test,10337,,27,,bias,0.381609,,,SoLEXS,<50%,model (median),"dex (log10 W m^-2, GOES-18 XRS-B)"
E4,SoLEXS input coverage <50%,,,1,,test,10337,,27,,correlation,0.7343,,,SoLEXS,<50%,model (median),"dex (log10 W m^-2, GOES-18 XRS-B)"
E4,SoLEXS input coverage <50%,,,5,,test,10332,,27,,MAE,0.388334,0.3151,0.4752,SoLEXS,<50%,model (median),"dex (log10 W m^-2, GOES-18 XRS-B)"
E4,SoLEXS input coverage <50%,,,5,,test,10332,,27,,RMSE,0.435802,,,SoLEXS,<50%,model (median),"dex (log10 W m^-2, GOES-18 XRS-B)"
E4,SoLEXS input coverage <50%,,,5,,test,10332,,27,,bias,0.383227,,,SoLEXS,<50%,model (median),"dex (log10 W m^-2, GOES-18 XRS-B)"
E4,SoLEXS input coverage <50%,,,5,,test,10332,,27,,correlation,0.707654,,,SoLEXS,<50%,model (median),"dex (log10 W m^-2, GOES-18 XRS-B)"
E4,SoLEXS input coverage <50%,,,15,,test,10322,,27,,MAE,0.396508,0.3237,0.4825,SoLEXS,<50%,model (median),"dex (log10 W m^-2, GOES-18 XRS-B)"
E4,SoLEXS input coverage <50%,,,15,,test,10322,,27,,RMSE,0.445293,,,SoLEXS,<50%,model (median),"dex (log10 W m^-2, GOES-18 XRS-B)"
E4,SoLEXS input coverage <50%,,,15,,test,10322,,27,,bias,0.383147,,,SoLEXS,<50%,model (median),"dex (log10 W m^-2, GOES-18 XRS-B)"
E4,SoLEXS input coverage <50%,,,15,,test,10322,,27,,correlation,0.63019,,,SoLEXS,<50%,model (median),"dex (log10 W m^-2, GOES-18 XRS-B)"
E4,SoLEXS input coverage <50%,,,30,,test,10303,,27,,MAE,0.405558,0.3323,0.4896,SoLEXS,<50%,model (median),"dex (log10 W m^-2, GOES-18 XRS-B)"
E4,SoLEXS input coverage <50%,,,30,,test,10303,,27,,RMSE,0.45397,,,SoLEXS,<50%,model (median),"dex (log10 W m^-2, GOES-18 XRS-B)"
E4,SoLEXS input coverage <50%,,,30,,test,10303,,27,,bias,0.384419,,,SoLEXS,<50%,model (median),"dex (log10 W m^-2, GOES-18 XRS-B)"
E4,SoLEXS input coverage <50%,,,30,,test,10303,,27,,correlation,0.55991,,,SoLEXS,<50%,model (median),"dex (log10 W m^-2, GOES-18 XRS-B)"
E4,SoLEXS input coverage <50%,,,60,,test,10273,,27,,MAE,0.40795,0.3341,0.4913,SoLEXS,<50%,model (median),"dex (log10 W m^-2, GOES-18 XRS-B)"
E4,SoLEXS input coverage <50%,,,60,,test,10273,,27,,RMSE,0.457336,,,SoLEXS,<50%,model (median),"dex (log10 W m^-2, GOES-18 XRS-B)"
E4,SoLEXS input coverage <50%,,,60,,test,10273,,27,,bias,0.382402,,,SoLEXS,<50%,model (median),"dex (log10 W m^-2, GOES-18 XRS-B)"
E4,SoLEXS input coverage <50%,,,60,,test,10273,,27,,correlation,0.502531,,,SoLEXS,<50%,model (median),"dex (log10 W m^-2, GOES-18 XRS-B)"
E4,SoLEXS input coverage 50-90%,in_flare,flare in progress,0,>=C1.0 (GOES-18 XRS flare list),test,698,19,23,0.361,ROC_AUC,0.731416,0.4596,0.9369,SoLEXS,50-90%,,
E4,SoLEXS input coverage 50-90%,in_flare,flare in progress,0,>=C1.0 (GOES-18 XRS flare list),test,698,19,23,0.361,TSS,0.414774,-0.0807,0.8563,SoLEXS,50-90%,,
E4,SoLEXS input coverage 50-90%,in_flare,flare in progress,0,>=C1.0 (GOES-18 XRS flare list),test,698,19,23,0.361,POD_recall,0.473684,,,SoLEXS,50-90%,,
E4,SoLEXS input coverage 50-90%,in_flare,flare in progress,0,>=C1.0 (GOES-18 XRS flare list),test,698,19,23,0.361,precision,0.183673,,,SoLEXS,50-90%,,
E4,SoLEXS input coverage 50-90%,in_flare,flare in progress,0,>=C1.0 (GOES-18 XRS flare list),test,698,19,23,0.361,F1,0.264706,,,SoLEXS,50-90%,,
E4,SoLEXS input coverage 50-90%,in_flare,flare in progress,0,>=C1.0 (GOES-18 XRS flare list),test,698,19,23,0.361,false_alarm_ratio,0.816327,,,SoLEXS,50-90%,,
E4,SoLEXS input coverage 50-90%,in_flare,flare in progress,0,>=C1.0 (GOES-18 XRS flare list),test,698,19,23,0.361,false_positive_rate,0.05891,,,SoLEXS,50-90%,,
E4,SoLEXS input coverage 50-90%,in_flare,flare in progress,0,>=C1.0 (GOES-18 XRS flare list),test,698,19,23,0.361,HSS,0.234683,,,SoLEXS,50-90%,,
E4,SoLEXS input coverage 50-90%,in_flare,flare in progress,0,>=C1.0 (GOES-18 XRS flare list),test,698,19,23,0.361,frequency_bias,2.578947,,,SoLEXS,50-90%,,
E4,SoLEXS input coverage 50-90%,in_flare,flare in progress,0,>=C1.0 (GOES-18 XRS flare list),test,698,19,23,0.361,accuracy,0.928367,,,SoLEXS,50-90%,,
E4,SoLEXS input coverage 50-90%,in_flare,flare in progress,0,>=C1.0 (GOES-18 XRS flare list),test,698,19,23,0.361,TP,9.0,,,SoLEXS,50-90%,,
E4,SoLEXS input coverage 50-90%,in_flare,flare in progress,0,>=C1.0 (GOES-18 XRS flare list),test,698,19,23,0.361,FP,40.0,,,SoLEXS,50-90%,,
E4,SoLEXS input coverage 50-90%,in_flare,flare in progress,0,>=C1.0 (GOES-18 XRS flare list),test,698,19,23,0.361,FN,10.0,,,SoLEXS,50-90%,,
E4,SoLEXS input coverage 50-90%,in_flare,flare in progress,0,>=C1.0 (GOES-18 XRS flare list),test,698,19,23,0.361,TN,639.0,,,SoLEXS,50-90%,,
E4,SoLEXS input coverage 50-90%,in_flare,flare in progress,0,>=C1.0 (GOES-18 XRS flare list),test,698,19,23,0.361,Brier_raw,0.060985,,,SoLEXS,50-90%,,
E4,SoLEXS input coverage 50-90%,in_flare,flare in progress,0,>=C1.0 (GOES-18 XRS flare list),test,698,19,23,0.361,BSS_raw,-1.303107,,,SoLEXS,50-90%,,
E4,SoLEXS input coverage 50-90%,in_flare,flare in progress,0,>=C1.0 (GOES-18 XRS flare list),test,698,19,23,0.361,Brier_calibrated,0.024429,,,SoLEXS,50-90%,,
E4,SoLEXS input coverage 50-90%,in_flare,flare in progress,0,>=C1.0 (GOES-18 XRS flare list),test,698,19,23,0.361,BSS_calibrated,0.077431,-5.3635,0.5669,SoLEXS,50-90%,,
E4,SoLEXS input coverage 50-90%,flare_within_15min,flare starts or is in progress within the horizon,15,>=C1.0 (GOES-18 XRS flare list),test,698,44,23,0.418,ROC_AUC,0.675737,0.3775,0.8961,SoLEXS,50-90%,,
E4,SoLEXS input coverage 50-90%,flare_within_15min,flare starts or is in progress within the horizon,15,>=C1.0 (GOES-18 XRS flare list),test,698,44,23,0.418,TSS,0.270573,-0.0504,0.6154,SoLEXS,50-90%,,
E4,SoLEXS input coverage 50-90%,flare_within_15min,flare starts or is in progress within the horizon,15,>=C1.0 (GOES-18 XRS flare list),test,698,44,23,0.418,POD_recall,0.340909,,,SoLEXS,50-90%,,
E4,SoLEXS input coverage 50-90%,flare_within_15min,flare starts or is in progress within the horizon,15,>=C1.0 (GOES-18 XRS flare list),test,698,44,23,0.418,precision,0.245902,,,SoLEXS,50-90%,,
E4,SoLEXS input coverage 50-90%,flare_within_15min,flare starts or is in progress within the horizon,15,>=C1.0 (GOES-18 XRS flare list),test,698,44,23,0.418,F1,0.285714,,,SoLEXS,50-90%,,
E4,SoLEXS input coverage 50-90%,flare_within_15min,flare starts or is in progress within the horizon,15,>=C1.0 (GOES-18 XRS flare list),test,698,44,23,0.418,false_alarm_ratio,0.754098,,,SoLEXS,50-90%,,
E4,SoLEXS input coverage 50-90%,flare_within_15min,flare starts or is in progress within the horizon,15,>=C1.0 (GOES-18 XRS flare list),test,698,44,23,0.418,false_positive_rate,0.070336,,,SoLEXS,50-90%,,
E4,SoLEXS input coverage 50-90%,flare_within_15min,flare starts or is in progress within the horizon,15,>=C1.0 (GOES-18 XRS flare list),test,698,44,23,0.418,HSS,0.229263,,,SoLEXS,50-90%,,
E4,SoLEXS input coverage 50-90%,flare_within_15min,flare starts or is in progress within the horizon,15,>=C1.0 (GOES-18 XRS flare list),test,698,44,23,0.418,frequency_bias,1.386364,,,SoLEXS,50-90%,,
E4,SoLEXS input coverage 50-90%,flare_within_15min,flare starts or is in progress within the horizon,15,>=C1.0 (GOES-18 XRS flare list),test,698,44,23,0.418,accuracy,0.89255,,,SoLEXS,50-90%,,
E4,SoLEXS input coverage 50-90%,flare_within_15min,flare starts or is in progress within the horizon,15,>=C1.0 (GOES-18 XRS flare list),test,698,44,23,0.418,TP,15.0,,,SoLEXS,50-90%,,
E4,SoLEXS input coverage 50-90%,flare_within_15min,flare starts or is in progress within the horizon,15,>=C1.0 (GOES-18 XRS flare list),test,698,44,23,0.418,FP,46.0,,,SoLEXS,50-90%,,
E4,SoLEXS input coverage 50-90%,flare_within_15min,flare starts or is in progress within the horizon,15,>=C1.0 (GOES-18 XRS flare list),test,698,44,23,0.418,FN,29.0,,,SoLEXS,50-90%,,
E4,SoLEXS input coverage 50-90%,flare_within_15min,flare starts or is in progress within the horizon,15,>=C1.0 (GOES-18 XRS flare list),test,698,44,23,0.418,TN,608.0,,,SoLEXS,50-90%,,
E4,SoLEXS input coverage 50-90%,flare_within_15min,flare starts or is in progress within the horizon,15,>=C1.0 (GOES-18 XRS flare list),test,698,44,23,0.418,Brier_raw,0.12497,,,SoLEXS,50-90%,,
E4,SoLEXS input coverage 50-90%,flare_within_15min,flare starts or is in progress within the horizon,15,>=C1.0 (GOES-18 XRS flare list),test,698,44,23,0.418,BSS_raw,-1.115863,,,SoLEXS,50-90%,,
E4,SoLEXS input coverage 50-90%,flare_within_15min,flare starts or is in progress within the horizon,15,>=C1.0 (GOES-18 XRS flare list),test,698,44,23,0.418,Brier_calibrated,0.054242,,,SoLEXS,50-90%,,
E4,SoLEXS input coverage 50-90%,flare_within_15min,flare starts or is in progress within the horizon,15,>=C1.0 (GOES-18 XRS flare list),test,698,44,23,0.418,BSS_calibrated,0.08164,-1.6182,0.3799,SoLEXS,50-90%,,
E4,SoLEXS input coverage 50-90%,flare_within_30min,flare starts or is in progress within the horizon,30,>=C1.0 (GOES-18 XRS flare list),test,698,80,23,0.456,ROC_AUC,0.590332,0.3183,0.8116,SoLEXS,50-90%,,
E4,SoLEXS input coverage 50-90%,flare_within_30min,flare starts or is in progress within the horizon,30,>=C1.0 (GOES-18 XRS flare list),test,698,80,23,0.456,TSS,0.237176,-0.0926,0.638,SoLEXS,50-90%,,
E4,SoLEXS input coverage 50-90%,flare_within_30min,flare starts or is in progress within the horizon,30,>=C1.0 (GOES-18 XRS flare list),test,698,80,23,0.456,POD_recall,0.3375,,,SoLEXS,50-90%,,
E4,SoLEXS input coverage 50-90%,flare_within_30min,flare starts or is in progress within the horizon,30,>=C1.0 (GOES-18 XRS flare list),test,698,80,23,0.456,precision,0.303371,,,SoLEXS,50-90%,,
E4,SoLEXS input coverage 50-90%,flare_within_30min,flare starts or is in progress within the horizon,30,>=C1.0 (GOES-18 XRS flare list),test,698,80,23,0.456,F1,0.319527,,,SoLEXS,50-90%,,
E4,SoLEXS input coverage 50-90%,flare_within_30min,flare starts or is in progress within the horizon,30,>=C1.0 (GOES-18 XRS flare list),test,698,80,23,0.456,false_alarm_ratio,0.696629,,,SoLEXS,50-90%,,
E4,SoLEXS input coverage 50-90%,flare_within_30min,flare starts or is in progress within the horizon,30,>=C1.0 (GOES-18 XRS flare list),test,698,80,23,0.456,false_positive_rate,0.100324,,,SoLEXS,50-90%,,
E4,SoLEXS input coverage 50-90%,flare_within_30min,flare starts or is in progress within the horizon,30,>=C1.0 (GOES-18 XRS flare list),test,698,80,23,0.456,HSS,0.226104,,,SoLEXS,50-90%,,
E4,SoLEXS input coverage 50-90%,flare_within_30min,flare starts or is in progress within the horizon,30,>=C1.0 (GOES-18 XRS flare list),test,698,80,23,0.456,frequency_bias,1.1125,,,SoLEXS,50-90%,,
E4,SoLEXS input coverage 50-90%,flare_within_30min,flare starts or is in progress within the horizon,30,>=C1.0 (GOES-18 XRS flare list),test,698,80,23,0.456,accuracy,0.835244,,,SoLEXS,50-90%,,
E4,SoLEXS input coverage 50-90%,flare_within_30min,flare starts or is in progress within the horizon,30,>=C1.0 (GOES-18 XRS flare list),test,698,80,23,0.456,TP,27.0,,,SoLEXS,50-90%,,
E4,SoLEXS input coverage 50-90%,flare_within_30min,flare starts or is in progress within the horizon,30,>=C1.0 (GOES-18 XRS flare list),test,698,80,23,0.456,FP,62.0,,,SoLEXS,50-90%,,
E4,SoLEXS input coverage 50-90%,flare_within_30min,flare starts or is in progress within the horizon,30,>=C1.0 (GOES-18 XRS flare list),test,698,80,23,0.456,FN,53.0,,,SoLEXS,50-90%,,
E4,SoLEXS input coverage 50-90%,flare_within_30min,flare starts or is in progress within the horizon,30,>=C1.0 (GOES-18 XRS flare list),test,698,80,23,0.456,TN,556.0,,,SoLEXS,50-90%,,
E4,SoLEXS input coverage 50-90%,flare_within_30min,flare starts or is in progress within the horizon,30,>=C1.0 (GOES-18 XRS flare list),test,698,80,23,0.456,Brier_raw,0.17054,,,SoLEXS,50-90%,,
E4,SoLEXS input coverage 50-90%,flare_within_30min,flare starts or is in progress within the horizon,30,>=C1.0 (GOES-18 XRS flare list),test,698,80,23,0.456,BSS_raw,-0.680575,,,SoLEXS,50-90%,,
E4,SoLEXS input coverage 50-90%,flare_within_30min,flare starts or is in progress within the horizon,30,>=C1.0 (GOES-18 XRS flare list),test,698,80,23,0.456,Brier_calibrated,0.099167,,,SoLEXS,50-90%,,
E4,SoLEXS input coverage 50-90%,flare_within_30min,flare starts or is in progress within the horizon,30,>=C1.0 (GOES-18 XRS flare list),test,698,80,23,0.456,BSS_calibrated,0.022761,-0.8048,0.1904,SoLEXS,50-90%,,
E4,SoLEXS input coverage 50-90%,flare_within_60min,flare starts or is in progress within the horizon,60,>=C1.0 (GOES-18 XRS flare list),test,698,142,23,0.527,ROC_AUC,0.626457,0.3489,0.8421,SoLEXS,50-90%,,
E4,SoLEXS input coverage 50-90%,flare_within_60min,flare starts or is in progress within the horizon,60,>=C1.0 (GOES-18 XRS flare list),test,698,142,23,0.527,TSS,0.261881,-0.0326,0.6118,SoLEXS,50-90%,,
E4,SoLEXS input coverage 50-90%,flare_within_60min,flare starts or is in progress within the horizon,60,>=C1.0 (GOES-18 XRS flare list),test,698,142,23,0.527,POD_recall,0.366197,,,SoLEXS,50-90%,,
E4,SoLEXS input coverage 50-90%,flare_within_60min,flare starts or is in progress within the horizon,60,>=C1.0 (GOES-18 XRS flare list),test,698,142,23,0.527,precision,0.472727,,,SoLEXS,50-90%,,
E4,SoLEXS input coverage 50-90%,flare_within_60min,flare starts or is in progress within the horizon,60,>=C1.0 (GOES-18 XRS flare list),test,698,142,23,0.527,F1,0.412698,,,SoLEXS,50-90%,,
E4,SoLEXS input coverage 50-90%,flare_within_60min,flare starts or is in progress within the horizon,60,>=C1.0 (GOES-18 XRS flare list),test,698,142,23,0.527,false_alarm_ratio,0.527273,,,SoLEXS,50-90%,,
E4,SoLEXS input coverage 50-90%,flare_within_60min,flare starts or is in progress within the horizon,60,>=C1.0 (GOES-18 XRS flare list),test,698,142,23,0.527,false_positive_rate,0.104317,,,SoLEXS,50-90%,,
E4,SoLEXS input coverage 50-90%,flare_within_60min,flare starts or is in progress within the horizon,60,>=C1.0 (GOES-18 XRS flare list),test,698,142,23,0.527,HSS,0.285864,,,SoLEXS,50-90%,,
E4,SoLEXS input coverage 50-90%,flare_within_60min,flare starts or is in progress within the horizon,60,>=C1.0 (GOES-18 XRS flare list),test,698,142,23,0.527,frequency_bias,0.774648,,,SoLEXS,50-90%,,
E4,SoLEXS input coverage 50-90%,flare_within_60min,flare starts or is in progress within the horizon,60,>=C1.0 (GOES-18 XRS flare list),test,698,142,23,0.527,accuracy,0.787966,,,SoLEXS,50-90%,,
E4,SoLEXS input coverage 50-90%,flare_within_60min,flare starts or is in progress within the horizon,60,>=C1.0 (GOES-18 XRS flare list),test,698,142,23,0.527,TP,52.0,,,SoLEXS,50-90%,,
E4,SoLEXS input coverage 50-90%,flare_within_60min,flare starts or is in progress within the horizon,60,>=C1.0 (GOES-18 XRS flare list),test,698,142,23,0.527,FP,58.0,,,SoLEXS,50-90%,,
E4,SoLEXS input coverage 50-90%,flare_within_60min,flare starts or is in progress within the horizon,60,>=C1.0 (GOES-18 XRS flare list),test,698,142,23,0.527,FN,90.0,,,SoLEXS,50-90%,,
E4,SoLEXS input coverage 50-90%,flare_within_60min,flare starts or is in progress within the horizon,60,>=C1.0 (GOES-18 XRS flare list),test,698,142,23,0.527,TN,498.0,,,SoLEXS,50-90%,,
E4,SoLEXS input coverage 50-90%,flare_within_60min,flare starts or is in progress within the horizon,60,>=C1.0 (GOES-18 XRS flare list),test,698,142,23,0.527,Brier_raw,0.2187,,,SoLEXS,50-90%,,
E4,SoLEXS input coverage 50-90%,flare_within_60min,flare starts or is in progress within the horizon,60,>=C1.0 (GOES-18 XRS flare list),test,698,142,23,0.527,BSS_raw,-0.349572,,,SoLEXS,50-90%,,
E4,SoLEXS input coverage 50-90%,flare_within_60min,flare starts or is in progress within the horizon,60,>=C1.0 (GOES-18 XRS flare list),test,698,142,23,0.527,Brier_calibrated,0.155884,,,SoLEXS,50-90%,,
E4,SoLEXS input coverage 50-90%,flare_within_60min,flare starts or is in progress within the horizon,60,>=C1.0 (GOES-18 XRS flare list),test,698,142,23,0.527,BSS_calibrated,0.038054,-0.4813,0.1834,SoLEXS,50-90%,,
E4,SoLEXS input coverage 50-90%,,,0,,test,698,,23,,MAE,0.132527,0.0869,0.1935,SoLEXS,50-90%,model (median),"dex (log10 W m^-2, GOES-18 XRS-B)"
E4,SoLEXS input coverage 50-90%,,,0,,test,698,,23,,RMSE,0.199372,,,SoLEXS,50-90%,model (median),"dex (log10 W m^-2, GOES-18 XRS-B)"
E4,SoLEXS input coverage 50-90%,,,0,,test,698,,23,,bias,0.114848,,,SoLEXS,50-90%,model (median),"dex (log10 W m^-2, GOES-18 XRS-B)"
E4,SoLEXS input coverage 50-90%,,,0,,test,698,,23,,correlation,0.765231,,,SoLEXS,50-90%,model (median),"dex (log10 W m^-2, GOES-18 XRS-B)"
E4,SoLEXS input coverage 50-90%,,,1,,test,698,,23,,MAE,0.13372,0.0882,0.1949,SoLEXS,50-90%,model (median),"dex (log10 W m^-2, GOES-18 XRS-B)"
E4,SoLEXS input coverage 50-90%,,,1,,test,698,,23,,RMSE,0.200899,,,SoLEXS,50-90%,model (median),"dex (log10 W m^-2, GOES-18 XRS-B)"
E4,SoLEXS input coverage 50-90%,,,1,,test,698,,23,,bias,0.117411,,,SoLEXS,50-90%,model (median),"dex (log10 W m^-2, GOES-18 XRS-B)"
E4,SoLEXS input coverage 50-90%,,,1,,test,698,,23,,correlation,0.762053,,,SoLEXS,50-90%,model (median),"dex (log10 W m^-2, GOES-18 XRS-B)"
E4,SoLEXS input coverage 50-90%,,,5,,test,696,,23,,MAE,0.13713,0.0915,0.1971,SoLEXS,50-90%,model (median),"dex (log10 W m^-2, GOES-18 XRS-B)"
E4,SoLEXS input coverage 50-90%,,,5,,test,696,,23,,RMSE,0.204425,,,SoLEXS,50-90%,model (median),"dex (log10 W m^-2, GOES-18 XRS-B)"
E4,SoLEXS input coverage 50-90%,,,5,,test,696,,23,,bias,0.11694,,,SoLEXS,50-90%,model (median),"dex (log10 W m^-2, GOES-18 XRS-B)"
E4,SoLEXS input coverage 50-90%,,,5,,test,696,,23,,correlation,0.747406,,,SoLEXS,50-90%,model (median),"dex (log10 W m^-2, GOES-18 XRS-B)"
E4,SoLEXS input coverage 50-90%,,,15,,test,691,,23,,MAE,0.1459,0.1019,0.2046,SoLEXS,50-90%,model (median),"dex (log10 W m^-2, GOES-18 XRS-B)"
E4,SoLEXS input coverage 50-90%,,,15,,test,691,,23,,RMSE,0.210027,,,SoLEXS,50-90%,model (median),"dex (log10 W m^-2, GOES-18 XRS-B)"
E4,SoLEXS input coverage 50-90%,,,15,,test,691,,23,,bias,0.117087,,,SoLEXS,50-90%,model (median),"dex (log10 W m^-2, GOES-18 XRS-B)"
E4,SoLEXS input coverage 50-90%,,,15,,test,691,,23,,correlation,0.728176,,,SoLEXS,50-90%,model (median),"dex (log10 W m^-2, GOES-18 XRS-B)"
E4,SoLEXS input coverage 50-90%,,,30,,test,683,,23,,MAE,0.1508,0.108,0.2066,SoLEXS,50-90%,model (median),"dex (log10 W m^-2, GOES-18 XRS-B)"
E4,SoLEXS input coverage 50-90%,,,30,,test,683,,23,,RMSE,0.21043,,,SoLEXS,50-90%,model (median),"dex (log10 W m^-2, GOES-18 XRS-B)"
E4,SoLEXS input coverage 50-90%,,,30,,test,683,,23,,bias,0.11656,,,SoLEXS,50-90%,model (median),"dex (log10 W m^-2, GOES-18 XRS-B)"
E4,SoLEXS input coverage 50-90%,,,30,,test,683,,23,,correlation,0.733912,,,SoLEXS,50-90%,model (median),"dex (log10 W m^-2, GOES-18 XRS-B)"
E4,SoLEXS input coverage 50-90%,,,60,,test,686,,23,,MAE,0.150623,0.1089,0.2027,SoLEXS,50-90%,model (median),"dex (log10 W m^-2, GOES-18 XRS-B)"
E4,SoLEXS input coverage 50-90%,,,60,,test,686,,23,,RMSE,0.211029,,,SoLEXS,50-90%,model (median),"dex (log10 W m^-2, GOES-18 XRS-B)"
E4,SoLEXS input coverage 50-90%,,,60,,test,686,,23,,bias,0.110496,,,SoLEXS,50-90%,model (median),"dex (log10 W m^-2, GOES-18 XRS-B)"
E4,SoLEXS input coverage 50-90%,,,60,,test,686,,23,,correlation,0.740267,,,SoLEXS,50-90%,model (median),"dex (log10 W m^-2, GOES-18 XRS-B)"
E4,SoLEXS input coverage 90-<100%,in_flare,flare in progress,0,>=C1.0 (GOES-18 XRS flare list),test,1082,111,30,0.361,ROC_AUC,0.946178,0.9291,0.9704,SoLEXS,90-<100%,,
E4,SoLEXS input coverage 90-<100%,in_flare,flare in progress,0,>=C1.0 (GOES-18 XRS flare list),test,1082,111,30,0.361,TSS,0.740001,0.6843,0.8243,SoLEXS,90-<100%,,
E4,SoLEXS input coverage 90-<100%,in_flare,flare in progress,0,>=C1.0 (GOES-18 XRS flare list),test,1082,111,30,0.361,POD_recall,0.837838,,,SoLEXS,90-<100%,,
E4,SoLEXS input coverage 90-<100%,in_flare,flare in progress,0,>=C1.0 (GOES-18 XRS flare list),test,1082,111,30,0.361,precision,0.494681,,,SoLEXS,90-<100%,,
E4,SoLEXS input coverage 90-<100%,in_flare,flare in progress,0,>=C1.0 (GOES-18 XRS flare list),test,1082,111,30,0.361,F1,0.622074,,,SoLEXS,90-<100%,,
E4,SoLEXS input coverage 90-<100%,in_flare,flare in progress,0,>=C1.0 (GOES-18 XRS flare list),test,1082,111,30,0.361,false_alarm_ratio,0.505319,,,SoLEXS,90-<100%,,
E4,SoLEXS input coverage 90-<100%,in_flare,flare in progress,0,>=C1.0 (GOES-18 XRS flare list),test,1082,111,30,0.361,false_positive_rate,0.097837,,,SoLEXS,90-<100%,,
E4,SoLEXS input coverage 90-<100%,in_flare,flare in progress,0,>=C1.0 (GOES-18 XRS flare list),test,1082,111,30,0.361,HSS,0.566097,,,SoLEXS,90-<100%,,
E4,SoLEXS input coverage 90-<100%,in_flare,flare in progress,0,>=C1.0 (GOES-18 XRS flare list),test,1082,111,30,0.361,frequency_bias,1.693694,,,SoLEXS,90-<100%,,
E4,SoLEXS input coverage 90-<100%,in_flare,flare in progress,0,>=C1.0 (GOES-18 XRS flare list),test,1082,111,30,0.361,accuracy,0.895564,,,SoLEXS,90-<100%,,
E4,SoLEXS input coverage 90-<100%,in_flare,flare in progress,0,>=C1.0 (GOES-18 XRS flare list),test,1082,111,30,0.361,TP,93.0,,,SoLEXS,90-<100%,,
E4,SoLEXS input coverage 90-<100%,in_flare,flare in progress,0,>=C1.0 (GOES-18 XRS flare list),test,1082,111,30,0.361,FP,95.0,,,SoLEXS,90-<100%,,
E4,SoLEXS input coverage 90-<100%,in_flare,flare in progress,0,>=C1.0 (GOES-18 XRS flare list),test,1082,111,30,0.361,FN,18.0,,,SoLEXS,90-<100%,,
E4,SoLEXS input coverage 90-<100%,in_flare,flare in progress,0,>=C1.0 (GOES-18 XRS flare list),test,1082,111,30,0.361,TN,876.0,,,SoLEXS,90-<100%,,
E4,SoLEXS input coverage 90-<100%,in_flare,flare in progress,0,>=C1.0 (GOES-18 XRS flare list),test,1082,111,30,0.361,Brier_raw,0.070015,,,SoLEXS,90-<100%,,
E4,SoLEXS input coverage 90-<100%,in_flare,flare in progress,0,>=C1.0 (GOES-18 XRS flare list),test,1082,111,30,0.361,BSS_raw,0.239487,,,SoLEXS,90-<100%,,
E4,SoLEXS input coverage 90-<100%,in_flare,flare in progress,0,>=C1.0 (GOES-18 XRS flare list),test,1082,111,30,0.361,Brier_calibrated,0.036311,,,SoLEXS,90-<100%,,
E4,SoLEXS input coverage 90-<100%,in_flare,flare in progress,0,>=C1.0 (GOES-18 XRS flare list),test,1082,111,30,0.361,BSS_calibrated,0.605588,0.5158,0.685,SoLEXS,90-<100%,,
E4,SoLEXS input coverage 90-<100%,flare_within_15min,flare starts or is in progress within the horizon,15,>=C1.0 (GOES-18 XRS flare list),test,1082,206,30,0.418,ROC_AUC,0.744112,0.664,0.823,SoLEXS,90-<100%,,
E4,SoLEXS input coverage 90-<100%,flare_within_15min,flare starts or is in progress within the horizon,15,>=C1.0 (GOES-18 XRS flare list),test,1082,206,30,0.418,TSS,0.351044,0.2341,0.4674,SoLEXS,90-<100%,,
E4,SoLEXS input coverage 90-<100%,flare_within_15min,flare starts or is in progress within the horizon,15,>=C1.0 (GOES-18 XRS flare list),test,1082,206,30,0.418,POD_recall,0.529126,,,SoLEXS,90-<100%,,
E4,SoLEXS input coverage 90-<100%,flare_within_15min,flare starts or is in progress within the horizon,15,>=C1.0 (GOES-18 XRS flare list),test,1082,206,30,0.418,precision,0.411321,,,SoLEXS,90-<100%,,
E4,SoLEXS input coverage 90-<100%,flare_within_15min,flare starts or is in progress within the horizon,15,>=C1.0 (GOES-18 XRS flare list),test,1082,206,30,0.418,F1,0.462845,,,SoLEXS,90-<100%,,
E4,SoLEXS input coverage 90-<100%,flare_within_15min,flare starts or is in progress within the horizon,15,>=C1.0 (GOES-18 XRS flare list),test,1082,206,30,0.418,false_alarm_ratio,0.588679,,,SoLEXS,90-<100%,,
E4,SoLEXS input coverage 90-<100%,flare_within_15min,flare starts or is in progress within the horizon,15,>=C1.0 (GOES-18 XRS flare list),test,1082,206,30,0.418,false_positive_rate,0.178082,,,SoLEXS,90-<100%,,
E4,SoLEXS input coverage 90-<100%,flare_within_15min,flare starts or is in progress within the horizon,15,>=C1.0 (GOES-18 XRS flare list),test,1082,206,30,0.418,HSS,0.31639,,,SoLEXS,90-<100%,,
E4,SoLEXS input coverage 90-<100%,flare_within_15min,flare starts or is in progress within the horizon,15,>=C1.0 (GOES-18 XRS flare list),test,1082,206,30,0.418,frequency_bias,1.286408,,,SoLEXS,90-<100%,,
E4,SoLEXS input coverage 90-<100%,flare_within_15min,flare starts or is in progress within the horizon,15,>=C1.0 (GOES-18 XRS flare list),test,1082,206,30,0.418,accuracy,0.766174,,,SoLEXS,90-<100%,,
E4,SoLEXS input coverage 90-<100%,flare_within_15min,flare starts or is in progress within the horizon,15,>=C1.0 (GOES-18 XRS flare list),test,1082,206,30,0.418,TP,109.0,,,SoLEXS,90-<100%,,
E4,SoLEXS input coverage 90-<100%,flare_within_15min,flare starts or is in progress within the horizon,15,>=C1.0 (GOES-18 XRS flare list),test,1082,206,30,0.418,FP,156.0,,,SoLEXS,90-<100%,,
E4,SoLEXS input coverage 90-<100%,flare_within_15min,flare starts or is in progress within the horizon,15,>=C1.0 (GOES-18 XRS flare list),test,1082,206,30,0.418,FN,97.0,,,SoLEXS,90-<100%,,
E4,SoLEXS input coverage 90-<100%,flare_within_15min,flare starts or is in progress within the horizon,15,>=C1.0 (GOES-18 XRS flare list),test,1082,206,30,0.418,TN,720.0,,,SoLEXS,90-<100%,,
E4,SoLEXS input coverage 90-<100%,flare_within_15min,flare starts or is in progress within the horizon,15,>=C1.0 (GOES-18 XRS flare list),test,1082,206,30,0.418,Brier_raw,0.157158,,,SoLEXS,90-<100%,,
E4,SoLEXS input coverage 90-<100%,flare_within_15min,flare starts or is in progress within the horizon,15,>=C1.0 (GOES-18 XRS flare list),test,1082,206,30,0.418,BSS_raw,-0.019573,,,SoLEXS,90-<100%,,
E4,SoLEXS input coverage 90-<100%,flare_within_15min,flare starts or is in progress within the horizon,15,>=C1.0 (GOES-18 XRS flare list),test,1082,206,30,0.418,Brier_calibrated,0.112169,,,SoLEXS,90-<100%,,
E4,SoLEXS input coverage 90-<100%,flare_within_15min,flare starts or is in progress within the horizon,15,>=C1.0 (GOES-18 XRS flare list),test,1082,206,30,0.418,BSS_calibrated,0.272294,0.1796,0.3521,SoLEXS,90-<100%,,
E4,SoLEXS input coverage 90-<100%,flare_within_30min,flare starts or is in progress within the horizon,30,>=C1.0 (GOES-18 XRS flare list),test,1082,298,30,0.456,ROC_AUC,0.706543,0.6188,0.7972,SoLEXS,90-<100%,,
E4,SoLEXS input coverage 90-<100%,flare_within_30min,flare starts or is in progress within the horizon,30,>=C1.0 (GOES-18 XRS flare list),test,1082,298,30,0.456,TSS,0.215758,0.06,0.335,SoLEXS,90-<100%,,
E4,SoLEXS input coverage 90-<100%,flare_within_30min,flare starts or is in progress within the horizon,30,>=C1.0 (GOES-18 XRS flare list),test,1082,298,30,0.456,POD_recall,0.516779,,,SoLEXS,90-<100%,,
E4,SoLEXS input coverage 90-<100%,flare_within_30min,flare starts or is in progress within the horizon,30,>=C1.0 (GOES-18 XRS flare list),test,1082,298,30,0.456,precision,0.394872,,,SoLEXS,90-<100%,,
E4,SoLEXS input coverage 90-<100%,flare_within_30min,flare starts or is in progress within the horizon,30,>=C1.0 (GOES-18 XRS flare list),test,1082,298,30,0.456,F1,0.447674,,,SoLEXS,90-<100%,,
E4,SoLEXS input coverage 90-<100%,flare_within_30min,flare starts or is in progress within the horizon,30,>=C1.0 (GOES-18 XRS flare list),test,1082,298,30,0.456,false_alarm_ratio,0.605128,,,SoLEXS,90-<100%,,
E4,SoLEXS input coverage 90-<100%,flare_within_30min,flare starts or is in progress within the horizon,30,>=C1.0 (GOES-18 XRS flare list),test,1082,298,30,0.456,false_positive_rate,0.30102,,,SoLEXS,90-<100%,,
E4,SoLEXS input coverage 90-<100%,flare_within_30min,flare starts or is in progress within the horizon,30,>=C1.0 (GOES-18 XRS flare list),test,1082,298,30,0.456,HSS,0.196915,,,SoLEXS,90-<100%,,
E4,SoLEXS input coverage 90-<100%,flare_within_30min,flare starts or is in progress within the horizon,30,>=C1.0 (GOES-18 XRS flare list),test,1082,298,30,0.456,frequency_bias,1.308725,,,SoLEXS,90-<100%,,
E4,SoLEXS input coverage 90-<100%,flare_within_30min,flare starts or is in progress within the horizon,30,>=C1.0 (GOES-18 XRS flare list),test,1082,298,30,0.456,accuracy,0.648799,,,SoLEXS,90-<100%,,
E4,SoLEXS input coverage 90-<100%,flare_within_30min,flare starts or is in progress within the horizon,30,>=C1.0 (GOES-18 XRS flare list),test,1082,298,30,0.456,TP,154.0,,,SoLEXS,90-<100%,,
E4,SoLEXS input coverage 90-<100%,flare_within_30min,flare starts or is in progress within the horizon,30,>=C1.0 (GOES-18 XRS flare list),test,1082,298,30,0.456,FP,236.0,,,SoLEXS,90-<100%,,
E4,SoLEXS input coverage 90-<100%,flare_within_30min,flare starts or is in progress within the horizon,30,>=C1.0 (GOES-18 XRS flare list),test,1082,298,30,0.456,FN,144.0,,,SoLEXS,90-<100%,,
E4,SoLEXS input coverage 90-<100%,flare_within_30min,flare starts or is in progress within the horizon,30,>=C1.0 (GOES-18 XRS flare list),test,1082,298,30,0.456,TN,548.0,,,SoLEXS,90-<100%,,
E4,SoLEXS input coverage 90-<100%,flare_within_30min,flare starts or is in progress within the horizon,30,>=C1.0 (GOES-18 XRS flare list),test,1082,298,30,0.456,Brier_raw,0.19562,,,SoLEXS,90-<100%,,
E4,SoLEXS input coverage 90-<100%,flare_within_30min,flare starts or is in progress within the horizon,30,>=C1.0 (GOES-18 XRS flare list),test,1082,298,30,0.456,BSS_raw,0.019751,,,SoLEXS,90-<100%,,
E4,SoLEXS input coverage 90-<100%,flare_within_30min,flare starts or is in progress within the horizon,30,>=C1.0 (GOES-18 XRS flare list),test,1082,298,30,0.456,Brier_calibrated,0.163922,,,SoLEXS,90-<100%,,
E4,SoLEXS input coverage 90-<100%,flare_within_30min,flare starts or is in progress within the horizon,30,>=C1.0 (GOES-18 XRS flare list),test,1082,298,30,0.456,BSS_calibrated,0.178591,0.0768,0.249,SoLEXS,90-<100%,,
E4,SoLEXS input coverage 90-<100%,flare_within_60min,flare starts or is in progress within the horizon,60,>=C1.0 (GOES-18 XRS flare list),test,1082,468,30,0.527,ROC_AUC,0.68383,0.5377,0.7885,SoLEXS,90-<100%,,
E4,SoLEXS input coverage 90-<100%,flare_within_60min,flare starts or is in progress within the horizon,60,>=C1.0 (GOES-18 XRS flare list),test,1082,468,30,0.527,TSS,0.215673,-0.0869,0.4022,SoLEXS,90-<100%,,
E4,SoLEXS input coverage 90-<100%,flare_within_60min,flare starts or is in progress within the horizon,60,>=C1.0 (GOES-18 XRS flare list),test,1082,468,30,0.527,POD_recall,0.557692,,,SoLEXS,90-<100%,,
E4,SoLEXS input coverage 90-<100%,flare_within_60min,flare starts or is in progress within the horizon,60,>=C1.0 (GOES-18 XRS flare list),test,1082,468,30,0.527,precision,0.55414,,,SoLEXS,90-<100%,,
E4,SoLEXS input coverage 90-<100%,flare_within_60min,flare starts or is in progress within the horizon,60,>=C1.0 (GOES-18 XRS flare list),test,1082,468,30,0.527,F1,0.555911,,,SoLEXS,90-<100%,,
E4,SoLEXS input coverage 90-<100%,flare_within_60min,flare starts or is in progress within the horizon,60,>=C1.0 (GOES-18 XRS flare list),test,1082,468,30,0.527,false_alarm_ratio,0.44586,,,SoLEXS,90-<100%,,
E4,SoLEXS input coverage 90-<100%,flare_within_60min,flare starts or is in progress within the horizon,60,>=C1.0 (GOES-18 XRS flare list),test,1082,468,30,0.527,false_positive_rate,0.34202,,,SoLEXS,90-<100%,,
E4,SoLEXS input coverage 90-<100%,flare_within_60min,flare starts or is in progress within the horizon,60,>=C1.0 (GOES-18 XRS flare list),test,1082,468,30,0.527,HSS,0.215509,,,SoLEXS,90-<100%,,
E4,SoLEXS input coverage 90-<100%,flare_within_60min,flare starts or is in progress within the horizon,60,>=C1.0 (GOES-18 XRS flare list),test,1082,468,30,0.527,frequency_bias,1.00641,,,SoLEXS,90-<100%,,
E4,SoLEXS input coverage 90-<100%,flare_within_60min,flare starts or is in progress within the horizon,60,>=C1.0 (GOES-18 XRS flare list),test,1082,468,30,0.527,accuracy,0.614603,,,SoLEXS,90-<100%,,
E4,SoLEXS input coverage 90-<100%,flare_within_60min,flare starts or is in progress within the horizon,60,>=C1.0 (GOES-18 XRS flare list),test,1082,468,30,0.527,TP,261.0,,,SoLEXS,90-<100%,,
E4,SoLEXS input coverage 90-<100%,flare_within_60min,flare starts or is in progress within the horizon,60,>=C1.0 (GOES-18 XRS flare list),test,1082,468,30,0.527,FP,210.0,,,SoLEXS,90-<100%,,
E4,SoLEXS input coverage 90-<100%,flare_within_60min,flare starts or is in progress within the horizon,60,>=C1.0 (GOES-18 XRS flare list),test,1082,468,30,0.527,FN,207.0,,,SoLEXS,90-<100%,,
E4,SoLEXS input coverage 90-<100%,flare_within_60min,flare starts or is in progress within the horizon,60,>=C1.0 (GOES-18 XRS flare list),test,1082,468,30,0.527,TN,404.0,,,SoLEXS,90-<100%,,
E4,SoLEXS input coverage 90-<100%,flare_within_60min,flare starts or is in progress within the horizon,60,>=C1.0 (GOES-18 XRS flare list),test,1082,468,30,0.527,Brier_raw,0.22359,,,SoLEXS,90-<100%,,
E4,SoLEXS input coverage 90-<100%,flare_within_60min,flare starts or is in progress within the horizon,60,>=C1.0 (GOES-18 XRS flare list),test,1082,468,30,0.527,BSS_raw,0.089054,,,SoLEXS,90-<100%,,
E4,SoLEXS input coverage 90-<100%,flare_within_60min,flare starts or is in progress within the horizon,60,>=C1.0 (GOES-18 XRS flare list),test,1082,468,30,0.527,Brier_calibrated,0.217729,,,SoLEXS,90-<100%,,
E4,SoLEXS input coverage 90-<100%,flare_within_60min,flare starts or is in progress within the horizon,60,>=C1.0 (GOES-18 XRS flare list),test,1082,468,30,0.527,BSS_calibrated,0.112933,-0.0927,0.1957,SoLEXS,90-<100%,,
E4,SoLEXS input coverage 90-<100%,,,0,,test,1082,,30,,MAE,0.055037,0.0339,0.0939,SoLEXS,90-<100%,model (median),"dex (log10 W m^-2, GOES-18 XRS-B)"
E4,SoLEXS input coverage 90-<100%,,,0,,test,1082,,30,,RMSE,0.098486,,,SoLEXS,90-<100%,model (median),"dex (log10 W m^-2, GOES-18 XRS-B)"
E4,SoLEXS input coverage 90-<100%,,,0,,test,1082,,30,,bias,0.013115,,,SoLEXS,90-<100%,model (median),"dex (log10 W m^-2, GOES-18 XRS-B)"
E4,SoLEXS input coverage 90-<100%,,,0,,test,1082,,30,,correlation,0.982151,,,SoLEXS,90-<100%,model (median),"dex (log10 W m^-2, GOES-18 XRS-B)"
E4,SoLEXS input coverage 90-<100%,,,1,,test,1082,,30,,MAE,0.055148,0.0341,0.0936,SoLEXS,90-<100%,model (median),"dex (log10 W m^-2, GOES-18 XRS-B)"
E4,SoLEXS input coverage 90-<100%,,,1,,test,1082,,30,,RMSE,0.099451,,,SoLEXS,90-<100%,model (median),"dex (log10 W m^-2, GOES-18 XRS-B)"
E4,SoLEXS input coverage 90-<100%,,,1,,test,1082,,30,,bias,0.01592,,,SoLEXS,90-<100%,model (median),"dex (log10 W m^-2, GOES-18 XRS-B)"
E4,SoLEXS input coverage 90-<100%,,,1,,test,1082,,30,,correlation,0.982055,,,SoLEXS,90-<100%,model (median),"dex (log10 W m^-2, GOES-18 XRS-B)"
E4,SoLEXS input coverage 90-<100%,,,5,,test,1082,,30,,MAE,0.075653,0.0561,0.1106,SoLEXS,90-<100%,model (median),"dex (log10 W m^-2, GOES-18 XRS-B)"
E4,SoLEXS input coverage 90-<100%,,,5,,test,1082,,30,,RMSE,0.127381,,,SoLEXS,90-<100%,model (median),"dex (log10 W m^-2, GOES-18 XRS-B)"
E4,SoLEXS input coverage 90-<100%,,,5,,test,1082,,30,,bias,0.007085,,,SoLEXS,90-<100%,model (median),"dex (log10 W m^-2, GOES-18 XRS-B)"
E4,SoLEXS input coverage 90-<100%,,,5,,test,1082,,30,,correlation,0.968257,,,SoLEXS,90-<100%,model (median),"dex (log10 W m^-2, GOES-18 XRS-B)"
E4,SoLEXS input coverage 90-<100%,,,15,,test,1082,,30,,MAE,0.115723,0.089,0.1459,SoLEXS,90-<100%,model (median),"dex (log10 W m^-2, GOES-18 XRS-B)"
E4,SoLEXS input coverage 90-<100%,,,15,,test,1082,,30,,RMSE,0.190036,,,SoLEXS,90-<100%,model (median),"dex (log10 W m^-2, GOES-18 XRS-B)"
E4,SoLEXS input coverage 90-<100%,,,15,,test,1082,,30,,bias,-0.006646,,,SoLEXS,90-<100%,model (median),"dex (log10 W m^-2, GOES-18 XRS-B)"
E4,SoLEXS input coverage 90-<100%,,,15,,test,1082,,30,,correlation,0.923132,,,SoLEXS,90-<100%,model (median),"dex (log10 W m^-2, GOES-18 XRS-B)"
E4,SoLEXS input coverage 90-<100%,,,30,,test,1081,,30,,MAE,0.134509,0.1001,0.1644,SoLEXS,90-<100%,model (median),"dex (log10 W m^-2, GOES-18 XRS-B)"
E4,SoLEXS input coverage 90-<100%,,,30,,test,1081,,30,,RMSE,0.208227,,,SoLEXS,90-<100%,model (median),"dex (log10 W m^-2, GOES-18 XRS-B)"
E4,SoLEXS input coverage 90-<100%,,,30,,test,1081,,30,,bias,-0.011771,,,SoLEXS,90-<100%,model (median),"dex (log10 W m^-2, GOES-18 XRS-B)"
E4,SoLEXS input coverage 90-<100%,,,30,,test,1081,,30,,correlation,0.909334,,,SoLEXS,90-<100%,model (median),"dex (log10 W m^-2, GOES-18 XRS-B)"
E4,SoLEXS input coverage 90-<100%,,,60,,test,1081,,30,,MAE,0.154578,0.1161,0.1846,SoLEXS,90-<100%,model (median),"dex (log10 W m^-2, GOES-18 XRS-B)"
E4,SoLEXS input coverage 90-<100%,,,60,,test,1081,,30,,RMSE,0.216552,,,SoLEXS,90-<100%,model (median),"dex (log10 W m^-2, GOES-18 XRS-B)"
E4,SoLEXS input coverage 90-<100%,,,60,,test,1081,,30,,bias,-0.025348,,,SoLEXS,90-<100%,model (median),"dex (log10 W m^-2, GOES-18 XRS-B)"
E4,SoLEXS input coverage 90-<100%,,,60,,test,1081,,30,,correlation,0.905667,,,SoLEXS,90-<100%,model (median),"dex (log10 W m^-2, GOES-18 XRS-B)"
E4,SoLEXS input coverage 100%,in_flare,flare in progress,0,>=C1.0 (GOES-18 XRS flare list),test,105064,8557,162,0.361,ROC_AUC,0.951138,0.946,0.9557,SoLEXS,100%,,
E4,SoLEXS input coverage 100%,in_flare,flare in progress,0,>=C1.0 (GOES-18 XRS flare list),test,105064,8557,162,0.361,TSS,0.78008,0.7656,0.7919,SoLEXS,100%,,
E4,SoLEXS input coverage 100%,in_flare,flare in progress,0,>=C1.0 (GOES-18 XRS flare list),test,105064,8557,162,0.361,POD_recall,0.843754,,,SoLEXS,100%,,
E4,SoLEXS input coverage 100%,in_flare,flare in progress,0,>=C1.0 (GOES-18 XRS flare list),test,105064,8557,162,0.361,precision,0.540217,,,SoLEXS,100%,,
E4,SoLEXS input coverage 100%,in_flare,flare in progress,0,>=C1.0 (GOES-18 XRS flare list),test,105064,8557,162,0.361,F1,0.658699,,,SoLEXS,100%,,
E4,SoLEXS input coverage 100%,in_flare,flare in progress,0,>=C1.0 (GOES-18 XRS flare list),test,105064,8557,162,0.361,false_alarm_ratio,0.459783,,,SoLEXS,100%,,
E4,SoLEXS input coverage 100%,in_flare,flare in progress,0,>=C1.0 (GOES-18 XRS flare list),test,105064,8557,162,0.361,false_positive_rate,0.063674,,,SoLEXS,100%,,
E4,SoLEXS input coverage 100%,in_flare,flare in progress,0,>=C1.0 (GOES-18 XRS flare list),test,105064,8557,162,0.361,HSS,0.621068,,,SoLEXS,100%,,
E4,SoLEXS input coverage 100%,in_flare,flare in progress,0,>=C1.0 (GOES-18 XRS flare list),test,105064,8557,162,0.361,frequency_bias,1.561879,,,SoLEXS,100%,,
E4,SoLEXS input coverage 100%,in_flare,flare in progress,0,>=C1.0 (GOES-18 XRS flare list),test,105064,8557,162,0.361,accuracy,0.928786,,,SoLEXS,100%,,
E4,SoLEXS input coverage 100%,in_flare,flare in progress,0,>=C1.0 (GOES-18 XRS flare list),test,105064,8557,162,0.361,TP,7220.0,,,SoLEXS,100%,,
E4,SoLEXS input coverage 100%,in_flare,flare in progress,0,>=C1.0 (GOES-18 XRS flare list),test,105064,8557,162,0.361,FP,6145.0,,,SoLEXS,100%,,
E4,SoLEXS input coverage 100%,in_flare,flare in progress,0,>=C1.0 (GOES-18 XRS flare list),test,105064,8557,162,0.361,FN,1337.0,,,SoLEXS,100%,,
E4,SoLEXS input coverage 100%,in_flare,flare in progress,0,>=C1.0 (GOES-18 XRS flare list),test,105064,8557,162,0.361,TN,90362.0,,,SoLEXS,100%,,
E4,SoLEXS input coverage 100%,in_flare,flare in progress,0,>=C1.0 (GOES-18 XRS flare list),test,105064,8557,162,0.361,Brier_raw,0.058281,,,SoLEXS,100%,,
E4,SoLEXS input coverage 100%,in_flare,flare in progress,0,>=C1.0 (GOES-18 XRS flare list),test,105064,8557,162,0.361,BSS_raw,0.220964,,,SoLEXS,100%,,
E4,SoLEXS input coverage 100%,in_flare,flare in progress,0,>=C1.0 (GOES-18 XRS flare list),test,105064,8557,162,0.361,Brier_calibrated,0.028212,,,SoLEXS,100%,,
E4,SoLEXS input coverage 100%,in_flare,flare in progress,0,>=C1.0 (GOES-18 XRS flare list),test,105064,8557,162,0.361,BSS_calibrated,0.622897,0.5984,0.6444,SoLEXS,100%,,
E4,SoLEXS input coverage 100%,flare_within_15min,flare starts or is in progress within the horizon,15,>=C1.0 (GOES-18 XRS flare list),test,105064,14614,162,0.418,ROC_AUC,0.832153,0.8159,0.8482,SoLEXS,100%,,
E4,SoLEXS input coverage 100%,flare_within_15min,flare starts or is in progress within the horizon,15,>=C1.0 (GOES-18 XRS flare list),test,105064,14614,162,0.418,TSS,0.490496,0.4687,0.5117,SoLEXS,100%,,
E4,SoLEXS input coverage 100%,flare_within_15min,flare starts or is in progress within the horizon,15,>=C1.0 (GOES-18 XRS flare list),test,105064,14614,162,0.418,POD_recall,0.56268,,,SoLEXS,100%,,
E4,SoLEXS input coverage 100%,flare_within_15min,flare starts or is in progress within the horizon,15,>=C1.0 (GOES-18 XRS flare list),test,105064,14614,162,0.418,precision,0.557416,,,SoLEXS,100%,,
E4,SoLEXS input coverage 100%,flare_within_15min,flare starts or is in progress within the horizon,15,>=C1.0 (GOES-18 XRS flare list),test,105064,14614,162,0.418,F1,0.560035,,,SoLEXS,100%,,
E4,SoLEXS input coverage 100%,flare_within_15min,flare starts or is in progress within the horizon,15,>=C1.0 (GOES-18 XRS flare list),test,105064,14614,162,0.418,false_alarm_ratio,0.442584,,,SoLEXS,100%,,
E4,SoLEXS input coverage 100%,flare_within_15min,flare starts or is in progress within the horizon,15,>=C1.0 (GOES-18 XRS flare list),test,105064,14614,162,0.418,false_positive_rate,0.072184,,,SoLEXS,100%,,
E4,SoLEXS input coverage 100%,flare_within_15min,flare starts or is in progress within the horizon,15,>=C1.0 (GOES-18 XRS flare list),test,105064,14614,162,0.418,HSS,0.488562,,,SoLEXS,100%,,
E4,SoLEXS input coverage 100%,flare_within_15min,flare starts or is in progress within the horizon,15,>=C1.0 (GOES-18 XRS flare list),test,105064,14614,162,0.418,frequency_bias,1.009443,,,SoLEXS,100%,,
E4,SoLEXS input coverage 100%,flare_within_15min,flare starts or is in progress within the horizon,15,>=C1.0 (GOES-18 XRS flare list),test,105064,14614,162,0.418,accuracy,0.877027,,,SoLEXS,100%,,
E4,SoLEXS input coverage 100%,flare_within_15min,flare starts or is in progress within the horizon,15,>=C1.0 (GOES-18 XRS flare list),test,105064,14614,162,0.418,TP,8223.0,,,SoLEXS,100%,,
E4,SoLEXS input coverage 100%,flare_within_15min,flare starts or is in progress within the horizon,15,>=C1.0 (GOES-18 XRS flare list),test,105064,14614,162,0.418,FP,6529.0,,,SoLEXS,100%,,
E4,SoLEXS input coverage 100%,flare_within_15min,flare starts or is in progress within the horizon,15,>=C1.0 (GOES-18 XRS flare list),test,105064,14614,162,0.418,FN,6391.0,,,SoLEXS,100%,,
E4,SoLEXS input coverage 100%,flare_within_15min,flare starts or is in progress within the horizon,15,>=C1.0 (GOES-18 XRS flare list),test,105064,14614,162,0.418,TN,83921.0,,,SoLEXS,100%,,
E4,SoLEXS input coverage 100%,flare_within_15min,flare starts or is in progress within the horizon,15,>=C1.0 (GOES-18 XRS flare list),test,105064,14614,162,0.418,Brier_raw,0.122407,,,SoLEXS,100%,,
E4,SoLEXS input coverage 100%,flare_within_15min,flare starts or is in progress within the horizon,15,>=C1.0 (GOES-18 XRS flare list),test,105064,14614,162,0.418,BSS_raw,-0.0222,,,SoLEXS,100%,,
E4,SoLEXS input coverage 100%,flare_within_15min,flare starts or is in progress within the horizon,15,>=C1.0 (GOES-18 XRS flare list),test,105064,14614,162,0.418,Brier_calibrated,0.075774,,,SoLEXS,100%,,
E4,SoLEXS input coverage 100%,flare_within_15min,flare starts or is in progress within the horizon,15,>=C1.0 (GOES-18 XRS flare list),test,105064,14614,162,0.418,BSS_calibrated,0.367226,0.3467,0.3857,SoLEXS,100%,,
E4,SoLEXS input coverage 100%,flare_within_30min,flare starts or is in progress within the horizon,30,>=C1.0 (GOES-18 XRS flare list),test,105064,20024,162,0.456,ROC_AUC,0.787437,0.7672,0.8094,SoLEXS,100%,,
E4,SoLEXS input coverage 100%,flare_within_30min,flare starts or is in progress within the horizon,30,>=C1.0 (GOES-18 XRS flare list),test,105064,20024,162,0.456,TSS,0.398493,0.3713,0.4265,SoLEXS,100%,,
E4,SoLEXS input coverage 100%,flare_within_30min,flare starts or is in progress within the horizon,30,>=C1.0 (GOES-18 XRS flare list),test,105064,20024,162,0.456,POD_recall,0.498552,,,SoLEXS,100%,,
E4,SoLEXS input coverage 100%,flare_within_30min,flare starts or is in progress within the horizon,30,>=C1.0 (GOES-18 XRS flare list),test,105064,20024,162,0.456,precision,0.539855,,,SoLEXS,100%,,
E4,SoLEXS input coverage 100%,flare_within_30min,flare starts or is in progress within the horizon,30,>=C1.0 (GOES-18 XRS flare list),test,105064,20024,162,0.456,F1,0.518382,,,SoLEXS,100%,,
E4,SoLEXS input coverage 100%,flare_within_30min,flare starts or is in progress within the horizon,30,>=C1.0 (GOES-18 XRS flare list),test,105064,20024,162,0.456,false_alarm_ratio,0.460145,,,SoLEXS,100%,,
E4,SoLEXS input coverage 100%,flare_within_30min,flare starts or is in progress within the horizon,30,>=C1.0 (GOES-18 XRS flare list),test,105064,20024,162,0.456,false_positive_rate,0.100059,,,SoLEXS,100%,,
E4,SoLEXS input coverage 100%,flare_within_30min,flare starts or is in progress within the horizon,30,>=C1.0 (GOES-18 XRS flare list),test,105064,20024,162,0.456,HSS,0.410499,,,SoLEXS,100%,,
E4,SoLEXS input coverage 100%,flare_within_30min,flare starts or is in progress within the horizon,30,>=C1.0 (GOES-18 XRS flare list),test,105064,20024,162,0.456,frequency_bias,0.923492,,,SoLEXS,100%,,
E4,SoLEXS input coverage 100%,flare_within_30min,flare starts or is in progress within the horizon,30,>=C1.0 (GOES-18 XRS flare list),test,105064,20024,162,0.456,accuracy,0.823441,,,SoLEXS,100%,,
E4,SoLEXS input coverage 100%,flare_within_30min,flare starts or is in progress within the horizon,30,>=C1.0 (GOES-18 XRS flare list),test,105064,20024,162,0.456,TP,9983.0,,,SoLEXS,100%,,
E4,SoLEXS input coverage 100%,flare_within_30min,flare starts or is in progress within the horizon,30,>=C1.0 (GOES-18 XRS flare list),test,105064,20024,162,0.456,FP,8509.0,,,SoLEXS,100%,,
E4,SoLEXS input coverage 100%,flare_within_30min,flare starts or is in progress within the horizon,30,>=C1.0 (GOES-18 XRS flare list),test,105064,20024,162,0.456,FN,10041.0,,,SoLEXS,100%,,
E4,SoLEXS input coverage 100%,flare_within_30min,flare starts or is in progress within the horizon,30,>=C1.0 (GOES-18 XRS flare list),test,105064,20024,162,0.456,TN,76531.0,,,SoLEXS,100%,,
E4,SoLEXS input coverage 100%,flare_within_30min,flare starts or is in progress within the horizon,30,>=C1.0 (GOES-18 XRS flare list),test,105064,20024,162,0.456,Brier_raw,0.15773,,,SoLEXS,100%,,
E4,SoLEXS input coverage 100%,flare_within_30min,flare starts or is in progress within the horizon,30,>=C1.0 (GOES-18 XRS flare list),test,105064,20024,162,0.456,BSS_raw,-0.022467,,,SoLEXS,100%,,
E4,SoLEXS input coverage 100%,flare_within_30min,flare starts or is in progress within the horizon,30,>=C1.0 (GOES-18 XRS flare list),test,105064,20024,162,0.456,Brier_calibrated,0.111907,,,SoLEXS,100%,,
E4,SoLEXS input coverage 100%,flare_within_30min,flare starts or is in progress within the horizon,30,>=C1.0 (GOES-18 XRS flare list),test,105064,20024,162,0.456,BSS_calibrated,0.274578,0.255,0.2938,SoLEXS,100%,,
E4,SoLEXS input coverage 100%,flare_within_60min,flare starts or is in progress within the horizon,60,>=C1.0 (GOES-18 XRS flare list),test,105064,29187,162,0.527,ROC_AUC,0.749668,0.7266,0.7763,SoLEXS,100%,,
E4,SoLEXS input coverage 100%,flare_within_60min,flare starts or is in progress within the horizon,60,>=C1.0 (GOES-18 XRS flare list),test,105064,29187,162,0.527,TSS,0.324757,0.2895,0.3603,SoLEXS,100%,,
E4,SoLEXS input coverage 100%,flare_within_60min,flare starts or is in progress within the horizon,60,>=C1.0 (GOES-18 XRS flare list),test,105064,29187,162,0.527,POD_recall,0.439442,,,SoLEXS,100%,,
E4,SoLEXS input coverage 100%,flare_within_60min,flare starts or is in progress within the horizon,60,>=C1.0 (GOES-18 XRS flare list),test,105064,29187,162,0.527,precision,0.595782,,,SoLEXS,100%,,
E4,SoLEXS input coverage 100%,flare_within_60min,flare starts or is in progress within the horizon,60,>=C1.0 (GOES-18 XRS flare list),test,105064,29187,162,0.527,F1,0.505807,,,SoLEXS,100%,,
E4,SoLEXS input coverage 100%,flare_within_60min,flare starts or is in progress within the horizon,60,>=C1.0 (GOES-18 XRS flare list),test,105064,29187,162,0.527,false_alarm_ratio,0.404218,,,SoLEXS,100%,,
E4,SoLEXS input coverage 100%,flare_within_60min,flare starts or is in progress within the horizon,60,>=C1.0 (GOES-18 XRS flare list),test,105064,29187,162,0.527,false_positive_rate,0.114686,,,SoLEXS,100%,,
E4,SoLEXS input coverage 100%,flare_within_60min,flare starts or is in progress within the horizon,60,>=C1.0 (GOES-18 XRS flare list),test,105064,29187,162,0.527,HSS,0.353279,,,SoLEXS,100%,,
E4,SoLEXS input coverage 100%,flare_within_60min,flare starts or is in progress within the horizon,60,>=C1.0 (GOES-18 XRS flare list),test,105064,29187,162,0.527,frequency_bias,0.737589,,,SoLEXS,100%,,
E4,SoLEXS input coverage 100%,flare_within_60min,flare starts or is in progress within the horizon,60,>=C1.0 (GOES-18 XRS flare list),test,105064,29187,162,0.527,accuracy,0.76145,,,SoLEXS,100%,,
E4,SoLEXS input coverage 100%,flare_within_60min,flare starts or is in progress within the horizon,60,>=C1.0 (GOES-18 XRS flare list),test,105064,29187,162,0.527,TP,12826.0,,,SoLEXS,100%,,
E4,SoLEXS input coverage 100%,flare_within_60min,flare starts or is in progress within the horizon,60,>=C1.0 (GOES-18 XRS flare list),test,105064,29187,162,0.527,FP,8702.0,,,SoLEXS,100%,,
E4,SoLEXS input coverage 100%,flare_within_60min,flare starts or is in progress within the horizon,60,>=C1.0 (GOES-18 XRS flare list),test,105064,29187,162,0.527,FN,16361.0,,,SoLEXS,100%,,
E4,SoLEXS input coverage 100%,flare_within_60min,flare starts or is in progress within the horizon,60,>=C1.0 (GOES-18 XRS flare list),test,105064,29187,162,0.527,TN,67175.0,,,SoLEXS,100%,,
E4,SoLEXS input coverage 100%,flare_within_60min,flare starts or is in progress within the horizon,60,>=C1.0 (GOES-18 XRS flare list),test,105064,29187,162,0.527,Brier_raw,0.19867,,,SoLEXS,100%,,
E4,SoLEXS input coverage 100%,flare_within_60min,flare starts or is in progress within the horizon,60,>=C1.0 (GOES-18 XRS flare list),test,105064,29187,162,0.527,BSS_raw,0.009758,,,SoLEXS,100%,,
E4,SoLEXS input coverage 100%,flare_within_60min,flare starts or is in progress within the horizon,60,>=C1.0 (GOES-18 XRS flare list),test,105064,29187,162,0.527,Brier_calibrated,0.160821,,,SoLEXS,100%,,
E4,SoLEXS input coverage 100%,flare_within_60min,flare starts or is in progress within the horizon,60,>=C1.0 (GOES-18 XRS flare list),test,105064,29187,162,0.527,BSS_calibrated,0.19841,0.1777,0.2208,SoLEXS,100%,,
E4,SoLEXS input coverage 100%,,,0,,test,105064,,162,,MAE,0.044047,0.0412,0.0471,SoLEXS,100%,model (median),"dex (log10 W m^-2, GOES-18 XRS-B)"
E4,SoLEXS input coverage 100%,,,0,,test,105064,,162,,RMSE,0.056436,,,SoLEXS,100%,model (median),"dex (log10 W m^-2, GOES-18 XRS-B)"
E4,SoLEXS input coverage 100%,,,0,,test,105064,,162,,bias,-0.001117,,,SoLEXS,100%,model (median),"dex (log10 W m^-2, GOES-18 XRS-B)"
E4,SoLEXS input coverage 100%,,,0,,test,105064,,162,,correlation,0.98678,,,SoLEXS,100%,model (median),"dex (log10 W m^-2, GOES-18 XRS-B)"
E4,SoLEXS input coverage 100%,,,1,,test,105021,,162,,MAE,0.04461,0.0418,0.0477,SoLEXS,100%,model (median),"dex (log10 W m^-2, GOES-18 XRS-B)"
E4,SoLEXS input coverage 100%,,,1,,test,105021,,162,,RMSE,0.057885,,,SoLEXS,100%,model (median),"dex (log10 W m^-2, GOES-18 XRS-B)"
E4,SoLEXS input coverage 100%,,,1,,test,105021,,162,,bias,0.002282,,,SoLEXS,100%,model (median),"dex (log10 W m^-2, GOES-18 XRS-B)"
E4,SoLEXS input coverage 100%,,,1,,test,105021,,162,,correlation,0.986151,,,SoLEXS,100%,model (median),"dex (log10 W m^-2, GOES-18 XRS-B)"
E4,SoLEXS input coverage 100%,,,5,,test,104927,,162,,MAE,0.054594,0.0517,0.0576,SoLEXS,100%,model (median),"dex (log10 W m^-2, GOES-18 XRS-B)"
E4,SoLEXS input coverage 100%,,,5,,test,104927,,162,,RMSE,0.082552,,,SoLEXS,100%,model (median),"dex (log10 W m^-2, GOES-18 XRS-B)"
E4,SoLEXS input coverage 100%,,,5,,test,104927,,162,,bias,-0.002507,,,SoLEXS,100%,model (median),"dex (log10 W m^-2, GOES-18 XRS-B)"
E4,SoLEXS input coverage 100%,,,5,,test,104927,,162,,correlation,0.969971,,,SoLEXS,100%,model (median),"dex (log10 W m^-2, GOES-18 XRS-B)"
E4,SoLEXS input coverage 100%,,,15,,test,104729,,162,,MAE,0.074648,0.0708,0.0785,SoLEXS,100%,model (median),"dex (log10 W m^-2, GOES-18 XRS-B)"
E4,SoLEXS input coverage 100%,,,15,,test,104729,,162,,RMSE,0.127472,,,SoLEXS,100%,model (median),"dex (log10 W m^-2, GOES-18 XRS-B)"
E4,SoLEXS input coverage 100%,,,15,,test,104729,,162,,bias,-0.016399,,,SoLEXS,100%,model (median),"dex (log10 W m^-2, GOES-18 XRS-B)"
E4,SoLEXS input coverage 100%,,,15,,test,104729,,162,,correlation,0.925562,,,SoLEXS,100%,model (median),"dex (log10 W m^-2, GOES-18 XRS-B)"
E4,SoLEXS input coverage 100%,,,30,,test,104440,,162,,MAE,0.091705,0.0861,0.0971,SoLEXS,100%,model (median),"dex (log10 W m^-2, GOES-18 XRS-B)"
E4,SoLEXS input coverage 100%,,,30,,test,104440,,162,,RMSE,0.156715,,,SoLEXS,100%,model (median),"dex (log10 W m^-2, GOES-18 XRS-B)"
E4,SoLEXS input coverage 100%,,,30,,test,104440,,162,,bias,-0.02594,,,SoLEXS,100%,model (median),"dex (log10 W m^-2, GOES-18 XRS-B)"
E4,SoLEXS input coverage 100%,,,30,,test,104440,,162,,correlation,0.885241,,,SoLEXS,100%,model (median),"dex (log10 W m^-2, GOES-18 XRS-B)"
E4,SoLEXS input coverage 100%,,,60,,test,103927,,162,,MAE,0.108775,0.1023,0.1153,SoLEXS,100%,model (median),"dex (log10 W m^-2, GOES-18 XRS-B)"
E4,SoLEXS input coverage 100%,,,60,,test,103927,,162,,RMSE,0.180401,,,SoLEXS,100%,model (median),"dex (log10 W m^-2, GOES-18 XRS-B)"
E4,SoLEXS input coverage 100%,,,60,,test,103927,,162,,bias,-0.035484,,,SoLEXS,100%,model (median),"dex (log10 W m^-2, GOES-18 XRS-B)"
E4,SoLEXS input coverage 100%,,,60,,test,103927,,162,,correlation,0.845472,,,SoLEXS,100%,model (median),"dex (log10 W m^-2, GOES-18 XRS-B)"
E4,HEL1OS input coverage <50%,in_flare,flare in progress,0,>=C1.0 (GOES-18 XRS flare list),test,1861,283,9,0.361,ROC_AUC,0.939591,0.8979,0.9783,HEL1OS,<50%,,
E4,HEL1OS input coverage <50%,in_flare,flare in progress,0,>=C1.0 (GOES-18 XRS flare list),test,1861,283,9,0.361,TSS,0.772472,0.6916,0.8928,HEL1OS,<50%,,
E4,HEL1OS input coverage <50%,in_flare,flare in progress,0,>=C1.0 (GOES-18 XRS flare list),test,1861,283,9,0.361,POD_recall,0.858657,,,HEL1OS,<50%,,
E4,HEL1OS input coverage <50%,in_flare,flare in progress,0,>=C1.0 (GOES-18 XRS flare list),test,1861,283,9,0.361,precision,0.641161,,,HEL1OS,<50%,,
E4,HEL1OS input coverage <50%,in_flare,flare in progress,0,>=C1.0 (GOES-18 XRS flare list),test,1861,283,9,0.361,F1,0.734139,,,HEL1OS,<50%,,
E4,HEL1OS input coverage <50%,in_flare,flare in progress,0,>=C1.0 (GOES-18 XRS flare list),test,1861,283,9,0.361,false_alarm_ratio,0.358839,,,HEL1OS,<50%,,
E4,HEL1OS input coverage <50%,in_flare,flare in progress,0,>=C1.0 (GOES-18 XRS flare list),test,1861,283,9,0.361,false_positive_rate,0.086185,,,HEL1OS,<50%,,
E4,HEL1OS input coverage <50%,in_flare,flare in progress,0,>=C1.0 (GOES-18 XRS flare list),test,1861,283,9,0.361,HSS,0.678087,,,HEL1OS,<50%,,
E4,HEL1OS input coverage <50%,in_flare,flare in progress,0,>=C1.0 (GOES-18 XRS flare list),test,1861,283,9,0.361,frequency_bias,1.339223,,,HEL1OS,<50%,,
E4,HEL1OS input coverage <50%,in_flare,flare in progress,0,>=C1.0 (GOES-18 XRS flare list),test,1861,283,9,0.361,accuracy,0.905427,,,HEL1OS,<50%,,
E4,HEL1OS input coverage <50%,in_flare,flare in progress,0,>=C1.0 (GOES-18 XRS flare list),test,1861,283,9,0.361,TP,243.0,,,HEL1OS,<50%,,
E4,HEL1OS input coverage <50%,in_flare,flare in progress,0,>=C1.0 (GOES-18 XRS flare list),test,1861,283,9,0.361,FP,136.0,,,HEL1OS,<50%,,
E4,HEL1OS input coverage <50%,in_flare,flare in progress,0,>=C1.0 (GOES-18 XRS flare list),test,1861,283,9,0.361,FN,40.0,,,HEL1OS,<50%,,
E4,HEL1OS input coverage <50%,in_flare,flare in progress,0,>=C1.0 (GOES-18 XRS flare list),test,1861,283,9,0.361,TN,1442.0,,,HEL1OS,<50%,,
E4,HEL1OS input coverage <50%,in_flare,flare in progress,0,>=C1.0 (GOES-18 XRS flare list),test,1861,283,9,0.361,Brier_raw,0.078589,,,HEL1OS,<50%,,
E4,HEL1OS input coverage <50%,in_flare,flare in progress,0,>=C1.0 (GOES-18 XRS flare list),test,1861,283,9,0.361,BSS_raw,0.390519,,,HEL1OS,<50%,,
E4,HEL1OS input coverage <50%,in_flare,flare in progress,0,>=C1.0 (GOES-18 XRS flare list),test,1861,283,9,0.361,Brier_calibrated,0.04907,,,HEL1OS,<50%,,
E4,HEL1OS input coverage <50%,in_flare,flare in progress,0,>=C1.0 (GOES-18 XRS flare list),test,1861,283,9,0.361,BSS_calibrated,0.619446,-0.2022,0.6659,HEL1OS,<50%,,
E4,HEL1OS input coverage <50%,flare_within_15min,flare starts or is in progress within the horizon,15,>=C1.0 (GOES-18 XRS flare list),test,1861,467,9,0.418,ROC_AUC,0.850299,0.7356,0.9465,HEL1OS,<50%,,
E4,HEL1OS input coverage <50%,flare_within_15min,flare starts or is in progress within the horizon,15,>=C1.0 (GOES-18 XRS flare list),test,1861,467,9,0.418,TSS,0.511229,0.4041,0.7413,HEL1OS,<50%,,
E4,HEL1OS input coverage <50%,flare_within_15min,flare starts or is in progress within the horizon,15,>=C1.0 (GOES-18 XRS flare list),test,1861,467,9,0.418,POD_recall,0.620985,,,HEL1OS,<50%,,
E4,HEL1OS input coverage <50%,flare_within_15min,flare starts or is in progress within the horizon,15,>=C1.0 (GOES-18 XRS flare list),test,1861,467,9,0.418,precision,0.654628,,,HEL1OS,<50%,,
E4,HEL1OS input coverage <50%,flare_within_15min,flare starts or is in progress within the horizon,15,>=C1.0 (GOES-18 XRS flare list),test,1861,467,9,0.418,F1,0.637363,,,HEL1OS,<50%,,
E4,HEL1OS input coverage <50%,flare_within_15min,flare starts or is in progress within the horizon,15,>=C1.0 (GOES-18 XRS flare list),test,1861,467,9,0.418,false_alarm_ratio,0.345372,,,HEL1OS,<50%,,
E4,HEL1OS input coverage <50%,flare_within_15min,flare starts or is in progress within the horizon,15,>=C1.0 (GOES-18 XRS flare list),test,1861,467,9,0.418,false_positive_rate,0.109756,,,HEL1OS,<50%,,
E4,HEL1OS input coverage <50%,flare_within_15min,flare starts or is in progress within the horizon,15,>=C1.0 (GOES-18 XRS flare list),test,1861,467,9,0.418,HSS,0.520116,,,HEL1OS,<50%,,
E4,HEL1OS input coverage <50%,flare_within_15min,flare starts or is in progress within the horizon,15,>=C1.0 (GOES-18 XRS flare list),test,1861,467,9,0.418,frequency_bias,0.948608,,,HEL1OS,<50%,,
E4,HEL1OS input coverage <50%,flare_within_15min,flare starts or is in progress within the horizon,15,>=C1.0 (GOES-18 XRS flare list),test,1861,467,9,0.418,accuracy,0.822676,,,HEL1OS,<50%,,
E4,HEL1OS input coverage <50%,flare_within_15min,flare starts or is in progress within the horizon,15,>=C1.0 (GOES-18 XRS flare list),test,1861,467,9,0.418,TP,290.0,,,HEL1OS,<50%,,
E4,HEL1OS input coverage <50%,flare_within_15min,flare starts or is in progress within the horizon,15,>=C1.0 (GOES-18 XRS flare list),test,1861,467,9,0.418,FP,153.0,,,HEL1OS,<50%,,
E4,HEL1OS input coverage <50%,flare_within_15min,flare starts or is in progress within the horizon,15,>=C1.0 (GOES-18 XRS flare list),test,1861,467,9,0.418,FN,177.0,,,HEL1OS,<50%,,
E4,HEL1OS input coverage <50%,flare_within_15min,flare starts or is in progress within the horizon,15,>=C1.0 (GOES-18 XRS flare list),test,1861,467,9,0.418,TN,1241.0,,,HEL1OS,<50%,,
E4,HEL1OS input coverage <50%,flare_within_15min,flare starts or is in progress within the horizon,15,>=C1.0 (GOES-18 XRS flare list),test,1861,467,9,0.418,Brier_raw,0.153281,,,HEL1OS,<50%,,
E4,HEL1OS input coverage <50%,flare_within_15min,flare starts or is in progress within the horizon,15,>=C1.0 (GOES-18 XRS flare list),test,1861,467,9,0.418,BSS_raw,0.18454,,,HEL1OS,<50%,,
E4,HEL1OS input coverage <50%,flare_within_15min,flare starts or is in progress within the horizon,15,>=C1.0 (GOES-18 XRS flare list),test,1861,467,9,0.418,Brier_calibrated,0.121135,,,HEL1OS,<50%,,
E4,HEL1OS input coverage <50%,flare_within_15min,flare starts or is in progress within the horizon,15,>=C1.0 (GOES-18 XRS flare list),test,1861,467,9,0.418,BSS_calibrated,0.355559,-0.1256,0.4258,HEL1OS,<50%,,
E4,HEL1OS input coverage <50%,flare_within_30min,flare starts or is in progress within the horizon,30,>=C1.0 (GOES-18 XRS flare list),test,1861,630,9,0.456,ROC_AUC,0.843847,0.6781,0.9578,HEL1OS,<50%,,
E4,HEL1OS input coverage <50%,flare_within_30min,flare starts or is in progress within the horizon,30,>=C1.0 (GOES-18 XRS flare list),test,1861,630,9,0.456,TSS,0.496923,0.2948,0.884,HEL1OS,<50%,,
E4,HEL1OS input coverage <50%,flare_within_30min,flare starts or is in progress within the horizon,30,>=C1.0 (GOES-18 XRS flare list),test,1861,630,9,0.456,POD_recall,0.665079,,,HEL1OS,<50%,,
E4,HEL1OS input coverage <50%,flare_within_30min,flare starts or is in progress within the horizon,30,>=C1.0 (GOES-18 XRS flare list),test,1861,630,9,0.456,precision,0.669329,,,HEL1OS,<50%,,
E4,HEL1OS input coverage <50%,flare_within_30min,flare starts or is in progress within the horizon,30,>=C1.0 (GOES-18 XRS flare list),test,1861,630,9,0.456,F1,0.667197,,,HEL1OS,<50%,,
E4,HEL1OS input coverage <50%,flare_within_30min,flare starts or is in progress within the horizon,30,>=C1.0 (GOES-18 XRS flare list),test,1861,630,9,0.456,false_alarm_ratio,0.330671,,,HEL1OS,<50%,,
E4,HEL1OS input coverage <50%,flare_within_30min,flare starts or is in progress within the horizon,30,>=C1.0 (GOES-18 XRS flare list),test,1861,630,9,0.456,false_positive_rate,0.168156,,,HEL1OS,<50%,,
E4,HEL1OS input coverage <50%,flare_within_30min,flare starts or is in progress within the horizon,30,>=C1.0 (GOES-18 XRS flare list),test,1861,630,9,0.456,HSS,0.497695,,,HEL1OS,<50%,,
E4,HEL1OS input coverage <50%,flare_within_30min,flare starts or is in progress within the horizon,30,>=C1.0 (GOES-18 XRS flare list),test,1861,630,9,0.456,frequency_bias,0.993651,,,HEL1OS,<50%,,
E4,HEL1OS input coverage <50%,flare_within_30min,flare starts or is in progress within the horizon,30,>=C1.0 (GOES-18 XRS flare list),test,1861,630,9,0.456,accuracy,0.77539,,,HEL1OS,<50%,,
E4,HEL1OS input coverage <50%,flare_within_30min,flare starts or is in progress within the horizon,30,>=C1.0 (GOES-18 XRS flare list),test,1861,630,9,0.456,TP,419.0,,,HEL1OS,<50%,,
E4,HEL1OS input coverage <50%,flare_within_30min,flare starts or is in progress within the horizon,30,>=C1.0 (GOES-18 XRS flare list),test,1861,630,9,0.456,FP,207.0,,,HEL1OS,<50%,,
E4,HEL1OS input coverage <50%,flare_within_30min,flare starts or is in progress within the horizon,30,>=C1.0 (GOES-18 XRS flare list),test,1861,630,9,0.456,FN,211.0,,,HEL1OS,<50%,,
E4,HEL1OS input coverage <50%,flare_within_30min,flare starts or is in progress within the horizon,30,>=C1.0 (GOES-18 XRS flare list),test,1861,630,9,0.456,TN,1024.0,,,HEL1OS,<50%,,
E4,HEL1OS input coverage <50%,flare_within_30min,flare starts or is in progress within the horizon,30,>=C1.0 (GOES-18 XRS flare list),test,1861,630,9,0.456,Brier_raw,0.182617,,,HEL1OS,<50%,,
E4,HEL1OS input coverage <50%,flare_within_30min,flare starts or is in progress within the horizon,30,>=C1.0 (GOES-18 XRS flare list),test,1861,630,9,0.456,BSS_raw,0.184479,,,HEL1OS,<50%,,
E4,HEL1OS input coverage <50%,flare_within_30min,flare starts or is in progress within the horizon,30,>=C1.0 (GOES-18 XRS flare list),test,1861,630,9,0.456,Brier_calibrated,0.162807,,,HEL1OS,<50%,,
E4,HEL1OS input coverage <50%,flare_within_30min,flare starts or is in progress within the horizon,30,>=C1.0 (GOES-18 XRS flare list),test,1861,630,9,0.456,BSS_calibrated,0.272943,-0.1426,0.3539,HEL1OS,<50%,,
E4,HEL1OS input coverage <50%,flare_within_60min,flare starts or is in progress within the horizon,60,>=C1.0 (GOES-18 XRS flare list),test,1861,817,9,0.527,ROC_AUC,0.851583,0.6327,0.9695,HEL1OS,<50%,,
E4,HEL1OS input coverage <50%,flare_within_60min,flare starts or is in progress within the horizon,60,>=C1.0 (GOES-18 XRS flare list),test,1861,817,9,0.527,TSS,0.550272,0.1621,0.9171,HEL1OS,<50%,,
E4,HEL1OS input coverage <50%,flare_within_60min,flare starts or is in progress within the horizon,60,>=C1.0 (GOES-18 XRS flare list),test,1861,817,9,0.527,POD_recall,0.70257,,,HEL1OS,<50%,,
E4,HEL1OS input coverage <50%,flare_within_60min,flare starts or is in progress within the horizon,60,>=C1.0 (GOES-18 XRS flare list),test,1861,817,9,0.527,precision,0.783083,,,HEL1OS,<50%,,
E4,HEL1OS input coverage <50%,flare_within_60min,flare starts or is in progress within the horizon,60,>=C1.0 (GOES-18 XRS flare list),test,1861,817,9,0.527,F1,0.740645,,,HEL1OS,<50%,,
E4,HEL1OS input coverage <50%,flare_within_60min,flare starts or is in progress within the horizon,60,>=C1.0 (GOES-18 XRS flare list),test,1861,817,9,0.527,false_alarm_ratio,0.216917,,,HEL1OS,<50%,,
E4,HEL1OS input coverage <50%,flare_within_60min,flare starts or is in progress within the horizon,60,>=C1.0 (GOES-18 XRS flare list),test,1861,817,9,0.527,false_positive_rate,0.152299,,,HEL1OS,<50%,,
E4,HEL1OS input coverage <50%,flare_within_60min,flare starts or is in progress within the horizon,60,>=C1.0 (GOES-18 XRS flare list),test,1861,817,9,0.527,HSS,0.556492,,,HEL1OS,<50%,,
E4,HEL1OS input coverage <50%,flare_within_60min,flare starts or is in progress within the horizon,60,>=C1.0 (GOES-18 XRS flare list),test,1861,817,9,0.527,frequency_bias,0.897185,,,HEL1OS,<50%,,
E4,HEL1OS input coverage <50%,flare_within_60min,flare starts or is in progress within the horizon,60,>=C1.0 (GOES-18 XRS flare list),test,1861,817,9,0.527,accuracy,0.783987,,,HEL1OS,<50%,,
E4,HEL1OS input coverage <50%,flare_within_60min,flare starts or is in progress within the horizon,60,>=C1.0 (GOES-18 XRS flare list),test,1861,817,9,0.527,TP,574.0,,,HEL1OS,<50%,,
E4,HEL1OS input coverage <50%,flare_within_60min,flare starts or is in progress within the horizon,60,>=C1.0 (GOES-18 XRS flare list),test,1861,817,9,0.527,FP,159.0,,,HEL1OS,<50%,,
E4,HEL1OS input coverage <50%,flare_within_60min,flare starts or is in progress within the horizon,60,>=C1.0 (GOES-18 XRS flare list),test,1861,817,9,0.527,FN,243.0,,,HEL1OS,<50%,,
E4,HEL1OS input coverage <50%,flare_within_60min,flare starts or is in progress within the horizon,60,>=C1.0 (GOES-18 XRS flare list),test,1861,817,9,0.527,TN,885.0,,,HEL1OS,<50%,,
E4,HEL1OS input coverage <50%,flare_within_60min,flare starts or is in progress within the horizon,60,>=C1.0 (GOES-18 XRS flare list),test,1861,817,9,0.527,Brier_raw,0.200147,,,HEL1OS,<50%,,
E4,HEL1OS input coverage <50%,flare_within_60min,flare starts or is in progress within the horizon,60,>=C1.0 (GOES-18 XRS flare list),test,1861,817,9,0.527,BSS_raw,0.18732,,,HEL1OS,<50%,,
E4,HEL1OS input coverage <50%,flare_within_60min,flare starts or is in progress within the horizon,60,>=C1.0 (GOES-18 XRS flare list),test,1861,817,9,0.527,Brier_calibrated,0.187288,,,HEL1OS,<50%,,
E4,HEL1OS input coverage <50%,flare_within_60min,flare starts or is in progress within the horizon,60,>=C1.0 (GOES-18 XRS flare list),test,1861,817,9,0.527,BSS_calibrated,0.239532,-0.5893,0.323,HEL1OS,<50%,,
E4,HEL1OS input coverage <50%,,,0,,test,1861,,9,,MAE,0.035705,0.0236,0.061,HEL1OS,<50%,model (median),"dex (log10 W m^-2, GOES-18 XRS-B)"
E4,HEL1OS input coverage <50%,,,0,,test,1861,,9,,RMSE,0.045865,,,HEL1OS,<50%,model (median),"dex (log10 W m^-2, GOES-18 XRS-B)"
E4,HEL1OS input coverage <50%,,,0,,test,1861,,9,,bias,0.012929,,,HEL1OS,<50%,model (median),"dex (log10 W m^-2, GOES-18 XRS-B)"
E4,HEL1OS input coverage <50%,,,0,,test,1861,,9,,correlation,0.997697,,,HEL1OS,<50%,model (median),"dex (log10 W m^-2, GOES-18 XRS-B)"
E4,HEL1OS input coverage <50%,,,1,,test,1861,,9,,MAE,0.037891,0.0249,0.0652,HEL1OS,<50%,model (median),"dex (log10 W m^-2, GOES-18 XRS-B)"
E4,HEL1OS input coverage <50%,,,1,,test,1861,,9,,RMSE,0.049907,,,HEL1OS,<50%,model (median),"dex (log10 W m^-2, GOES-18 XRS-B)"
E4,HEL1OS input coverage <50%,,,1,,test,1861,,9,,bias,0.01492,,,HEL1OS,<50%,model (median),"dex (log10 W m^-2, GOES-18 XRS-B)"
E4,HEL1OS input coverage <50%,,,1,,test,1861,,9,,correlation,0.997128,,,HEL1OS,<50%,model (median),"dex (log10 W m^-2, GOES-18 XRS-B)"
E4,HEL1OS input coverage <50%,,,5,,test,1861,,9,,MAE,0.059521,0.0437,0.0763,HEL1OS,<50%,model (median),"dex (log10 W m^-2, GOES-18 XRS-B)"
E4,HEL1OS input coverage <50%,,,5,,test,1861,,9,,RMSE,0.092061,,,HEL1OS,<50%,model (median),"dex (log10 W m^-2, GOES-18 XRS-B)"
E4,HEL1OS input coverage <50%,,,5,,test,1861,,9,,bias,0.006885,,,HEL1OS,<50%,model (median),"dex (log10 W m^-2, GOES-18 XRS-B)"
E4,HEL1OS input coverage <50%,,,5,,test,1861,,9,,correlation,0.983955,,,HEL1OS,<50%,model (median),"dex (log10 W m^-2, GOES-18 XRS-B)"
E4,HEL1OS input coverage <50%,,,15,,test,1861,,9,,MAE,0.093542,0.0594,0.1231,HEL1OS,<50%,model (median),"dex (log10 W m^-2, GOES-18 XRS-B)"
E4,HEL1OS input coverage <50%,,,15,,test,1861,,9,,RMSE,0.147615,,,HEL1OS,<50%,model (median),"dex (log10 W m^-2, GOES-18 XRS-B)"
E4,HEL1OS input coverage <50%,,,15,,test,1861,,9,,bias,-0.008182,,,HEL1OS,<50%,model (median),"dex (log10 W m^-2, GOES-18 XRS-B)"
E4,HEL1OS input coverage <50%,,,15,,test,1861,,9,,correlation,0.953401,,,HEL1OS,<50%,model (median),"dex (log10 W m^-2, GOES-18 XRS-B)"
E4,HEL1OS input coverage <50%,,,30,,test,1854,,9,,MAE,0.112896,0.0675,0.1562,HEL1OS,<50%,model (median),"dex (log10 W m^-2, GOES-18 XRS-B)"
E4,HEL1OS input coverage <50%,,,30,,test,1854,,9,,RMSE,0.170604,,,HEL1OS,<50%,model (median),"dex (log10 W m^-2, GOES-18 XRS-B)"
E4,HEL1OS input coverage <50%,,,30,,test,1854,,9,,bias,-0.015492,,,HEL1OS,<50%,model (median),"dex (log10 W m^-2, GOES-18 XRS-B)"
E4,HEL1OS input coverage <50%,,,30,,test,1854,,9,,correlation,0.937015,,,HEL1OS,<50%,model (median),"dex (log10 W m^-2, GOES-18 XRS-B)"
E4,HEL1OS input coverage <50%,,,60,,test,1839,,9,,MAE,0.114212,0.0667,0.1552,HEL1OS,<50%,model (median),"dex (log10 W m^-2, GOES-18 XRS-B)"
E4,HEL1OS input coverage <50%,,,60,,test,1839,,9,,RMSE,0.169101,,,HEL1OS,<50%,model (median),"dex (log10 W m^-2, GOES-18 XRS-B)"
E4,HEL1OS input coverage <50%,,,60,,test,1839,,9,,bias,-0.017875,,,HEL1OS,<50%,model (median),"dex (log10 W m^-2, GOES-18 XRS-B)"
E4,HEL1OS input coverage <50%,,,60,,test,1839,,9,,correlation,0.938687,,,HEL1OS,<50%,model (median),"dex (log10 W m^-2, GOES-18 XRS-B)"
E4,HEL1OS input coverage 50-90%,in_flare,flare in progress,0,>=C1.0 (GOES-18 XRS flare list),test,658,7,19,0.361,ROC_AUC,0.904981,0.8902,0.9259,HEL1OS,50-90%,,
E4,HEL1OS input coverage 50-90%,in_flare,flare in progress,0,>=C1.0 (GOES-18 XRS flare list),test,658,7,19,0.361,TSS,0.766513,-0.1388,0.8332,HEL1OS,50-90%,,
E4,HEL1OS input coverage 50-90%,in_flare,flare in progress,0,>=C1.0 (GOES-18 XRS flare list),test,658,7,19,0.361,POD_recall,0.857143,,,HEL1OS,50-90%,,
E4,HEL1OS input coverage 50-90%,in_flare,flare in progress,0,>=C1.0 (GOES-18 XRS flare list),test,658,7,19,0.361,precision,0.092308,,,HEL1OS,50-90%,,
E4,HEL1OS input coverage 50-90%,in_flare,flare in progress,0,>=C1.0 (GOES-18 XRS flare list),test,658,7,19,0.361,F1,0.166667,,,HEL1OS,50-90%,,
E4,HEL1OS input coverage 50-90%,in_flare,flare in progress,0,>=C1.0 (GOES-18 XRS flare list),test,658,7,19,0.361,false_alarm_ratio,0.907692,,,HEL1OS,50-90%,,
E4,HEL1OS input coverage 50-90%,in_flare,flare in progress,0,>=C1.0 (GOES-18 XRS flare list),test,658,7,19,0.361,false_positive_rate,0.09063,,,HEL1OS,50-90%,,
E4,HEL1OS input coverage 50-90%,in_flare,flare in progress,0,>=C1.0 (GOES-18 XRS flare list),test,658,7,19,0.361,HSS,0.150346,,,HEL1OS,50-90%,,
E4,HEL1OS input coverage 50-90%,in_flare,flare in progress,0,>=C1.0 (GOES-18 XRS flare list),test,658,7,19,0.361,frequency_bias,9.285714,,,HEL1OS,50-90%,,
E4,HEL1OS input coverage 50-90%,in_flare,flare in progress,0,>=C1.0 (GOES-18 XRS flare list),test,658,7,19,0.361,accuracy,0.908815,,,HEL1OS,50-90%,,
E4,HEL1OS input coverage 50-90%,in_flare,flare in progress,0,>=C1.0 (GOES-18 XRS flare list),test,658,7,19,0.361,TP,6.0,,,HEL1OS,50-90%,,
E4,HEL1OS input coverage 50-90%,in_flare,flare in progress,0,>=C1.0 (GOES-18 XRS flare list),test,658,7,19,0.361,FP,59.0,,,HEL1OS,50-90%,,
E4,HEL1OS input coverage 50-90%,in_flare,flare in progress,0,>=C1.0 (GOES-18 XRS flare list),test,658,7,19,0.361,FN,1.0,,,HEL1OS,50-90%,,
E4,HEL1OS input coverage 50-90%,in_flare,flare in progress,0,>=C1.0 (GOES-18 XRS flare list),test,658,7,19,0.361,TN,592.0,,,HEL1OS,50-90%,,
E4,HEL1OS input coverage 50-90%,in_flare,flare in progress,0,>=C1.0 (GOES-18 XRS flare list),test,658,7,19,0.361,Brier_raw,0.059641,,,HEL1OS,50-90%,,
E4,HEL1OS input coverage 50-90%,in_flare,flare in progress,0,>=C1.0 (GOES-18 XRS flare list),test,658,7,19,0.361,BSS_raw,-4.666574,,,HEL1OS,50-90%,,
E4,HEL1OS input coverage 50-90%,in_flare,flare in progress,0,>=C1.0 (GOES-18 XRS flare list),test,658,7,19,0.361,Brier_calibrated,0.008369,,,HEL1OS,50-90%,,
E4,HEL1OS input coverage 50-90%,in_flare,flare in progress,0,>=C1.0 (GOES-18 XRS flare list),test,658,7,19,0.361,BSS_calibrated,0.204832,-0.2447,0.5984,HEL1OS,50-90%,,
E4,HEL1OS input coverage 50-90%,flare_within_15min,flare starts or is in progress within the horizon,15,>=C1.0 (GOES-18 XRS flare list),test,658,17,19,0.418,ROC_AUC,0.766817,0.6938,0.9558,HEL1OS,50-90%,,
E4,HEL1OS input coverage 50-90%,flare_within_15min,flare starts or is in progress within the horizon,15,>=C1.0 (GOES-18 XRS flare list),test,658,17,19,0.418,TSS,0.450491,-0.2502,0.9439,HEL1OS,50-90%,,
E4,HEL1OS input coverage 50-90%,flare_within_15min,flare starts or is in progress within the horizon,15,>=C1.0 (GOES-18 XRS flare list),test,658,17,19,0.418,POD_recall,0.647059,,,HEL1OS,50-90%,,
E4,HEL1OS input coverage 50-90%,flare_within_15min,flare starts or is in progress within the horizon,15,>=C1.0 (GOES-18 XRS flare list),test,658,17,19,0.418,precision,0.080292,,,HEL1OS,50-90%,,
E4,HEL1OS input coverage 50-90%,flare_within_15min,flare starts or is in progress within the horizon,15,>=C1.0 (GOES-18 XRS flare list),test,658,17,19,0.418,F1,0.142857,,,HEL1OS,50-90%,,
E4,HEL1OS input coverage 50-90%,flare_within_15min,flare starts or is in progress within the horizon,15,>=C1.0 (GOES-18 XRS flare list),test,658,17,19,0.418,false_alarm_ratio,0.919708,,,HEL1OS,50-90%,,
E4,HEL1OS input coverage 50-90%,flare_within_15min,flare starts or is in progress within the horizon,15,>=C1.0 (GOES-18 XRS flare list),test,658,17,19,0.418,false_positive_rate,0.196568,,,HEL1OS,50-90%,,
E4,HEL1OS input coverage 50-90%,flare_within_15min,flare starts or is in progress within the horizon,15,>=C1.0 (GOES-18 XRS flare list),test,658,17,19,0.418,HSS,0.101558,,,HEL1OS,50-90%,,
E4,HEL1OS input coverage 50-90%,flare_within_15min,flare starts or is in progress within the horizon,15,>=C1.0 (GOES-18 XRS flare list),test,658,17,19,0.418,frequency_bias,8.058824,,,HEL1OS,50-90%,,
E4,HEL1OS input coverage 50-90%,flare_within_15min,flare starts or is in progress within the horizon,15,>=C1.0 (GOES-18 XRS flare list),test,658,17,19,0.418,accuracy,0.799392,,,HEL1OS,50-90%,,
E4,HEL1OS input coverage 50-90%,flare_within_15min,flare starts or is in progress within the horizon,15,>=C1.0 (GOES-18 XRS flare list),test,658,17,19,0.418,TP,11.0,,,HEL1OS,50-90%,,
E4,HEL1OS input coverage 50-90%,flare_within_15min,flare starts or is in progress within the horizon,15,>=C1.0 (GOES-18 XRS flare list),test,658,17,19,0.418,FP,126.0,,,HEL1OS,50-90%,,
E4,HEL1OS input coverage 50-90%,flare_within_15min,flare starts or is in progress within the horizon,15,>=C1.0 (GOES-18 XRS flare list),test,658,17,19,0.418,FN,6.0,,,HEL1OS,50-90%,,
E4,HEL1OS input coverage 50-90%,flare_within_15min,flare starts or is in progress within the horizon,15,>=C1.0 (GOES-18 XRS flare list),test,658,17,19,0.418,TN,515.0,,,HEL1OS,50-90%,,
E4,HEL1OS input coverage 50-90%,flare_within_15min,flare starts or is in progress within the horizon,15,>=C1.0 (GOES-18 XRS flare list),test,658,17,19,0.418,Brier_raw,0.131319,,,HEL1OS,50-90%,,
E4,HEL1OS input coverage 50-90%,flare_within_15min,flare starts or is in progress within the horizon,15,>=C1.0 (GOES-18 XRS flare list),test,658,17,19,0.418,BSS_raw,-4.21761,,,HEL1OS,50-90%,,
E4,HEL1OS input coverage 50-90%,flare_within_15min,flare starts or is in progress within the horizon,15,>=C1.0 (GOES-18 XRS flare list),test,658,17,19,0.418,Brier_calibrated,0.037942,,,HEL1OS,50-90%,,
E4,HEL1OS input coverage 50-90%,flare_within_15min,flare starts or is in progress within the horizon,15,>=C1.0 (GOES-18 XRS flare list),test,658,17,19,0.418,BSS_calibrated,-0.507544,-14.6625,0.4228,HEL1OS,50-90%,,
E4,HEL1OS input coverage 50-90%,flare_within_30min,flare starts or is in progress within the horizon,30,>=C1.0 (GOES-18 XRS flare list),test,658,35,19,0.456,ROC_AUC,0.65141,0.5311,0.9441,HEL1OS,50-90%,,
E4,HEL1OS input coverage 50-90%,flare_within_30min,flare starts or is in progress within the horizon,30,>=C1.0 (GOES-18 XRS flare list),test,658,35,19,0.456,TSS,0.330658,0.0548,0.7874,HEL1OS,50-90%,,
E4,HEL1OS input coverage 50-90%,flare_within_30min,flare starts or is in progress within the horizon,30,>=C1.0 (GOES-18 XRS flare list),test,658,35,19,0.456,POD_recall,0.571429,,,HEL1OS,50-90%,,
E4,HEL1OS input coverage 50-90%,flare_within_30min,flare starts or is in progress within the horizon,30,>=C1.0 (GOES-18 XRS flare list),test,658,35,19,0.456,precision,0.117647,,,HEL1OS,50-90%,,
E4,HEL1OS input coverage 50-90%,flare_within_30min,flare starts or is in progress within the horizon,30,>=C1.0 (GOES-18 XRS flare list),test,658,35,19,0.456,F1,0.195122,,,HEL1OS,50-90%,,
E4,HEL1OS input coverage 50-90%,flare_within_30min,flare starts or is in progress within the horizon,30,>=C1.0 (GOES-18 XRS flare list),test,658,35,19,0.456,false_alarm_ratio,0.882353,,,HEL1OS,50-90%,,
E4,HEL1OS input coverage 50-90%,flare_within_30min,flare starts or is in progress within the horizon,30,>=C1.0 (GOES-18 XRS flare list),test,658,35,19,0.456,false_positive_rate,0.24077,,,HEL1OS,50-90%,,
E4,HEL1OS input coverage 50-90%,flare_within_30min,flare starts or is in progress within the horizon,30,>=C1.0 (GOES-18 XRS flare list),test,658,35,19,0.456,HSS,0.117245,,,HEL1OS,50-90%,,
E4,HEL1OS input coverage 50-90%,flare_within_30min,flare starts or is in progress within the horizon,30,>=C1.0 (GOES-18 XRS flare list),test,658,35,19,0.456,frequency_bias,4.857143,,,HEL1OS,50-90%,,
E4,HEL1OS input coverage 50-90%,flare_within_30min,flare starts or is in progress within the horizon,30,>=C1.0 (GOES-18 XRS flare list),test,658,35,19,0.456,accuracy,0.74924,,,HEL1OS,50-90%,,
E4,HEL1OS input coverage 50-90%,flare_within_30min,flare starts or is in progress within the horizon,30,>=C1.0 (GOES-18 XRS flare list),test,658,35,19,0.456,TP,20.0,,,HEL1OS,50-90%,,
E4,HEL1OS input coverage 50-90%,flare_within_30min,flare starts or is in progress within the horizon,30,>=C1.0 (GOES-18 XRS flare list),test,658,35,19,0.456,FP,150.0,,,HEL1OS,50-90%,,
E4,HEL1OS input coverage 50-90%,flare_within_30min,flare starts or is in progress within the horizon,30,>=C1.0 (GOES-18 XRS flare list),test,658,35,19,0.456,FN,15.0,,,HEL1OS,50-90%,,
E4,HEL1OS input coverage 50-90%,flare_within_30min,flare starts or is in progress within the horizon,30,>=C1.0 (GOES-18 XRS flare list),test,658,35,19,0.456,TN,473.0,,,HEL1OS,50-90%,,
E4,HEL1OS input coverage 50-90%,flare_within_30min,flare starts or is in progress within the horizon,30,>=C1.0 (GOES-18 XRS flare list),test,658,35,19,0.456,Brier_raw,0.177377,,,HEL1OS,50-90%,,
E4,HEL1OS input coverage 50-90%,flare_within_30min,flare starts or is in progress within the horizon,30,>=C1.0 (GOES-18 XRS flare list),test,658,35,19,0.456,BSS_raw,-2.522034,,,HEL1OS,50-90%,,
E4,HEL1OS input coverage 50-90%,flare_within_30min,flare starts or is in progress within the horizon,30,>=C1.0 (GOES-18 XRS flare list),test,658,35,19,0.456,Brier_calibrated,0.080962,,,HEL1OS,50-90%,,
E4,HEL1OS input coverage 50-90%,flare_within_30min,flare starts or is in progress within the horizon,30,>=C1.0 (GOES-18 XRS flare list),test,658,35,19,0.456,BSS_calibrated,-0.607598,-15.1828,0.2387,HEL1OS,50-90%,,
E4,HEL1OS input coverage 50-90%,flare_within_60min,flare starts or is in progress within the horizon,60,>=C1.0 (GOES-18 XRS flare list),test,658,85,19,0.527,ROC_AUC,0.71584,0.5172,0.9648,HEL1OS,50-90%,,
E4,HEL1OS input coverage 50-90%,flare_within_60min,flare starts or is in progress within the horizon,60,>=C1.0 (GOES-18 XRS flare list),test,658,85,19,0.527,TSS,0.549594,0.0385,0.9411,HEL1OS,50-90%,,
E4,HEL1OS input coverage 50-90%,flare_within_60min,flare starts or is in progress within the horizon,60,>=C1.0 (GOES-18 XRS flare list),test,658,85,19,0.527,POD_recall,0.776471,,,HEL1OS,50-90%,,
E4,HEL1OS input coverage 50-90%,flare_within_60min,flare starts or is in progress within the horizon,60,>=C1.0 (GOES-18 XRS flare list),test,658,85,19,0.527,precision,0.336735,,,HEL1OS,50-90%,,
E4,HEL1OS input coverage 50-90%,flare_within_60min,flare starts or is in progress within the horizon,60,>=C1.0 (GOES-18 XRS flare list),test,658,85,19,0.527,F1,0.469751,,,HEL1OS,50-90%,,
E4,HEL1OS input coverage 50-90%,flare_within_60min,flare starts or is in progress within the horizon,60,>=C1.0 (GOES-18 XRS flare list),test,658,85,19,0.527,false_alarm_ratio,0.663265,,,HEL1OS,50-90%,,
E4,HEL1OS input coverage 50-90%,flare_within_60min,flare starts or is in progress within the horizon,60,>=C1.0 (GOES-18 XRS flare list),test,658,85,19,0.527,false_positive_rate,0.226876,,,HEL1OS,50-90%,,
E4,HEL1OS input coverage 50-90%,flare_within_60min,flare starts or is in progress within the horizon,60,>=C1.0 (GOES-18 XRS flare list),test,658,85,19,0.527,HSS,0.353191,,,HEL1OS,50-90%,,
E4,HEL1OS input coverage 50-90%,flare_within_60min,flare starts or is in progress within the horizon,60,>=C1.0 (GOES-18 XRS flare list),test,658,85,19,0.527,frequency_bias,2.305882,,,HEL1OS,50-90%,,
E4,HEL1OS input coverage 50-90%,flare_within_60min,flare starts or is in progress within the horizon,60,>=C1.0 (GOES-18 XRS flare list),test,658,85,19,0.527,accuracy,0.773556,,,HEL1OS,50-90%,,
E4,HEL1OS input coverage 50-90%,flare_within_60min,flare starts or is in progress within the horizon,60,>=C1.0 (GOES-18 XRS flare list),test,658,85,19,0.527,TP,66.0,,,HEL1OS,50-90%,,
E4,HEL1OS input coverage 50-90%,flare_within_60min,flare starts or is in progress within the horizon,60,>=C1.0 (GOES-18 XRS flare list),test,658,85,19,0.527,FP,130.0,,,HEL1OS,50-90%,,
E4,HEL1OS input coverage 50-90%,flare_within_60min,flare starts or is in progress within the horizon,60,>=C1.0 (GOES-18 XRS flare list),test,658,85,19,0.527,FN,19.0,,,HEL1OS,50-90%,,
E4,HEL1OS input coverage 50-90%,flare_within_60min,flare starts or is in progress within the horizon,60,>=C1.0 (GOES-18 XRS flare list),test,658,85,19,0.527,TN,443.0,,,HEL1OS,50-90%,,
E4,HEL1OS input coverage 50-90%,flare_within_60min,flare starts or is in progress within the horizon,60,>=C1.0 (GOES-18 XRS flare list),test,658,85,19,0.527,Brier_raw,0.233678,,,HEL1OS,50-90%,,
E4,HEL1OS input coverage 50-90%,flare_within_60min,flare starts or is in progress within the horizon,60,>=C1.0 (GOES-18 XRS flare list),test,658,85,19,0.527,BSS_raw,-1.077288,,,HEL1OS,50-90%,,
E4,HEL1OS input coverage 50-90%,flare_within_60min,flare starts or is in progress within the horizon,60,>=C1.0 (GOES-18 XRS flare list),test,658,85,19,0.527,Brier_calibrated,0.147133,,,HEL1OS,50-90%,,
E4,HEL1OS input coverage 50-90%,flare_within_60min,flare starts or is in progress within the horizon,60,>=C1.0 (GOES-18 XRS flare list),test,658,85,19,0.527,BSS_calibrated,-0.30794,-4.3161,0.2556,HEL1OS,50-90%,,
E4,HEL1OS input coverage 50-90%,,,0,,test,658,,19,,MAE,0.062922,0.0315,0.1211,HEL1OS,50-90%,model (median),"dex (log10 W m^-2, GOES-18 XRS-B)"
E4,HEL1OS input coverage 50-90%,,,0,,test,658,,19,,RMSE,0.114264,,,HEL1OS,50-90%,model (median),"dex (log10 W m^-2, GOES-18 XRS-B)"
E4,HEL1OS input coverage 50-90%,,,0,,test,658,,19,,bias,0.054117,,,HEL1OS,50-90%,model (median),"dex (log10 W m^-2, GOES-18 XRS-B)"
E4,HEL1OS input coverage 50-90%,,,0,,test,658,,19,,correlation,0.978478,,,HEL1OS,50-90%,model (median),"dex (log10 W m^-2, GOES-18 XRS-B)"
E4,HEL1OS input coverage 50-90%,,,1,,test,657,,19,,MAE,0.063402,0.032,0.1197,HEL1OS,50-90%,model (median),"dex (log10 W m^-2, GOES-18 XRS-B)"
E4,HEL1OS input coverage 50-90%,,,1,,test,657,,19,,RMSE,0.11182,,,HEL1OS,50-90%,model (median),"dex (log10 W m^-2, GOES-18 XRS-B)"
E4,HEL1OS input coverage 50-90%,,,1,,test,657,,19,,bias,0.055055,,,HEL1OS,50-90%,model (median),"dex (log10 W m^-2, GOES-18 XRS-B)"
E4,HEL1OS input coverage 50-90%,,,1,,test,657,,19,,correlation,0.980028,,,HEL1OS,50-90%,model (median),"dex (log10 W m^-2, GOES-18 XRS-B)"
E4,HEL1OS input coverage 50-90%,,,5,,test,651,,19,,MAE,0.069406,0.0411,0.1222,HEL1OS,50-90%,model (median),"dex (log10 W m^-2, GOES-18 XRS-B)"
E4,HEL1OS input coverage 50-90%,,,5,,test,651,,19,,RMSE,0.116566,,,HEL1OS,50-90%,model (median),"dex (log10 W m^-2, GOES-18 XRS-B)"
E4,HEL1OS input coverage 50-90%,,,5,,test,651,,19,,bias,0.060249,,,HEL1OS,50-90%,model (median),"dex (log10 W m^-2, GOES-18 XRS-B)"
E4,HEL1OS input coverage 50-90%,,,5,,test,651,,19,,correlation,0.977764,,,HEL1OS,50-90%,model (median),"dex (log10 W m^-2, GOES-18 XRS-B)"
E4,HEL1OS input coverage 50-90%,,,15,,test,636,,19,,MAE,0.082505,0.058,0.1314,HEL1OS,50-90%,model (median),"dex (log10 W m^-2, GOES-18 XRS-B)"
E4,HEL1OS input coverage 50-90%,,,15,,test,636,,19,,RMSE,0.127969,,,HEL1OS,50-90%,model (median),"dex (log10 W m^-2, GOES-18 XRS-B)"
E4,HEL1OS input coverage 50-90%,,,15,,test,636,,19,,bias,0.069713,,,HEL1OS,50-90%,model (median),"dex (log10 W m^-2, GOES-18 XRS-B)"
E4,HEL1OS input coverage 50-90%,,,15,,test,636,,19,,correlation,0.971515,,,HEL1OS,50-90%,model (median),"dex (log10 W m^-2, GOES-18 XRS-B)"
E4,HEL1OS input coverage 50-90%,,,30,,test,620,,19,,MAE,0.106026,0.0749,0.1535,HEL1OS,50-90%,model (median),"dex (log10 W m^-2, GOES-18 XRS-B)"
E4,HEL1OS input coverage 50-90%,,,30,,test,620,,19,,RMSE,0.153637,,,HEL1OS,50-90%,model (median),"dex (log10 W m^-2, GOES-18 XRS-B)"
E4,HEL1OS input coverage 50-90%,,,30,,test,620,,19,,bias,0.081036,,,HEL1OS,50-90%,model (median),"dex (log10 W m^-2, GOES-18 XRS-B)"
E4,HEL1OS input coverage 50-90%,,,30,,test,620,,19,,correlation,0.956578,,,HEL1OS,50-90%,model (median),"dex (log10 W m^-2, GOES-18 XRS-B)"
E4,HEL1OS input coverage 50-90%,,,60,,test,608,,19,,MAE,0.133823,0.0842,0.1836,HEL1OS,50-90%,model (median),"dex (log10 W m^-2, GOES-18 XRS-B)"
E4,HEL1OS input coverage 50-90%,,,60,,test,608,,19,,RMSE,0.187336,,,HEL1OS,50-90%,model (median),"dex (log10 W m^-2, GOES-18 XRS-B)"
E4,HEL1OS input coverage 50-90%,,,60,,test,608,,19,,bias,0.087309,,,HEL1OS,50-90%,model (median),"dex (log10 W m^-2, GOES-18 XRS-B)"
E4,HEL1OS input coverage 50-90%,,,60,,test,608,,19,,correlation,0.929823,,,HEL1OS,50-90%,model (median),"dex (log10 W m^-2, GOES-18 XRS-B)"
E4,HEL1OS input coverage 90-<100%,in_flare,flare in progress,0,>=C1.0 (GOES-18 XRS flare list),test,14148,1225,166,0.361,ROC_AUC,0.942751,0.9306,0.9524,HEL1OS,90-<100%,,
E4,HEL1OS input coverage 90-<100%,in_flare,flare in progress,0,>=C1.0 (GOES-18 XRS flare list),test,14148,1225,166,0.361,TSS,0.762937,0.7288,0.7896,HEL1OS,90-<100%,,
E4,HEL1OS input coverage 90-<100%,in_flare,flare in progress,0,>=C1.0 (GOES-18 XRS flare list),test,14148,1225,166,0.361,POD_recall,0.825306,,,HEL1OS,90-<100%,,
E4,HEL1OS input coverage 90-<100%,in_flare,flare in progress,0,>=C1.0 (GOES-18 XRS flare list),test,14148,1225,166,0.361,precision,0.556412,,,HEL1OS,90-<100%,,
E4,HEL1OS input coverage 90-<100%,in_flare,flare in progress,0,>=C1.0 (GOES-18 XRS flare list),test,14148,1225,166,0.361,F1,0.664694,,,HEL1OS,90-<100%,,
E4,HEL1OS input coverage 90-<100%,in_flare,flare in progress,0,>=C1.0 (GOES-18 XRS flare list),test,14148,1225,166,0.361,false_alarm_ratio,0.443588,,,HEL1OS,90-<100%,,
E4,HEL1OS input coverage 90-<100%,in_flare,flare in progress,0,>=C1.0 (GOES-18 XRS flare list),test,14148,1225,166,0.361,false_positive_rate,0.062369,,,HEL1OS,90-<100%,,
E4,HEL1OS input coverage 90-<100%,in_flare,flare in progress,0,>=C1.0 (GOES-18 XRS flare list),test,14148,1225,166,0.361,HSS,0.626011,,,HEL1OS,90-<100%,,
E4,HEL1OS input coverage 90-<100%,in_flare,flare in progress,0,>=C1.0 (GOES-18 XRS flare list),test,14148,1225,166,0.361,frequency_bias,1.483265,,,HEL1OS,90-<100%,,
E4,HEL1OS input coverage 90-<100%,in_flare,flare in progress,0,>=C1.0 (GOES-18 XRS flare list),test,14148,1225,166,0.361,accuracy,0.927905,,,HEL1OS,90-<100%,,
E4,HEL1OS input coverage 90-<100%,in_flare,flare in progress,0,>=C1.0 (GOES-18 XRS flare list),test,14148,1225,166,0.361,TP,1011.0,,,HEL1OS,90-<100%,,
E4,HEL1OS input coverage 90-<100%,in_flare,flare in progress,0,>=C1.0 (GOES-18 XRS flare list),test,14148,1225,166,0.361,FP,806.0,,,HEL1OS,90-<100%,,
E4,HEL1OS input coverage 90-<100%,in_flare,flare in progress,0,>=C1.0 (GOES-18 XRS flare list),test,14148,1225,166,0.361,FN,214.0,,,HEL1OS,90-<100%,,
E4,HEL1OS input coverage 90-<100%,in_flare,flare in progress,0,>=C1.0 (GOES-18 XRS flare list),test,14148,1225,166,0.361,TN,12117.0,,,HEL1OS,90-<100%,,
E4,HEL1OS input coverage 90-<100%,in_flare,flare in progress,0,>=C1.0 (GOES-18 XRS flare list),test,14148,1225,166,0.361,Brier_raw,0.062117,,,HEL1OS,90-<100%,,
E4,HEL1OS input coverage 90-<100%,in_flare,flare in progress,0,>=C1.0 (GOES-18 XRS flare list),test,14148,1225,166,0.361,BSS_raw,0.214577,,,HEL1OS,90-<100%,,
E4,HEL1OS input coverage 90-<100%,in_flare,flare in progress,0,>=C1.0 (GOES-18 XRS flare list),test,14148,1225,166,0.361,Brier_calibrated,0.03349,,,HEL1OS,90-<100%,,
E4,HEL1OS input coverage 90-<100%,in_flare,flare in progress,0,>=C1.0 (GOES-18 XRS flare list),test,14148,1225,166,0.361,BSS_calibrated,0.576541,0.5103,0.6325,HEL1OS,90-<100%,,
E4,HEL1OS input coverage 90-<100%,flare_within_15min,flare starts or is in progress within the horizon,15,>=C1.0 (GOES-18 XRS flare list),test,14148,2127,166,0.418,ROC_AUC,0.822336,0.7947,0.8449,HEL1OS,90-<100%,,
E4,HEL1OS input coverage 90-<100%,flare_within_15min,flare starts or is in progress within the horizon,15,>=C1.0 (GOES-18 XRS flare list),test,14148,2127,166,0.418,TSS,0.480553,0.4371,0.518,HEL1OS,90-<100%,,
E4,HEL1OS input coverage 90-<100%,flare_within_15min,flare starts or is in progress within the horizon,15,>=C1.0 (GOES-18 XRS flare list),test,14148,2127,166,0.418,POD_recall,0.560414,,,HEL1OS,90-<100%,,
E4,HEL1OS input coverage 90-<100%,flare_within_15min,flare starts or is in progress within the horizon,15,>=C1.0 (GOES-18 XRS flare list),test,14148,2127,166,0.418,precision,0.553903,,,HEL1OS,90-<100%,,
E4,HEL1OS input coverage 90-<100%,flare_within_15min,flare starts or is in progress within the horizon,15,>=C1.0 (GOES-18 XRS flare list),test,14148,2127,166,0.418,F1,0.55714,,,HEL1OS,90-<100%,,
E4,HEL1OS input coverage 90-<100%,flare_within_15min,flare starts or is in progress within the horizon,15,>=C1.0 (GOES-18 XRS flare list),test,14148,2127,166,0.418,false_alarm_ratio,0.446097,,,HEL1OS,90-<100%,,
E4,HEL1OS input coverage 90-<100%,flare_within_15min,flare starts or is in progress within the horizon,15,>=C1.0 (GOES-18 XRS flare list),test,14148,2127,166,0.418,false_positive_rate,0.07986,,,HEL1OS,90-<100%,,
E4,HEL1OS input coverage 90-<100%,flare_within_15min,flare starts or is in progress within the horizon,15,>=C1.0 (GOES-18 XRS flare list),test,14148,2127,166,0.418,HSS,0.47824,,,HEL1OS,90-<100%,,
E4,HEL1OS input coverage 90-<100%,flare_within_15min,flare starts or is in progress within the horizon,15,>=C1.0 (GOES-18 XRS flare list),test,14148,2127,166,0.418,frequency_bias,1.011754,,,HEL1OS,90-<100%,,
E4,HEL1OS input coverage 90-<100%,flare_within_15min,flare starts or is in progress within the horizon,15,>=C1.0 (GOES-18 XRS flare list),test,14148,2127,166,0.418,accuracy,0.866059,,,HEL1OS,90-<100%,,
E4,HEL1OS input coverage 90-<100%,flare_within_15min,flare starts or is in progress within the horizon,15,>=C1.0 (GOES-18 XRS flare list),test,14148,2127,166,0.418,TP,1192.0,,,HEL1OS,90-<100%,,
E4,HEL1OS input coverage 90-<100%,flare_within_15min,flare starts or is in progress within the horizon,15,>=C1.0 (GOES-18 XRS flare list),test,14148,2127,166,0.418,FP,960.0,,,HEL1OS,90-<100%,,
E4,HEL1OS input coverage 90-<100%,flare_within_15min,flare starts or is in progress within the horizon,15,>=C1.0 (GOES-18 XRS flare list),test,14148,2127,166,0.418,FN,935.0,,,HEL1OS,90-<100%,,
E4,HEL1OS input coverage 90-<100%,flare_within_15min,flare starts or is in progress within the horizon,15,>=C1.0 (GOES-18 XRS flare list),test,14148,2127,166,0.418,TN,11061.0,,,HEL1OS,90-<100%,,
E4,HEL1OS input coverage 90-<100%,flare_within_15min,flare starts or is in progress within the horizon,15,>=C1.0 (GOES-18 XRS flare list),test,14148,2127,166,0.418,Brier_raw,0.1292,,,HEL1OS,90-<100%,,
E4,HEL1OS input coverage 90-<100%,flare_within_15min,flare starts or is in progress within the horizon,15,>=C1.0 (GOES-18 XRS flare list),test,14148,2127,166,0.418,BSS_raw,-0.011448,,,HEL1OS,90-<100%,,
E4,HEL1OS input coverage 90-<100%,flare_within_15min,flare starts or is in progress within the horizon,15,>=C1.0 (GOES-18 XRS flare list),test,14148,2127,166,0.418,Brier_calibrated,0.083939,,,HEL1OS,90-<100%,,
E4,HEL1OS input coverage 90-<100%,flare_within_15min,flare starts or is in progress within the horizon,15,>=C1.0 (GOES-18 XRS flare list),test,14148,2127,166,0.418,BSS_calibrated,0.34288,0.3014,0.3794,HEL1OS,90-<100%,,
E4,HEL1OS input coverage 90-<100%,flare_within_30min,flare starts or is in progress within the horizon,30,>=C1.0 (GOES-18 XRS flare list),test,14148,2922,166,0.456,ROC_AUC,0.780043,0.7508,0.8118,HEL1OS,90-<100%,,
E4,HEL1OS input coverage 90-<100%,flare_within_30min,flare starts or is in progress within the horizon,30,>=C1.0 (GOES-18 XRS flare list),test,14148,2922,166,0.456,TSS,0.390324,0.3429,0.4404,HEL1OS,90-<100%,,
E4,HEL1OS input coverage 90-<100%,flare_within_30min,flare starts or is in progress within the horizon,30,>=C1.0 (GOES-18 XRS flare list),test,14148,2922,166,0.456,POD_recall,0.511294,,,HEL1OS,90-<100%,,
E4,HEL1OS input coverage 90-<100%,flare_within_30min,flare starts or is in progress within the horizon,30,>=C1.0 (GOES-18 XRS flare list),test,14148,2922,166,0.456,precision,0.523843,,,HEL1OS,90-<100%,,
E4,HEL1OS input coverage 90-<100%,flare_within_30min,flare starts or is in progress within the horizon,30,>=C1.0 (GOES-18 XRS flare list),test,14148,2922,166,0.456,F1,0.517492,,,HEL1OS,90-<100%,,
E4,HEL1OS input coverage 90-<100%,flare_within_30min,flare starts or is in progress within the horizon,30,>=C1.0 (GOES-18 XRS flare list),test,14148,2922,166,0.456,false_alarm_ratio,0.476157,,,HEL1OS,90-<100%,,
E4,HEL1OS input coverage 90-<100%,flare_within_30min,flare starts or is in progress within the horizon,30,>=C1.0 (GOES-18 XRS flare list),test,14148,2922,166,0.456,false_positive_rate,0.120969,,,HEL1OS,90-<100%,,
E4,HEL1OS input coverage 90-<100%,flare_within_30min,flare starts or is in progress within the horizon,30,>=C1.0 (GOES-18 XRS flare list),test,14148,2922,166,0.456,HSS,0.393814,,,HEL1OS,90-<100%,,
E4,HEL1OS input coverage 90-<100%,flare_within_30min,flare starts or is in progress within the horizon,30,>=C1.0 (GOES-18 XRS flare list),test,14148,2922,166,0.456,frequency_bias,0.976044,,,HEL1OS,90-<100%,,
E4,HEL1OS input coverage 90-<100%,flare_within_30min,flare starts or is in progress within the horizon,30,>=C1.0 (GOES-18 XRS flare list),test,14148,2922,166,0.456,accuracy,0.803082,,,HEL1OS,90-<100%,,
E4,HEL1OS input coverage 90-<100%,flare_within_30min,flare starts or is in progress within the horizon,30,>=C1.0 (GOES-18 XRS flare list),test,14148,2922,166,0.456,TP,1494.0,,,HEL1OS,90-<100%,,
E4,HEL1OS input coverage 90-<100%,flare_within_30min,flare starts or is in progress within the horizon,30,>=C1.0 (GOES-18 XRS flare list),test,14148,2922,166,0.456,FP,1358.0,,,HEL1OS,90-<100%,,
E4,HEL1OS input coverage 90-<100%,flare_within_30min,flare starts or is in progress within the horizon,30,>=C1.0 (GOES-18 XRS flare list),test,14148,2922,166,0.456,FN,1428.0,,,HEL1OS,90-<100%,,
E4,HEL1OS input coverage 90-<100%,flare_within_30min,flare starts or is in progress within the horizon,30,>=C1.0 (GOES-18 XRS flare list),test,14148,2922,166,0.456,TN,9868.0,,,HEL1OS,90-<100%,,
E4,HEL1OS input coverage 90-<100%,flare_within_30min,flare starts or is in progress within the horizon,30,>=C1.0 (GOES-18 XRS flare list),test,14148,2922,166,0.456,Brier_raw,0.165007,,,HEL1OS,90-<100%,,
E4,HEL1OS input coverage 90-<100%,flare_within_30min,flare starts or is in progress within the horizon,30,>=C1.0 (GOES-18 XRS flare list),test,14148,2922,166,0.456,BSS_raw,-0.006901,,,HEL1OS,90-<100%,,
E4,HEL1OS input coverage 90-<100%,flare_within_30min,flare starts or is in progress within the horizon,30,>=C1.0 (GOES-18 XRS flare list),test,14148,2922,166,0.456,Brier_calibrated,0.122127,,,HEL1OS,90-<100%,,
E4,HEL1OS input coverage 90-<100%,flare_within_30min,flare starts or is in progress within the horizon,30,>=C1.0 (GOES-18 XRS flare list),test,14148,2922,166,0.456,BSS_calibrated,0.254762,0.2176,0.2879,HEL1OS,90-<100%,,
E4,HEL1OS input coverage 90-<100%,flare_within_60min,flare starts or is in progress within the horizon,60,>=C1.0 (GOES-18 XRS flare list),test,14148,4342,166,0.527,ROC_AUC,0.744904,0.7038,0.785,HEL1OS,90-<100%,,
E4,HEL1OS input coverage 90-<100%,flare_within_60min,flare starts or is in progress within the horizon,60,>=C1.0 (GOES-18 XRS flare list),test,14148,4342,166,0.527,TSS,0.32926,0.2693,0.3896,HEL1OS,90-<100%,,
E4,HEL1OS input coverage 90-<100%,flare_within_60min,flare starts or is in progress within the horizon,60,>=C1.0 (GOES-18 XRS flare list),test,14148,4342,166,0.527,POD_recall,0.464993,,,HEL1OS,90-<100%,,
E4,HEL1OS input coverage 90-<100%,flare_within_60min,flare starts or is in progress within the horizon,60,>=C1.0 (GOES-18 XRS flare list),test,14148,4342,166,0.527,precision,0.602687,,,HEL1OS,90-<100%,,
E4,HEL1OS input coverage 90-<100%,flare_within_60min,flare starts or is in progress within the horizon,60,>=C1.0 (GOES-18 XRS flare list),test,14148,4342,166,0.527,F1,0.524961,,,HEL1OS,90-<100%,,
E4,HEL1OS input coverage 90-<100%,flare_within_60min,flare starts or is in progress within the horizon,60,>=C1.0 (GOES-18 XRS flare list),test,14148,4342,166,0.527,false_alarm_ratio,0.397313,,,HEL1OS,90-<100%,,
E4,HEL1OS input coverage 90-<100%,flare_within_60min,flare starts or is in progress within the horizon,60,>=C1.0 (GOES-18 XRS flare list),test,14148,4342,166,0.527,false_positive_rate,0.135733,,,HEL1OS,90-<100%,,
E4,HEL1OS input coverage 90-<100%,flare_within_60min,flare starts or is in progress within the horizon,60,>=C1.0 (GOES-18 XRS flare list),test,14148,4342,166,0.527,HSS,0.351643,,,HEL1OS,90-<100%,,
E4,HEL1OS input coverage 90-<100%,flare_within_60min,flare starts or is in progress within the horizon,60,>=C1.0 (GOES-18 XRS flare list),test,14148,4342,166,0.527,frequency_bias,0.771534,,,HEL1OS,90-<100%,,
E4,HEL1OS input coverage 90-<100%,flare_within_60min,flare starts or is in progress within the horizon,60,>=C1.0 (GOES-18 XRS flare list),test,14148,4342,166,0.527,accuracy,0.74173,,,HEL1OS,90-<100%,,
E4,HEL1OS input coverage 90-<100%,flare_within_60min,flare starts or is in progress within the horizon,60,>=C1.0 (GOES-18 XRS flare list),test,14148,4342,166,0.527,TP,2019.0,,,HEL1OS,90-<100%,,
E4,HEL1OS input coverage 90-<100%,flare_within_60min,flare starts or is in progress within the horizon,60,>=C1.0 (GOES-18 XRS flare list),test,14148,4342,166,0.527,FP,1331.0,,,HEL1OS,90-<100%,,
E4,HEL1OS input coverage 90-<100%,flare_within_60min,flare starts or is in progress within the horizon,60,>=C1.0 (GOES-18 XRS flare list),test,14148,4342,166,0.527,FN,2323.0,,,HEL1OS,90-<100%,,
E4,HEL1OS input coverage 90-<100%,flare_within_60min,flare starts or is in progress within the horizon,60,>=C1.0 (GOES-18 XRS flare list),test,14148,4342,166,0.527,TN,8475.0,,,HEL1OS,90-<100%,,
E4,HEL1OS input coverage 90-<100%,flare_within_60min,flare starts or is in progress within the horizon,60,>=C1.0 (GOES-18 XRS flare list),test,14148,4342,166,0.527,Brier_raw,0.204241,,,HEL1OS,90-<100%,,
E4,HEL1OS input coverage 90-<100%,flare_within_60min,flare starts or is in progress within the horizon,60,>=C1.0 (GOES-18 XRS flare list),test,14148,4342,166,0.527,BSS_raw,0.039821,,,HEL1OS,90-<100%,,
E4,HEL1OS input coverage 90-<100%,flare_within_60min,flare starts or is in progress within the horizon,60,>=C1.0 (GOES-18 XRS flare list),test,14148,4342,166,0.527,Brier_calibrated,0.172941,,,HEL1OS,90-<100%,,
E4,HEL1OS input coverage 90-<100%,flare_within_60min,flare starts or is in progress within the horizon,60,>=C1.0 (GOES-18 XRS flare list),test,14148,4342,166,0.527,BSS_calibrated,0.18697,0.1458,0.2212,HEL1OS,90-<100%,,
E4,HEL1OS input coverage 90-<100%,,,0,,test,14148,,166,,MAE,0.082127,0.0659,0.1007,HEL1OS,90-<100%,model (median),"dex (log10 W m^-2, GOES-18 XRS-B)"
E4,HEL1OS input coverage 90-<100%,,,0,,test,14148,,166,,RMSE,0.152669,,,HEL1OS,90-<100%,model (median),"dex (log10 W m^-2, GOES-18 XRS-B)"
E4,HEL1OS input coverage 90-<100%,,,0,,test,14148,,166,,bias,0.040087,,,HEL1OS,90-<100%,model (median),"dex (log10 W m^-2, GOES-18 XRS-B)"
E4,HEL1OS input coverage 90-<100%,,,0,,test,14148,,166,,correlation,0.919015,,,HEL1OS,90-<100%,model (median),"dex (log10 W m^-2, GOES-18 XRS-B)"
E4,HEL1OS input coverage 90-<100%,,,1,,test,14141,,166,,MAE,0.081515,0.0656,0.0996,HEL1OS,90-<100%,model (median),"dex (log10 W m^-2, GOES-18 XRS-B)"
E4,HEL1OS input coverage 90-<100%,,,1,,test,14141,,166,,RMSE,0.150042,,,HEL1OS,90-<100%,model (median),"dex (log10 W m^-2, GOES-18 XRS-B)"
E4,HEL1OS input coverage 90-<100%,,,1,,test,14141,,166,,bias,0.042186,,,HEL1OS,90-<100%,model (median),"dex (log10 W m^-2, GOES-18 XRS-B)"
E4,HEL1OS input coverage 90-<100%,,,1,,test,14141,,166,,correlation,0.922842,,,HEL1OS,90-<100%,model (median),"dex (log10 W m^-2, GOES-18 XRS-B)"
E4,HEL1OS input coverage 90-<100%,,,5,,test,14136,,166,,MAE,0.092218,0.0765,0.1106,HEL1OS,90-<100%,model (median),"dex (log10 W m^-2, GOES-18 XRS-B)"
E4,HEL1OS input coverage 90-<100%,,,5,,test,14136,,166,,RMSE,0.163263,,,HEL1OS,90-<100%,model (median),"dex (log10 W m^-2, GOES-18 XRS-B)"
E4,HEL1OS input coverage 90-<100%,,,5,,test,14136,,166,,bias,0.037321,,,HEL1OS,90-<100%,model (median),"dex (log10 W m^-2, GOES-18 XRS-B)"
E4,HEL1OS input coverage 90-<100%,,,5,,test,14136,,166,,correlation,0.905718,,,HEL1OS,90-<100%,model (median),"dex (log10 W m^-2, GOES-18 XRS-B)"
E4,HEL1OS input coverage 90-<100%,,,15,,test,14131,,166,,MAE,0.114739,0.0994,0.1313,HEL1OS,90-<100%,model (median),"dex (log10 W m^-2, GOES-18 XRS-B)"
E4,HEL1OS input coverage 90-<100%,,,15,,test,14131,,166,,RMSE,0.19911,,,HEL1OS,90-<100%,model (median),"dex (log10 W m^-2, GOES-18 XRS-B)"
E4,HEL1OS input coverage 90-<100%,,,15,,test,14131,,166,,bias,0.022686,,,HEL1OS,90-<100%,model (median),"dex (log10 W m^-2, GOES-18 XRS-B)"
E4,HEL1OS input coverage 90-<100%,,,15,,test,14131,,166,,correlation,0.852345,,,HEL1OS,90-<100%,model (median),"dex (log10 W m^-2, GOES-18 XRS-B)"
E4,HEL1OS input coverage 90-<100%,,,30,,test,14127,,166,,MAE,0.133299,0.1168,0.1511,HEL1OS,90-<100%,model (median),"dex (log10 W m^-2, GOES-18 XRS-B)"
E4,HEL1OS input coverage 90-<100%,,,30,,test,14127,,166,,RMSE,0.226518,,,HEL1OS,90-<100%,model (median),"dex (log10 W m^-2, GOES-18 XRS-B)"
E4,HEL1OS input coverage 90-<100%,,,30,,test,14127,,166,,bias,0.012583,,,HEL1OS,90-<100%,model (median),"dex (log10 W m^-2, GOES-18 XRS-B)"
E4,HEL1OS input coverage 90-<100%,,,30,,test,14127,,166,,correlation,0.805555,,,HEL1OS,90-<100%,model (median),"dex (log10 W m^-2, GOES-18 XRS-B)"
E4,HEL1OS input coverage 90-<100%,,,60,,test,14124,,166,,MAE,0.155159,0.138,0.1743,HEL1OS,90-<100%,model (median),"dex (log10 W m^-2, GOES-18 XRS-B)"
E4,HEL1OS input coverage 90-<100%,,,60,,test,14124,,166,,RMSE,0.253296,,,HEL1OS,90-<100%,model (median),"dex (log10 W m^-2, GOES-18 XRS-B)"
E4,HEL1OS input coverage 90-<100%,,,60,,test,14124,,166,,bias,0.001364,,,HEL1OS,90-<100%,model (median),"dex (log10 W m^-2, GOES-18 XRS-B)"
E4,HEL1OS input coverage 90-<100%,,,60,,test,14124,,166,,correlation,0.758,,,HEL1OS,90-<100%,model (median),"dex (log10 W m^-2, GOES-18 XRS-B)"
E4,HEL1OS input coverage 100%,in_flare,flare in progress,0,>=C1.0 (GOES-18 XRS flare list),test,100518,7999,170,0.361,ROC_AUC,0.94774,0.9419,0.9523,HEL1OS,100%,,
E4,HEL1OS input coverage 100%,in_flare,flare in progress,0,>=C1.0 (GOES-18 XRS flare list),test,100518,7999,170,0.361,TSS,0.767855,0.747,0.7853,HEL1OS,100%,,
E4,HEL1OS input coverage 100%,in_flare,flare in progress,0,>=C1.0 (GOES-18 XRS flare list),test,100518,7999,170,0.361,POD_recall,0.828729,,,HEL1OS,100%,,
E4,HEL1OS input coverage 100%,in_flare,flare in progress,0,>=C1.0 (GOES-18 XRS flare list),test,100518,7999,170,0.361,precision,0.540657,,,HEL1OS,100%,,
E4,HEL1OS input coverage 100%,in_flare,flare in progress,0,>=C1.0 (GOES-18 XRS flare list),test,100518,7999,170,0.361,F1,0.654393,,,HEL1OS,100%,,
E4,HEL1OS input coverage 100%,in_flare,flare in progress,0,>=C1.0 (GOES-18 XRS flare list),test,100518,7999,170,0.361,false_alarm_ratio,0.459343,,,HEL1OS,100%,,
E4,HEL1OS input coverage 100%,in_flare,flare in progress,0,>=C1.0 (GOES-18 XRS flare list),test,100518,7999,170,0.361,false_positive_rate,0.060874,,,HEL1OS,100%,,
E4,HEL1OS input coverage 100%,in_flare,flare in progress,0,>=C1.0 (GOES-18 XRS flare list),test,100518,7999,170,0.361,HSS,0.617557,,,HEL1OS,100%,,
E4,HEL1OS input coverage 100%,in_flare,flare in progress,0,>=C1.0 (GOES-18 XRS flare list),test,100518,7999,170,0.361,frequency_bias,1.532817,,,HEL1OS,100%,,
E4,HEL1OS input coverage 100%,in_flare,flare in progress,0,>=C1.0 (GOES-18 XRS flare list),test,100518,7999,170,0.361,accuracy,0.930341,,,HEL1OS,100%,,
E4,HEL1OS input coverage 100%,in_flare,flare in progress,0,>=C1.0 (GOES-18 XRS flare list),test,100518,7999,170,0.361,TP,6629.0,,,HEL1OS,100%,,
E4,HEL1OS input coverage 100%,in_flare,flare in progress,0,>=C1.0 (GOES-18 XRS flare list),test,100518,7999,170,0.361,FP,5632.0,,,HEL1OS,100%,,
E4,HEL1OS input coverage 100%,in_flare,flare in progress,0,>=C1.0 (GOES-18 XRS flare list),test,100518,7999,170,0.361,FN,1370.0,,,HEL1OS,100%,,
E4,HEL1OS input coverage 100%,in_flare,flare in progress,0,>=C1.0 (GOES-18 XRS flare list),test,100518,7999,170,0.361,TN,86887.0,,,HEL1OS,100%,,
E4,HEL1OS input coverage 100%,in_flare,flare in progress,0,>=C1.0 (GOES-18 XRS flare list),test,100518,7999,170,0.361,Brier_raw,0.059065,,,HEL1OS,100%,,
E4,HEL1OS input coverage 100%,in_flare,flare in progress,0,>=C1.0 (GOES-18 XRS flare list),test,100518,7999,170,0.361,BSS_raw,0.193596,,,HEL1OS,100%,,
E4,HEL1OS input coverage 100%,in_flare,flare in progress,0,>=C1.0 (GOES-18 XRS flare list),test,100518,7999,170,0.361,Brier_calibrated,0.028856,,,HEL1OS,100%,,
E4,HEL1OS input coverage 100%,in_flare,flare in progress,0,>=C1.0 (GOES-18 XRS flare list),test,100518,7999,170,0.361,BSS_calibrated,0.606034,0.5783,0.6327,HEL1OS,100%,,
E4,HEL1OS input coverage 100%,flare_within_15min,flare starts or is in progress within the horizon,15,>=C1.0 (GOES-18 XRS flare list),test,100518,13616,170,0.418,ROC_AUC,0.824184,0.811,0.8366,HEL1OS,100%,,
E4,HEL1OS input coverage 100%,flare_within_15min,flare starts or is in progress within the horizon,15,>=C1.0 (GOES-18 XRS flare list),test,100518,13616,170,0.418,TSS,0.481046,0.4587,0.501,HEL1OS,100%,,
E4,HEL1OS input coverage 100%,flare_within_15min,flare starts or is in progress within the horizon,15,>=C1.0 (GOES-18 XRS flare list),test,100518,13616,170,0.418,POD_recall,0.548766,,,HEL1OS,100%,,
E4,HEL1OS input coverage 100%,flare_within_15min,flare starts or is in progress within the horizon,15,>=C1.0 (GOES-18 XRS flare list),test,100518,13616,170,0.418,precision,0.559407,,,HEL1OS,100%,,
E4,HEL1OS input coverage 100%,flare_within_15min,flare starts or is in progress within the horizon,15,>=C1.0 (GOES-18 XRS flare list),test,100518,13616,170,0.418,F1,0.554036,,,HEL1OS,100%,,
E4,HEL1OS input coverage 100%,flare_within_15min,flare starts or is in progress within the horizon,15,>=C1.0 (GOES-18 XRS flare list),test,100518,13616,170,0.418,false_alarm_ratio,0.440593,,,HEL1OS,100%,,
E4,HEL1OS input coverage 100%,flare_within_15min,flare starts or is in progress within the horizon,15,>=C1.0 (GOES-18 XRS flare list),test,100518,13616,170,0.418,false_positive_rate,0.06772,,,HEL1OS,100%,,
E4,HEL1OS input coverage 100%,flare_within_15min,flare starts or is in progress within the horizon,15,>=C1.0 (GOES-18 XRS flare list),test,100518,13616,170,0.418,HSS,0.484936,,,HEL1OS,100%,,
E4,HEL1OS input coverage 100%,flare_within_15min,flare starts or is in progress within the horizon,15,>=C1.0 (GOES-18 XRS flare list),test,100518,13616,170,0.418,frequency_bias,0.980978,,,HEL1OS,100%,,
E4,HEL1OS input coverage 100%,flare_within_15min,flare starts or is in progress within the horizon,15,>=C1.0 (GOES-18 XRS flare list),test,100518,13616,170,0.418,accuracy,0.88033,,,HEL1OS,100%,,
E4,HEL1OS input coverage 100%,flare_within_15min,flare starts or is in progress within the horizon,15,>=C1.0 (GOES-18 XRS flare list),test,100518,13616,170,0.418,TP,7472.0,,,HEL1OS,100%,,
E4,HEL1OS input coverage 100%,flare_within_15min,flare starts or is in progress within the horizon,15,>=C1.0 (GOES-18 XRS flare list),test,100518,13616,170,0.418,FP,5885.0,,,HEL1OS,100%,,
E4,HEL1OS input coverage 100%,flare_within_15min,flare starts or is in progress within the horizon,15,>=C1.0 (GOES-18 XRS flare list),test,100518,13616,170,0.418,FN,6144.0,,,HEL1OS,100%,,
E4,HEL1OS input coverage 100%,flare_within_15min,flare starts or is in progress within the horizon,15,>=C1.0 (GOES-18 XRS flare list),test,100518,13616,170,0.418,TN,81017.0,,,HEL1OS,100%,,
E4,HEL1OS input coverage 100%,flare_within_15min,flare starts or is in progress within the horizon,15,>=C1.0 (GOES-18 XRS flare list),test,100518,13616,170,0.418,Brier_raw,0.123938,,,HEL1OS,100%,,
E4,HEL1OS input coverage 100%,flare_within_15min,flare starts or is in progress within the horizon,15,>=C1.0 (GOES-18 XRS flare list),test,100518,13616,170,0.418,BSS_raw,-0.058308,,,HEL1OS,100%,,
E4,HEL1OS input coverage 100%,flare_within_15min,flare starts or is in progress within the horizon,15,>=C1.0 (GOES-18 XRS flare list),test,100518,13616,170,0.418,Brier_calibrated,0.075356,,,HEL1OS,100%,,
E4,HEL1OS input coverage 100%,flare_within_15min,flare starts or is in progress within the horizon,15,>=C1.0 (GOES-18 XRS flare list),test,100518,13616,170,0.418,BSS_calibrated,0.356531,0.3373,0.3746,HEL1OS,100%,,
E4,HEL1OS input coverage 100%,flare_within_30min,flare starts or is in progress within the horizon,30,>=C1.0 (GOES-18 XRS flare list),test,100518,18613,170,0.456,ROC_AUC,0.776398,0.7576,0.7937,HEL1OS,100%,,
E4,HEL1OS input coverage 100%,flare_within_30min,flare starts or is in progress within the horizon,30,>=C1.0 (GOES-18 XRS flare list),test,100518,18613,170,0.456,TSS,0.389236,0.3598,0.4132,HEL1OS,100%,,
E4,HEL1OS input coverage 100%,flare_within_30min,flare starts or is in progress within the horizon,30,>=C1.0 (GOES-18 XRS flare list),test,100518,18613,170,0.456,POD_recall,0.483211,,,HEL1OS,100%,,
E4,HEL1OS input coverage 100%,flare_within_30min,flare starts or is in progress within the horizon,30,>=C1.0 (GOES-18 XRS flare list),test,100518,18613,170,0.456,precision,0.538853,,,HEL1OS,100%,,
E4,HEL1OS input coverage 100%,flare_within_30min,flare starts or is in progress within the horizon,30,>=C1.0 (GOES-18 XRS flare list),test,100518,18613,170,0.456,F1,0.509517,,,HEL1OS,100%,,
E4,HEL1OS input coverage 100%,flare_within_30min,flare starts or is in progress within the horizon,30,>=C1.0 (GOES-18 XRS flare list),test,100518,18613,170,0.456,false_alarm_ratio,0.461147,,,HEL1OS,100%,,
E4,HEL1OS input coverage 100%,flare_within_30min,flare starts or is in progress within the horizon,30,>=C1.0 (GOES-18 XRS flare list),test,100518,18613,170,0.456,false_positive_rate,0.093975,,,HEL1OS,100%,,
E4,HEL1OS input coverage 100%,flare_within_30min,flare starts or is in progress within the horizon,30,>=C1.0 (GOES-18 XRS flare list),test,100518,18613,170,0.456,HSS,0.405411,,,HEL1OS,100%,,
E4,HEL1OS input coverage 100%,flare_within_30min,flare starts or is in progress within the horizon,30,>=C1.0 (GOES-18 XRS flare list),test,100518,18613,170,0.456,frequency_bias,0.896739,,,HEL1OS,100%,,
E4,HEL1OS input coverage 100%,flare_within_30min,flare starts or is in progress within the horizon,30,>=C1.0 (GOES-18 XRS flare list),test,100518,18613,170,0.456,accuracy,0.827732,,,HEL1OS,100%,,
E4,HEL1OS input coverage 100%,flare_within_30min,flare starts or is in progress within the horizon,30,>=C1.0 (GOES-18 XRS flare list),test,100518,18613,170,0.456,TP,8994.0,,,HEL1OS,100%,,
E4,HEL1OS input coverage 100%,flare_within_30min,flare starts or is in progress within the horizon,30,>=C1.0 (GOES-18 XRS flare list),test,100518,18613,170,0.456,FP,7697.0,,,HEL1OS,100%,,
E4,HEL1OS input coverage 100%,flare_within_30min,flare starts or is in progress within the horizon,30,>=C1.0 (GOES-18 XRS flare list),test,100518,18613,170,0.456,FN,9619.0,,,HEL1OS,100%,,
E4,HEL1OS input coverage 100%,flare_within_30min,flare starts or is in progress within the horizon,30,>=C1.0 (GOES-18 XRS flare list),test,100518,18613,170,0.456,TN,74208.0,,,HEL1OS,100%,,
E4,HEL1OS input coverage 100%,flare_within_30min,flare starts or is in progress within the horizon,30,>=C1.0 (GOES-18 XRS flare list),test,100518,18613,170,0.456,Brier_raw,0.159708,,,HEL1OS,100%,,
E4,HEL1OS input coverage 100%,flare_within_30min,flare starts or is in progress within the horizon,30,>=C1.0 (GOES-18 XRS flare list),test,100518,18613,170,0.456,BSS_raw,-0.058493,,,HEL1OS,100%,,
E4,HEL1OS input coverage 100%,flare_within_30min,flare starts or is in progress within the horizon,30,>=C1.0 (GOES-18 XRS flare list),test,100518,18613,170,0.456,Brier_calibrated,0.110826,,,HEL1OS,100%,,
E4,HEL1OS input coverage 100%,flare_within_30min,flare starts or is in progress within the horizon,30,>=C1.0 (GOES-18 XRS flare list),test,100518,18613,170,0.456,BSS_calibrated,0.265481,0.2469,0.2821,HEL1OS,100%,,
E4,HEL1OS input coverage 100%,flare_within_60min,flare starts or is in progress within the horizon,60,>=C1.0 (GOES-18 XRS flare list),test,100518,27039,170,0.527,ROC_AUC,0.735856,0.7103,0.7592,HEL1OS,100%,,
E4,HEL1OS input coverage 100%,flare_within_60min,flare starts or is in progress within the horizon,60,>=C1.0 (GOES-18 XRS flare list),test,100518,27039,170,0.527,TSS,0.313833,0.2815,0.3457,HEL1OS,100%,,
E4,HEL1OS input coverage 100%,flare_within_60min,flare starts or is in progress within the horizon,60,>=C1.0 (GOES-18 XRS flare list),test,100518,27039,170,0.527,POD_recall,0.42313,,,HEL1OS,100%,,
E4,HEL1OS input coverage 100%,flare_within_60min,flare starts or is in progress within the horizon,60,>=C1.0 (GOES-18 XRS flare list),test,100518,27039,170,0.527,precision,0.587562,,,HEL1OS,100%,,
E4,HEL1OS input coverage 100%,flare_within_60min,flare starts or is in progress within the horizon,60,>=C1.0 (GOES-18 XRS flare list),test,100518,27039,170,0.527,F1,0.49197,,,HEL1OS,100%,,
E4,HEL1OS input coverage 100%,flare_within_60min,flare starts or is in progress within the horizon,60,>=C1.0 (GOES-18 XRS flare list),test,100518,27039,170,0.527,false_alarm_ratio,0.412438,,,HEL1OS,100%,,
E4,HEL1OS input coverage 100%,flare_within_60min,flare starts or is in progress within the horizon,60,>=C1.0 (GOES-18 XRS flare list),test,100518,27039,170,0.527,false_positive_rate,0.109297,,,HEL1OS,100%,,
E4,HEL1OS input coverage 100%,flare_within_60min,flare starts or is in progress within the horizon,60,>=C1.0 (GOES-18 XRS flare list),test,100518,27039,170,0.527,HSS,0.34428,,,HEL1OS,100%,,
E4,HEL1OS input coverage 100%,flare_within_60min,flare starts or is in progress within the horizon,60,>=C1.0 (GOES-18 XRS flare list),test,100518,27039,170,0.527,frequency_bias,0.720145,,,HEL1OS,100%,,
E4,HEL1OS input coverage 100%,flare_within_60min,flare starts or is in progress within the horizon,60,>=C1.0 (GOES-18 XRS flare list),test,100518,27039,170,0.527,accuracy,0.764928,,,HEL1OS,100%,,
E4,HEL1OS input coverage 100%,flare_within_60min,flare starts or is in progress within the horizon,60,>=C1.0 (GOES-18 XRS flare list),test,100518,27039,170,0.527,TP,11441.0,,,HEL1OS,100%,,
E4,HEL1OS input coverage 100%,flare_within_60min,flare starts or is in progress within the horizon,60,>=C1.0 (GOES-18 XRS flare list),test,100518,27039,170,0.527,FP,8031.0,,,HEL1OS,100%,,
E4,HEL1OS input coverage 100%,flare_within_60min,flare starts or is in progress within the horizon,60,>=C1.0 (GOES-18 XRS flare list),test,100518,27039,170,0.527,FN,15598.0,,,HEL1OS,100%,,
E4,HEL1OS input coverage 100%,flare_within_60min,flare starts or is in progress within the horizon,60,>=C1.0 (GOES-18 XRS flare list),test,100518,27039,170,0.527,TN,65448.0,,,HEL1OS,100%,,
E4,HEL1OS input coverage 100%,flare_within_60min,flare starts or is in progress within the horizon,60,>=C1.0 (GOES-18 XRS flare list),test,100518,27039,170,0.527,Brier_raw,0.201685,,,HEL1OS,100%,,
E4,HEL1OS input coverage 100%,flare_within_60min,flare starts or is in progress within the horizon,60,>=C1.0 (GOES-18 XRS flare list),test,100518,27039,170,0.527,BSS_raw,-0.025667,,,HEL1OS,100%,,
E4,HEL1OS input coverage 100%,flare_within_60min,flare starts or is in progress within the horizon,60,>=C1.0 (GOES-18 XRS flare list),test,100518,27039,170,0.527,Brier_calibrated,0.159797,,,HEL1OS,100%,,
E4,HEL1OS input coverage 100%,flare_within_60min,flare starts or is in progress within the horizon,60,>=C1.0 (GOES-18 XRS flare list),test,100518,27039,170,0.527,BSS_calibrated,0.187352,0.1654,0.2063,HEL1OS,100%,,
E4,HEL1OS input coverage 100%,,,0,,test,100518,,170,,MAE,0.075418,0.0607,0.0931,HEL1OS,100%,model (median),"dex (log10 W m^-2, GOES-18 XRS-B)"
E4,HEL1OS input coverage 100%,,,0,,test,100518,,170,,RMSE,0.142389,,,HEL1OS,100%,model (median),"dex (log10 W m^-2, GOES-18 XRS-B)"
E4,HEL1OS input coverage 100%,,,0,,test,100518,,170,,bias,0.03381,,,HEL1OS,100%,model (median),"dex (log10 W m^-2, GOES-18 XRS-B)"
E4,HEL1OS input coverage 100%,,,0,,test,100518,,170,,correlation,0.904196,,,HEL1OS,100%,model (median),"dex (log10 W m^-2, GOES-18 XRS-B)"
E4,HEL1OS input coverage 100%,,,1,,test,100479,,170,,MAE,0.075046,0.0607,0.0923,HEL1OS,100%,model (median),"dex (log10 W m^-2, GOES-18 XRS-B)"
E4,HEL1OS input coverage 100%,,,1,,test,100479,,170,,RMSE,0.140328,,,HEL1OS,100%,model (median),"dex (log10 W m^-2, GOES-18 XRS-B)"
E4,HEL1OS input coverage 100%,,,1,,test,100479,,170,,bias,0.036058,,,HEL1OS,100%,model (median),"dex (log10 W m^-2, GOES-18 XRS-B)"
E4,HEL1OS input coverage 100%,,,1,,test,100479,,170,,correlation,0.907836,,,HEL1OS,100%,model (median),"dex (log10 W m^-2, GOES-18 XRS-B)"
E4,HEL1OS input coverage 100%,,,5,,test,100389,,170,,MAE,0.084257,0.0704,0.1011,HEL1OS,100%,model (median),"dex (log10 W m^-2, GOES-18 XRS-B)"
E4,HEL1OS input coverage 100%,,,5,,test,100389,,170,,RMSE,0.152105,,,HEL1OS,100%,model (median),"dex (log10 W m^-2, GOES-18 XRS-B)"
E4,HEL1OS input coverage 100%,,,5,,test,100389,,170,,bias,0.031935,,,HEL1OS,100%,model (median),"dex (log10 W m^-2, GOES-18 XRS-B)"
E4,HEL1OS input coverage 100%,,,5,,test,100389,,170,,correlation,0.888063,,,HEL1OS,100%,model (median),"dex (log10 W m^-2, GOES-18 XRS-B)"
E4,HEL1OS input coverage 100%,,,15,,test,100196,,170,,MAE,0.102685,0.0892,0.1191,HEL1OS,100%,model (median),"dex (log10 W m^-2, GOES-18 XRS-B)"
E4,HEL1OS input coverage 100%,,,15,,test,100196,,170,,RMSE,0.178901,,,HEL1OS,100%,model (median),"dex (log10 W m^-2, GOES-18 XRS-B)"
E4,HEL1OS input coverage 100%,,,15,,test,100196,,170,,bias,0.019576,,,HEL1OS,100%,model (median),"dex (log10 W m^-2, GOES-18 XRS-B)"
E4,HEL1OS input coverage 100%,,,15,,test,100196,,170,,correlation,0.835693,,,HEL1OS,100%,model (median),"dex (log10 W m^-2, GOES-18 XRS-B)"
E4,HEL1OS input coverage 100%,,,30,,test,99906,,170,,MAE,0.118575,0.1047,0.1352,HEL1OS,100%,model (median),"dex (log10 W m^-2, GOES-18 XRS-B)"
E4,HEL1OS input coverage 100%,,,30,,test,99906,,170,,RMSE,0.199392,,,HEL1OS,100%,model (median),"dex (log10 W m^-2, GOES-18 XRS-B)"
E4,HEL1OS input coverage 100%,,,30,,test,99906,,170,,bias,0.011201,,,HEL1OS,100%,model (median),"dex (log10 W m^-2, GOES-18 XRS-B)"
E4,HEL1OS input coverage 100%,,,30,,test,99906,,170,,correlation,0.789153,,,HEL1OS,100%,model (median),"dex (log10 W m^-2, GOES-18 XRS-B)"
E4,HEL1OS input coverage 100%,,,60,,test,99396,,170,,MAE,0.133638,0.1195,0.1498,HEL1OS,100%,model (median),"dex (log10 W m^-2, GOES-18 XRS-B)"
E4,HEL1OS input coverage 100%,,,60,,test,99396,,170,,RMSE,0.215875,,,HEL1OS,100%,model (median),"dex (log10 W m^-2, GOES-18 XRS-B)"
E4,HEL1OS input coverage 100%,,,60,,test,99396,,170,,bias,0.002511,,,HEL1OS,100%,model (median),"dex (log10 W m^-2, GOES-18 XRS-B)"
E4,HEL1OS input coverage 100%,,,60,,test,99396,,170,,correlation,0.748113,,,HEL1OS,100%,model (median),"dex (log10 W m^-2, GOES-18 XRS-B)"
