goes_flare_id,goes_class,class_letter,log10_goes_peak_flux,start_utc,peak_utc,window_start_utc,lead_in_min,isolated,common_coverage,L_E1_15min,censored_E1_15min,L_E4_15min,censored_E4_15min,L_E4noHXR_15min,censored_E4noHXR_15min,dL_15min,dL_placebo_15min,dL_fpr0.05_15min,censored_fpr0.05_15min,dL_fpr0.10_15min,censored_fpr0.10_15min,dL_fpr0.15_15min,censored_fpr0.15_15min,dL_fpr0.20_15min,censored_fpr0.20_15min,L_E1_30min,censored_E1_30min,L_E4_30min,censored_E4_30min,L_E4noHXR_30min,censored_E4noHXR_30min,dL_30min,dL_placebo_30min,dL_fpr0.05_30min,censored_fpr0.05_30min,dL_fpr0.10_30min,censored_fpr0.10_30min,dL_fpr0.15_30min,censored_fpr0.15_30min,dL_fpr0.20_30min,censored_fpr0.20_30min,L_E1_60min,censored_E1_60min,L_E4_60min,censored_E4_60min,L_E4noHXR_60min,censored_E4noHXR_60min,dL_60min,dL_placebo_60min,dL_fpr0.05_60min,censored_fpr0.05_60min,dL_fpr0.10_60min,censored_fpr0.10_60min,dL_fpr0.15_60min,censored_fpr0.15_60min,dL_fpr0.20_60min,censored_fpr0.20_60min,n_confidence_origins,dC_60min,exclusion,primary_sample
202603302040,C2.1,C,-5.677781,2026-03-30 20:40:00,2026-03-30 20:47:00,2026-03-30 19:40:00,60.0,True,0.970588,51.333333,False,63.333333,False,55.333333,False,12.0,4.0,50.0,False,12.0,False,10.0,True,0.0,True,59.333333,False,65.333333,True,65.333333,True,6.0,6.0,12.0,False,10.0,True,0.0,True,0.0,True,65.333333,True,65.333333,True,65.333333,True,0.0,0.0,6.0,True,0.0,True,0.0,True,0.0,True,15,0.038984,alert already on (left-censored),False
202603302358,C1.5,C,-5.823909,2026-03-30 23:58:00,2026-03-31 00:06:00,2026-03-30 22:58:00,60.0,True,0.942857,46.333333,False,50.333333,False,46.333333,False,4.0,0.0,0.0,False,0.0,False,4.0,False,0.0,True,60.333333,False,64.333333,False,66.333333,True,4.0,6.0,0.0,False,4.0,False,0.0,True,0.0,True,66.333333,True,66.333333,True,66.333333,True,0.0,0.0,4.0,False,0.0,True,0.0,True,0.0,True,15,0.041699,alert already on (left-censored),False
202603310055,C1.5,C,-5.823909,2026-03-31 00:55:00,2026-03-31 01:01:00,2026-03-31 00:14:00,41.0,False,0.958333,45.333333,True,27.333333,False,3.333333,False,-18.0,-42.0,-42.0,True,-18.0,True,0.0,True,0.0,True,45.333333,True,27.333333,False,3.333333,False,-18.0,-42.0,-42.0,True,-18.0,True,-18.0,True,0.0,True,3.333333,False,27.333333,False,3.333333,False,24.0,0.0,3.333333,False,0.0,False,-18.0,True,0.0,True,15,-0.035766,,True
202603311027,C1.0,C,-6.0,2026-03-31 10:27:00,2026-03-31 10:34:00,2026-03-31 09:27:00,60.0,True,1.0,2.333333,False,4.333333,False,2.333333,False,2.0,0.0,2.0,False,2.0,False,-6.0,False,-54.0,False,10.333333,False,4.333333,False,2.333333,False,-6.0,-8.0,0.0,False,2.0,False,-6.0,False,-54.0,False,2.333333,False,4.333333,False,2.333333,False,2.0,0.0,0.0,False,2.0,False,-6.0,False,6.0,True,15,-0.041758,,True
202603312116,C1.1,C,-5.958607,2026-03-31 21:16:00,2026-03-31 21:23:00,2026-03-31 20:16:00,60.0,True,0.970588,5.333333,False,57.333333,False,1.333333,False,52.0,-4.0,56.0,False,52.0,False,52.0,False,50.0,True,5.333333,False,57.333333,False,5.333333,False,52.0,0.0,56.0,False,52.0,False,60.0,True,50.0,True,5.333333,False,65.333333,True,1.333333,False,60.0,-4.0,56.0,False,52.0,False,54.0,True,50.0,True,15,-0.036066,alert already on (left-censored),False
202604010638,C1.2,C,-5.920819,2026-04-01 06:38:00,2026-04-01 06:51:00,2026-04-01 05:38:00,60.0,True,0.972973,9.333333,False,9.333333,False,9.333333,False,0.0,0.0,0.0,False,0.0,False,-2.0,False,8.0,False,9.333333,False,9.333333,False,9.333333,False,0.0,0.0,0.0,False,0.0,False,-2.0,False,8.0,False,9.333333,False,9.333333,False,9.333333,False,0.0,0.0,0.0,False,0.0,False,2.0,False,26.0,False,15,-0.036196,,True
202604011049,C1.3,C,-5.886057,2026-04-01 10:49:00,2026-04-01 11:05:00,2026-04-01 09:49:00,60.0,True,0.974359,11.333333,False,11.333333,False,9.333333,False,0.0,-2.0,2.0,False,0.0,False,-2.0,False,-2.0,False,11.333333,False,11.333333,False,11.333333,False,0.0,0.0,2.0,False,0.0,False,-2.0,False,-2.0,False,9.333333,False,11.333333,False,11.333333,False,2.0,2.0,2.0,False,2.0,False,0.0,False,-2.0,False,15,-0.053441,,True
202604011337,C5.3,C,-5.275724,2026-04-01 13:37:00,2026-04-01 13:48:00,2026-04-01 12:37:00,60.0,True,1.0,22.333333,False,6.333333,False,22.333333,False,-16.0,0.0,0.0,False,40.0,False,40.0,False,40.0,False,22.333333,False,6.333333,False,22.333333,False,-16.0,0.0,0.0,False,-16.0,False,0.0,False,40.0,False,22.333333,False,22.333333,False,22.333333,False,0.0,0.0,0.0,False,-16.0,False,0.0,False,0.0,False,15,-0.037921,,True
202604011738,C1.5,C,-5.823909,2026-04-01 17:38:00,2026-04-01 17:45:00,2026-04-01 16:38:00,60.0,True,0.970588,27.333333,False,27.333333,False,27.333333,False,0.0,0.0,0.0,False,0.0,False,-4.0,False,-4.0,False,27.333333,False,27.333333,False,27.333333,False,0.0,0.0,0.0,False,0.0,False,-4.0,False,-4.0,False,27.333333,False,27.333333,False,27.333333,False,0.0,0.0,0.0,False,0.0,False,0.0,False,-4.0,False,15,-0.081495,,True
202604011947,C8.1,C,-5.091515,2026-04-01 19:47:00,2026-04-01 19:58:00,2026-04-01 18:47:00,60.0,True,1.0,6.333333,False,6.333333,False,6.333333,False,0.0,0.0,0.0,False,0.0,False,-8.0,False,-6.0,False,6.333333,False,6.333333,False,6.333333,False,0.0,0.0,0.0,False,0.0,False,2.0,False,-2.0,False,6.333333,False,12.333333,False,8.333333,False,6.0,2.0,0.0,False,2.0,False,4.0,False,2.0,False,15,-0.014363,,True
202604012054,C1.4,C,-5.853872,2026-04-01 20:54:00,2026-04-01 21:02:00,2026-04-01 20:10:00,44.0,False,0.962963,50.333333,True,50.333333,True,50.333333,True,0.0,0.0,0.0,True,0.0,True,0.0,True,0.0,True,50.333333,True,50.333333,True,50.333333,True,0.0,0.0,0.0,True,0.0,True,0.0,True,0.0,True,50.333333,True,50.333333,True,50.333333,True,0.0,0.0,0.0,True,0.0,True,0.0,True,0.0,True,15,-0.016209,alert already on (left-censored),False
202604012134,C4.8,C,-5.318759,2026-04-01 21:34:00,2026-04-01 21:51:00,2026-04-01 21:14:00,20.0,False,0.947368,35.333333,True,35.333333,True,35.333333,True,0.0,0.0,0.0,True,0.0,True,0.0,True,0.0,True,35.333333,True,35.333333,True,35.333333,True,0.0,0.0,0.0,True,0.0,True,0.0,True,0.0,True,35.333333,True,35.333333,True,35.333333,True,0.0,0.0,0.0,False,0.0,True,0.0,True,0.0,True,10,-0.040175,alert already on (left-censored),False
202604012241,C5.2,C,-5.283997,2026-04-01 22:41:00,2026-04-01 23:00:00,2026-04-01 21:59:00,42.0,False,1.0,30.333333,False,30.333333,False,18.333333,False,0.0,-12.0,0.0,False,0.0,False,-20.0,True,-20.0,True,18.333333,False,18.333333,False,18.333333,False,0.0,0.0,0.0,False,0.0,False,0.0,False,10.0,False,14.333333,False,18.333333,False,18.333333,False,4.0,4.0,6.0,False,4.0,False,4.0,False,12.0,False,15,-0.074077,,True
202604012308,C6.1,C,-5.21467,2026-04-01 23:08:00,2026-04-01 23:28:00,2026-04-01 23:08:00,0.0,False,0.909091,18.333333,True,18.333333,True,18.333333,True,0.0,0.0,0.0,True,0.0,True,0.0,True,0.0,True,18.333333,True,18.333333,True,18.333333,True,0.0,0.0,0.0,True,0.0,True,0.0,True,0.0,True,18.333333,True,18.333333,True,18.333333,True,0.0,0.0,0.0,True,0.0,True,0.0,True,0.0,True,0,,lead-in under 10 min,False
202604020707,C1.4,C,-5.853872,2026-04-02 07:07:00,2026-04-02 07:13:00,2026-04-02 06:07:00,60.0,True,0.970588,57.333333,False,57.333333,False,17.333333,False,0.0,-40.0,-40.0,False,0.0,False,0.0,False,0.0,True,57.333333,False,57.333333,False,41.333333,False,0.0,-16.0,-40.0,False,0.0,False,-6.0,False,0.0,True,63.333333,False,57.333333,False,57.333333,False,-6.0,-6.0,-40.0,False,-6.0,False,0.0,True,0.0,True,15,-0.053612,,True
202604020726,C1.3,C,-5.886057,2026-04-02 07:26:00,2026-04-02 07:30:00,2026-04-02 07:25:00,1.0,False,1.0,4.333333,True,4.333333,True,4.333333,True,0.0,0.0,0.0,True,0.0,True,0.0,True,0.0,True,4.333333,True,4.333333,True,4.333333,True,0.0,0.0,0.0,True,0.0,True,0.0,True,0.0,True,4.333333,True,4.333333,True,4.333333,True,0.0,0.0,0.0,True,0.0,True,0.0,True,0.0,True,1,,lead-in under 10 min,False
202604021223,C1.3,C,-5.886057,2026-04-02 12:23:00,2026-04-02 12:30:00,2026-04-02 11:23:00,60.0,True,0.970588,48.333333,False,48.333333,False,48.333333,False,0.0,0.0,0.0,False,0.0,False,0.0,False,0.0,False,60.333333,False,60.333333,False,60.333333,False,0.0,0.0,-10.0,False,10.0,False,0.0,False,0.0,False,60.333333,False,60.333333,False,60.333333,False,0.0,0.0,-10.0,False,0.0,False,0.0,False,0.0,False,14,-0.072344,,True
202604021447,C3.7,C,-5.431798,2026-04-02 14:47:00,2026-04-02 15:02:00,2026-04-02 13:47:00,60.0,True,1.0,72.333333,False,74.333333,True,72.333333,False,2.0,0.0,4.0,False,2.0,True,2.0,True,0.0,True,72.333333,False,74.333333,True,72.333333,False,2.0,0.0,0.0,False,2.0,True,2.0,True,0.0,True,66.333333,False,74.333333,True,72.333333,False,8.0,6.0,56.0,False,8.0,True,8.0,True,0.0,True,15,0.077438,alert already on (left-censored),False
202604021658,C1.9,C,-5.721246,2026-04-02 16:58:00,2026-04-02 17:09:00,2026-04-02 15:58:00,60.0,True,0.972222,23.333333,False,69.333333,True,23.333333,False,46.0,0.0,0.0,False,2.0,True,2.0,True,2.0,True,67.333333,False,69.333333,True,59.333333,False,2.0,-8.0,0.0,False,24.0,True,2.0,True,2.0,True,65.333333,False,63.333333,False,67.333333,False,-2.0,2.0,0.0,False,-4.0,False,4.0,True,2.0,True,15,0.048513,,True
202604021724,M3.5,M,-4.455932,2026-04-02 17:24:00,2026-04-02 18:15:00,2026-04-02 17:24:00,0.0,False,0.961538,49.333333,True,49.333333,True,49.333333,True,0.0,0.0,0.0,True,0.0,True,0.0,True,0.0,True,49.333333,True,49.333333,True,49.333333,True,0.0,0.0,0.0,True,0.0,True,0.0,True,0.0,True,49.333333,True,49.333333,True,49.333333,True,0.0,0.0,0.0,True,0.0,True,0.0,True,0.0,True,0,,lead-in under 10 min,False
202604022121,C1.2,C,-5.920819,2026-04-02 21:21:00,2026-04-02 21:28:00,2026-04-02 20:21:00,60.0,True,1.0,44.333333,False,2.333333,False,2.333333,False,-42.0,-42.0,0.0,False,-42.0,False,-42.0,False,-16.0,False,44.333333,False,2.333333,False,2.333333,False,-42.0,-42.0,0.0,False,-42.0,False,-42.0,False,-14.0,False,22.333333,False,2.333333,False,2.333333,False,-20.0,-20.0,-8.0,False,-14.0,False,-40.0,False,-8.0,False,15,-0.071612,,True
202604022246,C1.9,C,-5.721246,2026-04-02 22:46:00,2026-04-02 22:55:00,2026-04-02 21:46:00,60.0,True,0.971429,61.333333,False,61.333333,False,61.333333,False,0.0,0.0,-42.0,False,0.0,False,0.0,False,0.0,False,61.333333,False,61.333333,False,61.333333,False,0.0,0.0,-42.0,False,0.0,False,0.0,False,0.0,False,61.333333,False,61.333333,False,61.333333,False,0.0,0.0,-58.0,False,0.0,False,6.0,True,6.0,True,15,-0.032399,,True
202604022308,C1.6,C,-5.79588,2026-04-02 23:08:00,2026-04-02 23:15:00,2026-04-02 23:08:00,0.0,False,0.75,5.333333,True,5.333333,True,5.333333,True,0.0,0.0,0.0,True,0.0,True,0.0,True,0.0,True,5.333333,True,5.333333,True,5.333333,True,0.0,0.0,0.0,True,0.0,True,0.0,True,0.0,True,5.333333,True,5.333333,True,5.333333,True,0.0,0.0,0.0,True,0.0,True,0.0,True,0.0,True,0,,lead-in under 10 min,False
202604022353,C1.5,C,-5.823909,2026-04-02 23:53:00,2026-04-02 23:58:00,2026-04-02 23:20:00,33.0,False,0.95,36.333333,True,36.333333,True,36.333333,True,0.0,0.0,0.0,True,0.0,True,0.0,True,0.0,True,36.333333,True,36.333333,True,36.333333,True,0.0,0.0,0.0,True,0.0,True,0.0,True,0.0,True,36.333333,True,36.333333,True,36.333333,True,0.0,0.0,-36.0,True,0.0,True,0.0,True,0.0,True,15,-0.062724,alert already on (left-censored),False
202604030049,C2.4,C,-5.619789,2026-04-03 00:49:00,2026-04-03 00:55:00,2026-04-03 00:04:00,45.0,False,0.961538,49.333333,True,11.333333,False,11.333333,False,-38.0,-38.0,0.0,False,-38.0,True,-16.0,True,-16.0,True,11.333333,False,11.333333,False,11.333333,False,0.0,0.0,0.0,False,0.0,False,-16.0,True,-16.0,True,11.333333,False,11.333333,False,11.333333,False,0.0,0.0,0.0,False,0.0,False,0.0,False,22.0,False,15,0.00237,,True
202604030059,C7.0,C,-5.154902,2026-04-03 00:59:00,2026-04-03 01:07:00,2026-04-03 00:59:00,0.0,False,0.8,7.333333,True,7.333333,True,7.333333,True,0.0,0.0,0.0,True,0.0,True,0.0,True,0.0,True,7.333333,True,7.333333,True,7.333333,True,0.0,0.0,0.0,True,0.0,True,0.0,True,0.0,True,7.333333,True,7.333333,True,7.333333,True,0.0,0.0,0.0,True,0.0,True,0.0,True,0.0,True,0,,lead-in under 10 min,False
202604030324,C2.2,C,-5.657577,2026-04-03 03:24:00,2026-04-03 03:32:00,2026-04-03 02:24:00,60.0,True,0.971429,54.333333,False,4.333333,False,4.333333,False,-50.0,-50.0,-50.0,False,-50.0,False,-4.0,False,-4.0,False,54.333333,False,4.333333,False,4.333333,False,-50.0,-50.0,0.0,False,-50.0,False,-50.0,False,0.0,False,6.333333,False,4.333333,False,4.333333,False,-2.0,-2.0,0.0,False,-2.0,False,-8.0,False,4.0,False,15,-0.055326,,True
202604030520,C6.0,C,-5.221849,2026-04-03 05:20:00,2026-04-03 05:42:00,2026-04-03 04:20:00,60.0,True,0.97619,16.333333,False,18.333333,False,16.333333,False,2.0,0.0,2.0,False,2.0,False,36.0,False,36.0,False,16.333333,False,18.333333,False,16.333333,False,2.0,0.0,0.0,False,2.0,False,4.0,False,38.0,False,16.333333,False,18.333333,False,16.333333,False,2.0,0.0,0.0,False,2.0,False,8.0,False,14.0,False,15,-0.005274,,True
202604030745,M1.3,M,-4.886057,2026-04-03 07:45:00,2026-04-03 07:56:00,2026-04-03 06:45:00,60.0,True,1.0,8.333333,False,10.333333,False,50.333333,False,2.0,42.0,2.0,False,8.0,False,0.0,False,0.0,False,10.333333,False,10.333333,False,52.333333,False,0.0,42.0,2.0,False,2.0,False,38.0,False,32.0,False,10.333333,False,10.333333,False,10.333333,False,0.0,0.0,2.0,False,0.0,False,2.0,False,12.0,False,15,-0.048518,,True
202604031003,C7.7,C,-5.113509,2026-04-03 10:03:00,2026-04-03 10:17:00,2026-04-03 09:03:00,60.0,True,0.973684,69.333333,False,69.333333,False,69.333333,False,0.0,0.0,0.0,False,0.0,False,4.0,True,0.0,True,69.333333,False,69.333333,False,69.333333,False,0.0,0.0,0.0,False,0.0,False,4.0,True,4.0,True,69.333333,False,69.333333,False,69.333333,False,0.0,0.0,-2.0,False,0.0,False,0.0,False,4.0,True,15,-0.015647,,True
202604031105,C3.3,C,-5.481486,2026-04-03 11:05:00,2026-04-03 11:09:00,2026-04-03 10:23:00,42.0,False,0.958333,45.333333,True,23.333333,False,23.333333,False,-22.0,-22.0,-22.0,True,-22.0,True,-22.0,True,0.0,True,45.333333,True,23.333333,False,23.333333,False,-22.0,-22.0,-44.0,True,-22.0,True,-22.0,True,-22.0,True,45.333333,True,23.333333,False,23.333333,False,-22.0,-22.0,-44.0,True,-22.0,True,-22.0,True,-22.0,True,15,-0.041677,alert already on (left-censored),False
202604031153,C3.4,C,-5.468521,2026-04-03 11:53:00,2026-04-03 12:00:00,2026-04-03 11:14:00,39.0,False,0.958333,38.333333,False,16.333333,False,38.333333,False,-22.0,0.0,-22.0,False,0.0,False,0.0,False,4.0,False,38.333333,False,38.333333,False,38.333333,False,0.0,0.0,-22.0,False,0.0,False,2.0,False,4.0,False,16.333333,False,16.333333,False,38.333333,False,0.0,22.0,0.0,False,0.0,False,0.0,False,2.0,False,15,-0.008431,,True
202604031219,C5.1,C,-5.29243,2026-04-03 12:19:00,2026-04-03 12:28:00,2026-04-03 12:04:00,15.0,False,0.923077,22.333333,True,20.333333,False,18.333333,False,-2.0,-4.0,2.0,False,-2.0,True,-2.0,True,0.0,True,22.333333,True,20.333333,False,20.333333,False,-2.0,-2.0,2.0,False,-2.0,True,-2.0,True,0.0,True,18.333333,False,20.333333,False,20.333333,False,2.0,2.0,-12.0,False,2.0,False,-2.0,True,0.0,True,7,-0.00306,,True
202604031246,M1.3,M,-4.886057,2026-04-03 12:46:00,2026-04-03 12:50:00,2026-04-03 12:34:00,12.0,False,0.888889,14.333333,True,2.333333,False,2.333333,False,-12.0,-12.0,-12.0,True,-12.0,True,-12.0,True,-12.0,True,14.333333,True,2.333333,False,2.333333,False,-12.0,-12.0,-12.0,True,-12.0,True,-12.0,True,-4.0,True,14.333333,True,2.333333,False,2.333333,False,-12.0,-12.0,0.0,False,-12.0,True,-6.0,True,-2.0,True,6,-0.038176,alert already on (left-censored),False
202604031604,C3.4,C,-5.468521,2026-04-03 16:04:00,2026-04-03 16:08:00,2026-04-03 15:04:00,60.0,True,0.969697,58.333333,False,46.333333,False,44.333333,False,-12.0,-14.0,-2.0,False,4.0,True,0.0,True,0.0,True,62.333333,True,62.333333,True,62.333333,True,0.0,0.0,-14.0,False,0.0,True,0.0,True,0.0,True,62.333333,True,62.333333,True,62.333333,True,0.0,0.0,0.0,True,0.0,True,0.0,True,0.0,True,15,-0.120991,alert already on (left-censored),False
202604031731,C1.7,C,-5.769551,2026-04-03 17:31:00,2026-04-03 17:36:00,2026-04-03 16:31:00,60.0,True,1.0,0.333333,False,62.333333,False,0.333333,False,62.0,0.0,0.0,False,62.0,False,62.0,False,0.0,False,0.333333,False,62.333333,False,0.333333,False,62.0,0.0,0.0,False,62.0,False,62.0,False,62.0,False,0.333333,False,62.333333,False,0.333333,False,62.0,0.0,0.0,False,0.0,False,62.0,False,62.0,False,15,0.025567,,True
202604031855,C1.4,C,-5.853872,2026-04-03 18:55:00,2026-04-03 19:00:00,2026-04-03 17:55:00,60.0,True,1.0,2.333333,False,26.333333,False,2.333333,False,24.0,0.0,2.0,False,8.0,False,42.0,False,40.0,True,2.333333,False,2.333333,False,0.333333,False,0.0,-2.0,2.0,False,0.0,False,60.0,False,44.0,True,0.333333,False,2.333333,False,0.333333,False,2.0,0.0,2.0,False,2.0,False,64.0,True,64.0,True,15,-0.026244,,True
202604031906,C2.4,C,-5.619789,2026-04-03 19:06:00,2026-04-03 19:14:00,2026-04-03 19:05:00,1.0,False,1.0,8.333333,True,8.333333,True,8.333333,True,0.0,0.0,0.0,True,0.0,True,0.0,True,0.0,True,8.333333,True,8.333333,True,8.333333,True,0.0,0.0,0.0,True,0.0,True,0.0,True,0.0,True,6.333333,False,8.333333,True,8.333333,True,2.0,2.0,2.0,True,2.0,True,0.0,True,0.0,True,1,,lead-in under 10 min,False
202604031917,C4.9,C,-5.309804,2026-04-03 19:17:00,2026-04-03 19:21:00,2026-04-03 19:17:00,0.0,False,0.666667,3.333333,True,3.333333,True,3.333333,True,0.0,0.0,0.0,True,0.0,True,0.0,True,0.0,True,3.333333,True,3.333333,True,3.333333,True,0.0,0.0,0.0,True,0.0,True,0.0,True,0.0,True,3.333333,True,3.333333,True,3.333333,True,0.0,0.0,0.0,True,0.0,True,0.0,True,0.0,True,0,,lead-in under 10 min,False
202604032006,C2.1,C,-5.677781,2026-04-03 20:06:00,2026-04-03 20:13:00,2026-04-03 19:24:00,42.0,False,0.96,1.333333,False,1.333333,False,1.333333,False,0.0,0.0,0.0,False,26.0,False,26.0,False,26.0,False,1.333333,False,27.333333,False,1.333333,False,26.0,0.0,0.0,False,26.0,False,26.0,False,32.0,False,1.333333,False,27.333333,False,1.333333,False,26.0,0.0,0.0,False,0.0,False,26.0,False,44.0,False,15,-0.012586,,True
202604032125,C2.3,C,-5.638272,2026-04-03 21:25:00,2026-04-03 21:34:00,2026-04-03 20:25:00,60.0,True,1.0,16.333333,False,6.333333,False,4.333333,False,-10.0,-12.0,0.0,False,48.0,False,50.0,False,0.0,False,16.333333,False,6.333333,False,4.333333,False,-10.0,-12.0,0.0,False,2.0,False,50.0,False,50.0,False,4.333333,False,4.333333,False,2.333333,False,0.0,-2.0,2.0,False,2.0,False,60.0,False,62.0,False,15,-0.023835,,True
202604032142,C5.8,C,-5.236572,2026-04-03 21:42:00,2026-04-03 22:02:00,2026-04-03 21:42:00,0.0,False,0.909091,18.333333,True,18.333333,True,18.333333,True,0.0,0.0,0.0,True,0.0,True,0.0,True,0.0,True,18.333333,True,18.333333,True,18.333333,True,0.0,0.0,0.0,True,0.0,True,0.0,True,0.0,True,18.333333,True,18.333333,True,18.333333,True,0.0,0.0,0.0,True,0.0,True,0.0,True,0.0,True,0,,lead-in under 10 min,False
202604032336,C1.7,C,-5.769551,2026-04-03 23:36:00,2026-04-03 23:45:00,2026-04-03 22:36:00,60.0,True,0.971429,3.333333,False,3.333333,False,3.333333,False,0.0,0.0,0.0,False,58.0,False,38.0,False,38.0,False,3.333333,False,3.333333,False,3.333333,False,0.0,0.0,0.0,False,0.0,False,58.0,False,58.0,False,3.333333,False,3.333333,False,3.333333,False,0.0,0.0,0.0,False,0.0,False,0.0,False,58.0,False,15,-0.007622,,True
202604040026,C2.3,C,-5.638272,2026-04-04 00:26:00,2026-04-04 00:41:00,2026-04-03 23:48:00,38.0,False,0.925926,39.333333,False,43.333333,False,51.333333,True,4.0,12.0,34.0,False,0.0,False,8.0,True,8.0,True,9.333333,False,43.333333,False,51.333333,True,34.0,42.0,34.0,False,34.0,False,4.0,False,8.0,True,7.333333,False,43.333333,False,9.333333,False,36.0,2.0,2.0,False,36.0,False,34.0,False,34.0,False,14,-0.009964,,True
202604040107,M7.5,M,-4.124939,2026-04-04 01:07:00,2026-04-04 01:17:00,2026-04-04 00:55:00,12.0,False,0.916667,21.333333,True,21.333333,True,21.333333,True,0.0,0.0,-16.0,True,0.0,True,0.0,True,0.0,True,21.333333,True,21.333333,True,21.333333,True,0.0,0.0,-16.0,True,0.0,True,0.0,True,0.0,True,5.333333,False,5.333333,False,5.333333,False,0.0,0.0,0.0,False,0.0,False,0.0,True,0.0,True,6,-0.00032,,True
202604040251,C1.7,C,-5.769551,2026-04-04 02:51:00,2026-04-04 02:58:00,2026-04-04 01:51:00,60.0,True,1.0,0.333333,False,2.333333,False,0.333333,False,2.0,0.0,2.0,False,2.0,False,2.0,False,2.0,False,0.333333,False,2.333333,False,0.333333,False,2.0,0.0,0.0,False,2.0,False,2.0,False,2.0,False,0.333333,False,0.333333,False,0.333333,False,0.0,0.0,0.0,False,0.0,False,2.0,False,2.0,False,15,-0.064284,,True
202604040316,C2.2,C,-5.657577,2026-04-04 03:16:00,2026-04-04 03:30:00,2026-04-04 03:02:00,14.0,False,0.933333,8.333333,False,8.333333,False,8.333333,False,0.0,0.0,0.0,False,0.0,False,2.0,False,2.0,False,8.333333,False,8.333333,False,8.333333,False,0.0,0.0,0.0,False,0.0,False,0.0,False,2.0,False,8.333333,False,8.333333,False,8.333333,False,0.0,0.0,0.0,False,0.0,False,0.0,False,0.0,False,7,-0.003011,,True
202604040419,C2.5,C,-5.60206,2026-04-04 04:19:00,2026-04-04 04:35:00,2026-04-04 03:41:00,38.0,False,0.964286,53.333333,True,53.333333,True,53.333333,True,0.0,0.0,0.0,True,0.0,True,0.0,True,0.0,True,53.333333,True,53.333333,True,53.333333,True,0.0,0.0,0.0,True,0.0,True,0.0,True,0.0,True,53.333333,True,53.333333,True,53.333333,True,0.0,0.0,-42.0,True,0.0,True,0.0,True,0.0,True,15,-0.028786,alert already on (left-censored),False
202604040549,C1.0,C,-6.0,2026-04-04 05:49:00,2026-04-04 05:54:00,2026-04-04 04:51:00,58.0,False,1.0,62.333333,True,14.333333,False,62.333333,True,-48.0,0.0,-48.0,True,-48.0,True,0.0,True,0.0,True,62.333333,True,14.333333,False,62.333333,True,-48.0,0.0,0.0,False,-48.0,True,-48.0,True,0.0,True,0.333333,False,14.333333,False,14.333333,False,14.0,14.0,14.0,False,14.0,False,14.0,False,0.0,False,15,-0.021184,,True
202604040601,C2.9,C,-5.537602,2026-04-04 06:01:00,2026-04-04 06:14:00,2026-04-04 05:58:00,3.0,False,0.888889,10.333333,False,8.333333,False,10.333333,False,-2.0,0.0,-2.0,False,0.0,False,0.0,False,0.0,False,10.333333,False,8.333333,False,10.333333,False,-2.0,0.0,0.0,False,-2.0,False,0.0,False,0.0,False,6.333333,False,8.333333,False,6.333333,False,2.0,0.0,2.0,False,2.0,False,0.0,False,4.0,True,1,,lead-in under 10 min,False
202604040652,C2.2,C,-5.657577,2026-04-04 06:52:00,2026-04-04 07:01:00,2026-04-04 06:21:00,31.0,False,0.952381,29.333333,False,29.333333,False,29.333333,False,0.0,0.0,0.0,False,0.0,False,0.0,False,-10.0,True,29.333333,False,29.333333,False,29.333333,False,0.0,0.0,2.0,False,0.0,False,0.0,False,0.0,False,27.333333,False,29.333333,False,29.333333,False,2.0,2.0,2.0,False,2.0,False,2.0,False,0.0,False,15,-0.003661,,True
202604040738,M1.7,M,-4.769551,2026-04-04 07:38:00,2026-04-04 07:58:00,2026-04-04 07:11:00,27.0,False,1.0,46.333333,True,46.333333,True,46.333333,True,0.0,0.0,0.0,True,0.0,True,0.0,True,0.0,True,46.333333,True,46.333333,True,46.333333,True,0.0,0.0,30.0,True,0.0,True,0.0,True,0.0,True,16.333333,False,46.333333,True,46.333333,True,30.0,30.0,30.0,True,30.0,True,30.0,True,30.0,True,14,-0.004462,alert already on (left-censored),False
202604041122,C1.2,C,-5.920819,2026-04-04 11:22:00,2026-04-04 11:34:00,2026-04-04 10:22:00,60.0,True,0.972973,32.333333,False,32.333333,False,32.333333,False,0.0,0.0,0.0,False,0.0,False,8.0,False,14.0,False,32.333333,False,32.333333,False,32.333333,False,0.0,0.0,0.0,False,0.0,False,8.0,False,14.0,False,32.333333,False,40.333333,False,32.333333,False,8.0,0.0,26.0,False,0.0,False,8.0,False,-2.0,False,15,0.004643,,True
202604041157,M1.2,M,-4.920819,2026-04-04 11:57:00,2026-04-04 12:11:00,2026-04-04 11:47:00,10.0,False,0.923077,23.333333,True,9.333333,False,9.333333,False,-14.0,-14.0,-14.0,True,-14.0,True,-14.0,True,-14.0,True,23.333333,True,9.333333,False,9.333333,False,-14.0,-14.0,-14.0,True,-14.0,True,-14.0,True,-14.0,True,7.333333,False,9.333333,False,9.333333,False,2.0,2.0,2.0,False,2.0,False,-14.0,True,-14.0,True,5,-0.097217,,True
202604041329,C1.7,C,-5.769551,2026-04-04 13:29:00,2026-04-04 13:39:00,2026-04-04 12:29:00,60.0,True,0.972222,3.333333,False,5.333333,False,3.333333,False,2.0,0.0,2.0,False,2.0,False,2.0,False,2.0,False,3.333333,False,5.333333,False,3.333333,False,2.0,0.0,0.0,False,2.0,False,2.0,False,2.0,False,3.333333,False,3.333333,False,3.333333,False,0.0,0.0,0.0,False,0.0,False,0.0,False,2.0,False,15,-0.04161,,True
202604041500,C1.6,C,-5.79588,2026-04-04 15:00:00,2026-04-04 15:15:00,2026-04-04 14:00:00,60.0,True,0.973684,55.333333,False,9.333333,False,9.333333,False,-46.0,-46.0,0.0,False,-28.0,False,-28.0,False,-28.0,False,9.333333,False,9.333333,False,7.333333,False,0.0,-2.0,0.0,False,0.0,False,-28.0,False,-28.0,False,7.333333,False,7.333333,False,7.333333,False,0.0,0.0,0.0,False,0.0,False,2.0,False,2.0,False,15,-0.088554,,True
202604041618,C1.7,C,-5.769551,2026-04-04 16:18:00,2026-04-04 16:25:00,2026-04-04 15:35:00,43.0,False,0.961538,49.333333,True,23.333333,False,49.333333,True,-26.0,0.0,-30.0,True,-4.0,True,0.0,True,0.0,True,49.333333,True,19.333333,False,49.333333,True,-30.0,0.0,-30.0,True,-30.0,True,-26.0,True,-2.0,True,49.333333,True,19.333333,False,17.333333,False,-30.0,-32.0,16.0,False,-30.0,True,-30.0,True,-30.0,True,15,-0.00935,alert already on (left-censored),False
202604041702,C2.8,C,-5.552842,2026-04-04 17:02:00,2026-04-04 17:15:00,2026-04-04 16:32:00,30.0,False,0.954545,41.333333,True,7.333333,False,7.333333,False,-34.0,-34.0,0.0,False,-32.0,True,-32.0,True,-24.0,True,7.333333,False,7.333333,False,7.333333,False,0.0,0.0,0.0,False,0.0,False,-32.0,True,-32.0,True,7.333333,False,7.333333,False,7.333333,False,0.0,0.0,0.0,False,0.0,False,0.0,False,0.0,False,15,-0.015419,,True
202604041848,C1.7,C,-5.769551,2026-04-04 18:48:00,2026-04-04 19:00:00,2026-04-04 17:48:00,60.0,True,0.972973,38.333333,False,8.333333,False,6.333333,False,-30.0,-32.0,0.0,False,6.0,False,6.0,False,6.0,False,8.333333,False,8.333333,False,6.333333,False,0.0,-2.0,2.0,False,0.0,False,6.0,False,6.0,False,6.333333,False,8.333333,False,6.333333,False,2.0,0.0,0.0,False,0.0,False,2.0,False,0.0,False,15,-0.051891,,True
202604041935,C7.8,C,-5.107905,2026-04-04 19:35:00,2026-04-04 19:47:00,2026-04-04 19:09:00,26.0,False,0.95,37.333333,True,37.333333,True,37.333333,True,0.0,0.0,0.0,True,0.0,True,0.0,True,0.0,True,37.333333,True,37.333333,True,37.333333,True,0.0,0.0,0.0,True,0.0,True,0.0,True,0.0,True,37.333333,True,37.333333,True,37.333333,True,0.0,0.0,0.0,True,0.0,True,0.0,True,0.0,True,13,-0.125616,alert already on (left-censored),False
202604042254,M1.0,M,-5.0,2026-04-04 22:54:00,2026-04-04 23:04:00,2026-04-04 21:54:00,60.0,True,0.972222,66.333333,False,66.333333,False,38.333333,False,0.0,-28.0,0.0,False,2.0,True,2.0,True,2.0,True,66.333333,False,68.333333,True,66.333333,False,2.0,0.0,0.0,False,2.0,True,2.0,True,2.0,True,58.333333,False,68.333333,True,42.333333,False,10.0,-16.0,2.0,False,10.0,True,10.0,True,2.0,True,15,-0.031026,alert already on (left-censored),False
202604050021,C1.4,C,-5.853872,2026-04-05 00:21:00,2026-04-05 00:28:00,2026-04-04 23:21:00,60.0,True,0.970588,8.333333,False,8.333333,False,8.333333,False,0.0,0.0,6.0,False,0.0,False,2.0,False,18.0,False,2.333333,False,8.333333,False,8.333333,False,6.0,6.0,6.0,False,6.0,False,0.0,False,2.0,False,0.333333,False,8.333333,False,8.333333,False,8.0,8.0,2.0,False,8.0,False,8.0,False,8.0,False,14,0.026763,,True
202604050151,C3.8,C,-5.420216,2026-04-05 01:51:00,2026-04-05 02:04:00,2026-04-05 00:51:00,60.0,True,1.0,60.333333,False,52.333333,False,60.333333,False,-8.0,0.0,-52.0,False,-8.0,False,0.0,False,0.0,False,60.333333,False,8.333333,False,60.333333,False,-52.0,0.0,-52.0,False,-52.0,False,-8.0,False,0.0,False,8.333333,False,8.333333,False,8.333333,False,0.0,0.0,0.0,False,0.0,False,-52.0,False,-34.0,False,15,-0.046362,,True
202604050323,C1.1,C,-5.958607,2026-04-05 03:23:00,2026-04-05 03:29:00,2026-04-05 02:23:00,60.0,True,0.970588,15.333333,False,13.333333,False,15.333333,False,-2.0,0.0,2.0,False,0.0,False,-2.0,False,0.0,False,13.333333,False,13.333333,False,13.333333,False,0.0,0.0,2.0,False,0.0,False,0.0,False,6.0,False,11.333333,False,13.333333,False,1.333333,False,2.0,-10.0,-10.0,False,2.0,False,2.0,False,2.0,False,15,-0.025813,,True
202604050334,C1.5,C,-5.823909,2026-04-05 03:34:00,2026-04-05 03:41:00,2026-04-05 03:34:00,0.0,False,0.75,5.333333,True,5.333333,True,5.333333,True,0.0,0.0,0.0,True,0.0,True,0.0,True,0.0,True,5.333333,True,5.333333,True,5.333333,True,0.0,0.0,0.0,True,0.0,True,0.0,True,0.0,True,5.333333,True,5.333333,True,5.333333,True,0.0,0.0,0.0,True,0.0,True,0.0,True,0.0,True,0,,lead-in under 10 min,False
202604050355,C1.8,C,-5.744727,2026-04-05 03:55:00,2026-04-05 04:00:00,2026-04-05 03:50:00,5.0,False,0.833333,8.333333,True,8.333333,True,8.333333,True,0.0,0.0,0.0,True,0.0,True,0.0,True,0.0,True,8.333333,True,8.333333,True,8.333333,True,0.0,0.0,0.0,True,0.0,True,0.0,True,0.0,True,8.333333,True,8.333333,True,8.333333,True,0.0,0.0,6.0,True,0.0,True,0.0,True,0.0,True,2,,lead-in under 10 min,False
202604050420,C1.2,C,-5.920819,2026-04-05 04:20:00,2026-04-05 04:28:00,2026-04-05 04:04:00,16.0,False,0.923077,4.333333,False,6.333333,False,4.333333,False,2.0,0.0,2.0,False,0.0,False,0.0,False,16.0,True,4.333333,False,6.333333,False,4.333333,False,2.0,0.0,0.0,False,2.0,False,0.0,False,0.0,False,4.333333,False,6.333333,False,4.333333,False,2.0,0.0,0.0,False,2.0,False,2.0,False,2.0,False,8,-0.036398,,True
202604050501,C1.1,C,-5.958607,2026-04-05 05:01:00,2026-04-05 05:06:00,2026-04-05 04:44:00,17.0,False,0.916667,2.333333,False,2.333333,False,2.333333,False,0.0,0.0,0.0,False,0.0,False,0.0,False,-6.0,False,2.333333,False,2.333333,False,2.333333,False,0.0,0.0,0.0,False,0.0,False,0.0,False,-6.0,False,2.333333,False,2.333333,False,2.333333,False,0.0,0.0,0.0,False,0.0,False,0.0,False,0.0,False,8,-0.046026,,True
202604050535,C1.6,C,-5.79588,2026-04-05 05:35:00,2026-04-05 05:43:00,2026-04-05 05:12:00,23.0,False,0.9375,11.333333,False,11.333333,False,11.333333,False,0.0,0.0,0.0,False,0.0,False,2.0,False,18.0,True,11.333333,False,11.333333,False,11.333333,False,0.0,0.0,0.0,False,0.0,False,0.0,False,2.0,False,11.333333,False,11.333333,False,11.333333,False,0.0,0.0,0.0,False,0.0,False,0.0,False,2.0,False,11,-0.007551,,True
202604050559,C1.5,C,-5.823909,2026-04-05 05:59:00,2026-04-05 06:04:00,2026-04-05 05:53:00,6.0,False,1.0,10.333333,True,10.333333,True,10.333333,True,0.0,0.0,0.0,True,0.0,True,0.0,True,0.0,True,10.333333,True,10.333333,True,10.333333,True,0.0,0.0,0.0,True,0.0,True,0.0,True,0.0,True,10.333333,True,10.333333,True,10.333333,True,0.0,0.0,0.0,True,0.0,True,0.0,True,0.0,True,3,,lead-in under 10 min,False
202604050641,C1.4,C,-5.853872,2026-04-05 06:41:00,2026-04-05 06:49:00,2026-04-05 06:06:00,35.0,False,0.954545,3.333333,False,5.333333,False,5.333333,False,2.0,2.0,5.333333,False,2.0,False,-36.0,True,0.0,True,3.333333,False,5.333333,False,5.333333,False,2.0,2.0,0.0,False,5.333333,False,-36.0,True,0.0,True,0.0,False,5.333333,False,5.333333,False,5.333333,5.333333,0.0,False,0.0,False,5.333333,False,9.333333,False,15,-0.018791,,True
202604050821,C1.1,C,-5.958607,2026-04-05 08:21:00,2026-04-05 08:29:00,2026-04-05 07:21:00,60.0,True,0.971429,59.333333,False,59.333333,False,59.333333,False,0.0,0.0,0.0,False,0.0,False,0.0,False,0.0,False,59.333333,False,59.333333,False,59.333333,False,0.0,0.0,-36.0,False,0.0,False,0.0,False,0.0,False,59.333333,False,59.333333,False,59.333333,False,0.0,0.0,2.0,False,-36.0,False,0.0,False,0.0,False,15,0.003057,,True
202604051052,C1.3,C,-5.886057,2026-04-05 10:52:00,2026-04-05 11:04:00,2026-04-05 09:52:00,60.0,True,0.972973,64.333333,False,58.333333,False,58.333333,False,-6.0,-6.0,0.0,False,-6.0,False,-6.0,False,-6.0,True,64.333333,False,58.333333,False,58.333333,False,-6.0,-6.0,0.0,False,-6.0,False,-6.0,False,-6.0,True,58.333333,False,58.333333,False,58.333333,False,0.0,0.0,0.0,False,0.0,False,-12.0,True,-6.0,True,15,-0.055586,,True
202604051257,C1.1,C,-5.958607,2026-04-05 12:57:00,2026-04-05 13:00:00,2026-04-05 11:57:00,60.0,True,0.96875,62.333333,True,16.333333,False,62.333333,True,-46.0,0.0,2.0,False,-46.0,True,-46.0,True,0.0,True,62.333333,True,2.333333,False,62.333333,True,-60.0,0.0,0.0,False,-60.0,True,-46.0,True,-46.0,True,0.333333,False,0.333333,False,62.333333,True,0.0,62.0,0.0,False,0.0,False,2.0,False,2.0,False,15,-0.042389,,True
202604052339,C2.8,C,-5.552842,2026-04-05 23:39:00,2026-04-05 23:47:00,2026-04-05 22:39:00,60.0,True,0.971429,15.333333,False,17.333333,False,15.333333,False,2.0,0.0,2.0,False,2.0,False,0.0,False,-10.0,False,15.333333,False,17.333333,False,15.333333,False,2.0,0.0,2.0,False,2.0,False,2.0,False,-10.0,False,15.333333,False,17.333333,False,15.333333,False,2.0,0.0,0.0,False,2.0,False,2.0,False,2.0,False,15,-0.07598,,True
202604060506,C1.0,C,-6.0,2026-04-06 05:06:00,2026-04-06 05:15:00,2026-04-06 04:06:00,60.0,True,0.971429,61.333333,False,59.333333,False,7.333333,False,-2.0,-54.0,0.0,False,-2.0,False,-2.0,False,0.0,False,61.333333,False,59.333333,False,7.333333,False,-2.0,-54.0,0.0,False,-2.0,False,-2.0,False,0.0,False,59.333333,False,59.333333,False,7.333333,False,0.0,-52.0,-56.0,False,0.0,False,-2.0,False,-2.0,False,15,-0.074399,,True
202604071332,C2.3,C,-5.638272,2026-04-07 13:32:00,2026-04-07 13:56:00,2026-04-07 12:32:00,60.0,True,0.0,0.0,False,0.0,False,0.0,False,0.0,0.0,0.0,False,0.0,False,0.0,False,0.0,False,0.0,False,0.0,False,0.0,False,0.0,0.0,0.0,False,0.0,False,0.0,False,0.0,False,0.0,False,0.0,False,0.0,False,0.0,0.0,0.0,False,0.0,False,0.0,False,0.0,False,0,,common coverage under 80%,False
202604071536,C1.2,C,-5.920819,2026-04-07 15:36:00,2026-04-07 15:44:00,2026-04-07 14:36:00,60.0,True,0.0,0.0,False,0.0,False,0.0,False,0.0,0.0,0.0,False,0.0,False,0.0,False,0.0,False,0.0,False,0.0,False,0.0,False,0.0,0.0,0.0,False,0.0,False,0.0,False,0.0,False,0.0,False,0.0,False,0.0,False,0.0,0.0,0.0,False,0.0,False,0.0,False,0.0,False,0,,common coverage under 80%,False
202604071815,C5.7,C,-5.244125,2026-04-07 18:15:00,2026-04-07 18:32:00,2026-04-07 17:15:00,60.0,True,0.0,0.0,False,0.0,False,0.0,False,0.0,0.0,0.0,False,0.0,False,0.0,False,0.0,False,0.0,False,0.0,False,0.0,False,0.0,0.0,0.0,False,0.0,False,0.0,False,0.0,False,0.0,False,0.0,False,0.0,False,0.0,0.0,0.0,False,0.0,False,0.0,False,0.0,False,0,,common coverage under 80%,False
202604072040,C1.3,C,-5.886057,2026-04-07 20:40:00,2026-04-07 20:52:00,2026-04-07 19:40:00,60.0,True,0.0,0.0,False,0.0,False,0.0,False,0.0,0.0,0.0,False,0.0,False,0.0,False,0.0,False,0.0,False,0.0,False,0.0,False,0.0,0.0,0.0,False,0.0,False,0.0,False,0.0,False,0.0,False,0.0,False,0.0,False,0.0,0.0,0.0,False,0.0,False,0.0,False,0.0,False,0,,common coverage under 80%,False
202604072204,C1.1,C,-5.958607,2026-04-07 22:04:00,2026-04-07 22:12:00,2026-04-07 21:04:00,60.0,True,0.485714,16.333333,False,16.333333,False,16.333333,False,0.0,0.0,0.0,False,-6.0,False,-14.0,False,-14.0,False,16.333333,False,16.333333,False,16.333333,False,0.0,0.0,0.0,False,0.0,False,0.0,False,-6.0,False,16.333333,False,16.333333,False,16.333333,False,0.0,0.0,0.0,False,0.0,False,0.0,False,0.0,False,13,-0.12473,common coverage under 80%,False
202604072310,C2.4,C,-5.619789,2026-04-07 23:10:00,2026-04-07 23:20:00,2026-04-07 22:25:00,45.0,False,1.0,6.333333,False,54.333333,True,54.333333,True,48.0,48.0,48.0,True,48.0,True,48.0,True,0.0,True,6.333333,False,54.333333,True,54.333333,True,48.0,48.0,0.0,False,48.0,True,48.0,True,48.0,True,6.333333,False,6.333333,False,54.333333,True,0.0,48.0,0.0,False,0.0,False,48.0,True,48.0,True,15,-0.046726,,True
202604080038,C1.0,C,-6.0,2026-04-08 00:38:00,2026-04-08 00:48:00,2026-04-07 23:38:00,60.0,True,0.972222,58.333333,False,6.333333,False,58.333333,False,-52.0,0.0,0.0,False,-52.0,False,0.0,False,0.0,False,6.333333,False,4.333333,False,6.333333,False,-2.0,0.0,0.0,False,-2.0,False,0.0,False,0.0,False,4.333333,False,4.333333,False,4.333333,False,0.0,0.0,0.0,False,0.0,False,0.0,False,0.0,False,15,-0.047132,,True
202604080457,C1.3,C,-5.886057,2026-04-08 04:57:00,2026-04-08 05:01:00,2026-04-08 03:57:00,60.0,True,0.969697,27.333333,False,31.333333,False,21.333333,False,4.0,-6.0,-6.0,False,0.0,False,-14.0,False,-18.0,False,31.333333,False,31.333333,False,27.333333,False,0.0,-4.0,-8.0,False,0.0,False,0.0,False,-18.0,False,27.333333,False,21.333333,False,25.333333,False,-6.0,-2.0,-6.0,False,-6.0,False,0.0,False,-14.0,False,15,-0.119093,,True
202604081222,C1.3,C,-5.886057,2026-04-08 12:22:00,2026-04-08 12:33:00,2026-04-08 11:22:00,60.0,True,0.0,0.0,False,0.0,False,0.0,False,0.0,0.0,0.0,False,0.0,False,0.0,False,0.0,False,0.0,False,0.0,False,0.0,False,0.0,0.0,0.0,False,0.0,False,0.0,False,0.0,False,0.0,False,0.0,False,0.0,False,0.0,0.0,0.0,False,0.0,False,0.0,False,0.0,False,0,,common coverage under 80%,False
202604081531,C8.7,C,-5.060481,2026-04-08 15:31:00,2026-04-08 15:43:00,2026-04-08 14:31:00,60.0,True,0.0,0.0,False,0.0,False,0.0,False,0.0,0.0,0.0,False,0.0,False,0.0,False,0.0,False,0.0,False,0.0,False,0.0,False,0.0,0.0,0.0,False,0.0,False,0.0,False,0.0,False,0.0,False,0.0,False,0.0,False,0.0,0.0,0.0,False,0.0,False,0.0,False,0.0,False,0,,common coverage under 80%,False
202604082338,C1.4,C,-5.853872,2026-04-08 23:38:00,2026-04-08 23:50:00,2026-04-08 22:38:00,60.0,True,0.972973,56.333333,False,56.333333,False,56.333333,False,0.0,0.0,0.0,False,-6.0,False,-4.0,False,-4.0,False,62.333333,False,56.333333,False,56.333333,False,-6.0,-6.0,0.0,False,-6.0,False,-4.0,False,-4.0,False,62.333333,False,58.333333,False,62.333333,False,-4.0,0.0,46.0,False,-6.0,False,-4.0,False,-8.0,False,15,-0.029717,,True
202604090057,C1.4,C,-5.853872,2026-04-09 00:57:00,2026-04-09 01:05:00,2026-04-08 23:58:00,59.0,False,0.970588,65.333333,True,57.333333,False,57.333333,False,-8.0,-8.0,-8.0,True,-8.0,True,0.0,True,0.0,True,65.333333,True,57.333333,False,57.333333,False,-8.0,-8.0,-50.0,False,-8.0,True,-8.0,True,0.0,True,57.333333,False,57.333333,False,3.333333,False,0.0,-54.0,6.0,False,-50.0,False,0.0,False,-8.0,True,15,-0.101094,,True
202604090521,C1.3,C,-5.886057,2026-04-09 05:21:00,2026-04-09 05:28:00,2026-04-09 04:21:00,60.0,True,1.0,58.333333,False,46.333333,False,46.333333,False,-12.0,-12.0,0.0,False,-12.0,False,2.0,False,0.0,False,58.333333,False,46.333333,False,46.333333,False,-12.0,-12.0,0.0,False,-12.0,False,-14.0,False,0.0,False,60.333333,False,46.333333,False,46.333333,False,-14.0,-14.0,0.0,False,-14.0,False,-14.0,False,2.0,False,15,-0.082227,,True
202604090628,C1.0,C,-6.0,2026-04-09 06:28:00,2026-04-09 06:31:00,2026-04-09 05:36:00,52.0,False,0.964286,11.333333,False,13.333333,False,11.333333,False,2.0,0.0,2.0,False,2.0,False,2.0,False,0.0,False,11.333333,False,13.333333,False,11.333333,False,2.0,0.0,2.0,False,2.0,False,2.0,False,2.0,False,11.333333,False,13.333333,False,11.333333,False,2.0,0.0,0.0,False,2.0,False,2.0,False,2.0,False,15,0.003026,,True
202604090807,C1.4,C,-5.853872,2026-04-09 08:07:00,2026-04-09 08:14:00,2026-04-09 07:07:00,60.0,True,1.0,42.333333,False,42.333333,False,42.333333,False,0.0,0.0,0.0,False,0.0,False,0.0,False,0.0,False,42.333333,False,42.333333,False,42.333333,False,0.0,0.0,0.0,False,0.0,False,0.0,False,0.0,False,42.333333,False,42.333333,False,42.333333,False,0.0,0.0,0.0,False,0.0,False,0.0,False,0.0,False,15,-0.073165,,True
202604111007,C1.0,C,-6.0,2026-04-11 10:07:00,2026-04-11 10:24:00,2026-04-11 09:07:00,60.0,True,1.0,10.333333,False,10.333333,False,10.333333,False,0.0,0.0,2.0,False,0.0,False,0.0,False,0.0,False,8.333333,False,10.333333,False,10.333333,False,2.0,2.0,0.0,False,2.0,False,0.0,False,0.0,False,8.333333,False,10.333333,False,8.333333,False,2.0,0.0,0.0,False,0.0,False,2.0,False,2.0,False,15,-0.028429,,True
202604112315,C2.0,C,-5.69897,2026-04-11 23:15:00,2026-04-11 23:24:00,2026-04-11 22:15:00,60.0,True,1.0,0.333333,False,0.333333,False,0.333333,False,0.0,0.0,0.0,False,0.0,False,0.0,False,0.0,False,0.333333,False,0.333333,False,0.333333,False,0.0,0.0,0.0,False,0.0,False,0.0,False,0.0,False,0.333333,False,0.333333,False,0.333333,False,0.0,0.0,0.0,False,0.0,False,0.0,False,0.0,False,15,-0.033721,,True
202604120047,C1.9,C,-5.721246,2026-04-12 00:47:00,2026-04-12 01:01:00,2026-04-11 23:47:00,60.0,True,0.947368,43.333333,False,43.333333,False,43.333333,False,0.0,0.0,0.0,False,0.0,False,0.0,False,0.0,False,43.333333,False,43.333333,False,43.333333,False,0.0,0.0,0.0,False,0.0,False,0.0,False,0.0,False,43.333333,False,43.333333,False,43.333333,False,0.0,0.0,0.0,False,0.0,False,0.0,False,0.0,False,15,0.015251,,True
202604120217,C1.5,C,-5.823909,2026-04-12 02:17:00,2026-04-12 02:20:00,2026-04-12 01:17:00,60.0,True,1.0,30.333333,False,0.333333,False,0.333333,False,-30.0,-30.0,0.0,False,-32.0,False,-2.0,False,0.0,False,0.333333,False,0.333333,False,0.333333,False,0.0,0.0,0.0,False,0.0,False,-30.0,False,-2.0,False,0.333333,False,0.333333,False,0.333333,False,0.0,0.0,0.0,False,0.0,False,0.0,False,0.0,False,15,-0.019184,,True
202604120309,C1.0,C,-6.0,2026-04-12 03:09:00,2026-04-12 03:18:00,2026-04-12 02:23:00,46.0,False,1.0,54.333333,True,2.333333,False,54.333333,True,-52.0,0.0,-54.0,True,-52.0,True,0.0,True,0.0,True,54.333333,True,0.333333,False,2.333333,False,-54.0,-52.0,-54.0,True,-54.0,True,-52.0,True,0.0,True,54.333333,True,0.333333,False,0.333333,False,-54.0,-54.0,0.0,False,-54.0,True,-54.0,True,-54.0,True,15,0.03198,alert already on (left-censored),False
202604120455,C2.4,C,-5.619789,2026-04-12 04:55:00,2026-04-12 05:08:00,2026-04-12 03:55:00,60.0,True,1.0,4.333333,False,4.333333,False,4.333333,False,0.0,0.0,0.0,False,0.0,False,0.0,False,0.0,False,4.333333,False,4.333333,False,4.333333,False,0.0,0.0,0.0,False,0.0,False,0.0,False,2.0,False,4.333333,False,4.333333,False,4.333333,False,0.0,0.0,0.0,False,0.0,False,0.0,False,0.0,False,15,0.110463,,True
202604120731,C2.4,C,-5.619789,2026-04-12 07:31:00,2026-04-12 07:38:00,2026-04-12 06:31:00,60.0,True,1.0,14.333333,False,4.333333,False,4.333333,False,-10.0,-10.0,0.0,False,-4.0,False,-4.0,False,0.0,False,4.333333,False,4.333333,False,4.333333,False,0.0,0.0,0.0,False,0.0,False,-4.0,False,-4.0,False,4.333333,False,4.333333,False,4.333333,False,0.0,0.0,0.0,False,0.0,False,0.0,False,0.0,False,15,-0.032367,,True
202604120829,C1.5,C,-5.823909,2026-04-12 08:29:00,2026-04-12 08:38:00,2026-04-12 07:41:00,48.0,False,1.0,56.333333,True,0.333333,False,0.333333,False,-56.0,-56.0,-56.0,True,-56.0,True,-56.0,True,-54.0,True,56.333333,True,0.333333,False,0.333333,False,-56.0,-56.0,-56.0,True,-56.0,True,-56.0,True,-56.0,True,56.333333,True,0.333333,False,0.333333,False,-56.0,-56.0,-56.0,True,-56.0,True,-56.0,True,-56.0,True,15,0.01056,alert already on (left-censored),False
202604131120,C1.1,C,-5.958607,2026-04-13 11:20:00,2026-04-13 11:37:00,2026-04-13 10:20:00,60.0,True,0.974359,11.333333,False,11.333333,False,11.333333,False,0.0,0.0,0.0,False,0.0,False,0.0,False,0.0,False,11.333333,False,11.333333,False,11.333333,False,0.0,0.0,-2.0,False,0.0,False,0.0,False,0.0,False,9.333333,False,11.333333,False,11.333333,False,2.0,2.0,0.0,False,0.0,False,0.0,False,0.0,False,15,-0.049569,,True
202604160039,C1.2,C,-5.920819,2026-04-16 00:39:00,2026-04-16 00:53:00,2026-04-15 23:39:00,60.0,True,0.0,0.0,False,0.0,False,0.0,False,0.0,0.0,0.0,False,0.0,False,0.0,False,0.0,False,0.0,False,0.0,False,0.0,False,0.0,0.0,0.0,False,0.0,False,0.0,False,0.0,False,0.0,False,0.0,False,0.0,False,0.0,0.0,0.0,False,0.0,False,0.0,False,0.0,False,0,,common coverage under 80%,False
202604161216,C1.7,C,-5.769551,2026-04-16 12:16:00,2026-04-16 12:25:00,2026-04-16 11:16:00,60.0,True,0.0,0.0,False,0.0,False,0.0,False,0.0,0.0,0.0,False,0.0,False,0.0,False,0.0,False,0.0,False,0.0,False,0.0,False,0.0,0.0,0.0,False,0.0,False,0.0,False,0.0,False,0.0,False,0.0,False,0.0,False,0.0,0.0,0.0,False,0.0,False,0.0,False,0.0,False,0,,common coverage under 80%,False
202604161300,C1.0,C,-6.0,2026-04-16 13:00:00,2026-04-16 13:11:00,2026-04-16 12:36:00,24.0,False,0.0,0.0,False,0.0,False,0.0,False,0.0,0.0,0.0,False,0.0,False,0.0,False,0.0,False,0.0,False,0.0,False,0.0,False,0.0,0.0,0.0,False,0.0,False,0.0,False,0.0,False,0.0,False,0.0,False,0.0,False,0.0,0.0,0.0,False,0.0,False,0.0,False,0.0,False,0,,common coverage under 80%,False
202604162115,C1.0,C,-6.0,2026-04-16 21:15:00,2026-04-16 21:22:00,2026-04-16 20:15:00,60.0,True,0.0,0.0,False,0.0,False,0.0,False,0.0,0.0,0.0,False,0.0,False,0.0,False,0.0,False,0.0,False,0.0,False,0.0,False,0.0,0.0,0.0,False,0.0,False,0.0,False,0.0,False,0.0,False,0.0,False,0.0,False,0.0,0.0,0.0,False,0.0,False,0.0,False,0.0,False,0,,common coverage under 80%,False
202604170427,C4.1,C,-5.387216,2026-04-17 04:27:00,2026-04-17 04:42:00,2026-04-17 03:27:00,60.0,True,0.0,0.0,False,0.0,False,0.0,False,0.0,0.0,0.0,False,0.0,False,0.0,False,0.0,False,0.0,False,0.0,False,0.0,False,0.0,0.0,0.0,False,0.0,False,0.0,False,0.0,False,0.0,False,0.0,False,0.0,False,0.0,0.0,0.0,False,0.0,False,0.0,False,0.0,False,0,,common coverage under 80%,False
202604180640,C1.6,C,-5.79588,2026-04-18 06:40:00,2026-04-18 07:04:00,2026-04-18 05:40:00,60.0,True,0.976744,20.333333,False,18.333333,False,20.333333,False,-2.0,0.0,-2.0,False,-10.0,False,-10.0,False,-10.0,False,20.333333,False,18.333333,False,20.333333,False,-2.0,0.0,-2.0,False,-2.0,False,-12.0,False,-10.0,False,16.333333,False,18.333333,False,20.333333,False,2.0,4.0,4.0,False,2.0,False,0.0,False,-2.0,False,15,-0.118358,,True
202604200833,C1.0,C,-6.0,2026-04-20 08:33:00,2026-04-20 08:45:00,2026-04-20 07:33:00,60.0,True,0.972973,9.333333,False,5.333333,False,3.333333,False,-4.0,-6.0,0.0,False,-4.0,False,-4.0,False,-54.0,False,9.333333,False,5.333333,False,5.333333,False,-4.0,-4.0,-4.0,False,-4.0,False,-30.0,False,-58.0,False,9.333333,False,3.333333,False,5.333333,False,-6.0,-4.0,-4.0,False,-8.0,False,-30.0,False,-64.0,False,15,-0.127166,,True
202604201457,C1.6,C,-5.79588,2026-04-20 14:57:00,2026-04-20 15:13:00,2026-04-20 13:57:00,60.0,True,0.974359,75.333333,True,73.333333,False,73.333333,False,-2.0,-2.0,-2.0,True,-2.0,True,-2.0,True,-2.0,True,75.333333,True,73.333333,False,73.333333,False,-2.0,-2.0,-64.0,True,-2.0,True,-2.0,True,-2.0,True,75.333333,True,11.333333,False,73.333333,False,-64.0,-2.0,-62.0,False,-64.0,True,-2.0,True,-2.0,True,15,-0.119468,alert already on (left-censored),False
202604210103,C1.3,C,-5.886057,2026-04-21 01:03:00,2026-04-21 01:15:00,2026-04-21 00:03:00,60.0,True,0.972973,7.333333,False,7.333333,False,7.333333,False,0.0,0.0,0.0,False,0.0,False,-12.0,False,-12.0,False,7.333333,False,7.333333,False,7.333333,False,0.0,0.0,-2.0,False,0.0,False,0.0,False,-12.0,False,7.333333,False,5.333333,False,7.333333,False,-2.0,0.0,-2.0,False,-2.0,False,0.0,False,0.0,False,15,-0.075288,,True
202604210553,C5.3,C,-5.275724,2026-04-21 05:53:00,2026-04-21 06:02:00,2026-04-21 04:53:00,60.0,True,1.0,44.333333,False,0.333333,False,0.333333,False,-44.0,-44.0,0.0,False,-44.0,False,-4.0,False,-4.0,False,44.333333,False,0.333333,False,0.333333,False,-44.0,-44.0,0.0,False,-44.0,False,-44.0,False,-4.0,False,44.333333,False,0.333333,False,0.333333,False,-44.0,-44.0,0.0,False,-44.0,False,-44.0,False,-44.0,False,15,-0.098325,,True
202604210647,C1.3,C,-5.886057,2026-04-21 06:47:00,2026-04-21 06:55:00,2026-04-21 06:08:00,39.0,False,0.958333,45.333333,True,5.333333,False,45.333333,True,-40.0,0.0,-40.0,True,-40.0,True,-40.0,True,-40.0,True,45.333333,True,5.333333,False,5.333333,False,-40.0,-40.0,0.0,False,-40.0,True,-40.0,True,-40.0,True,5.333333,False,5.333333,False,5.333333,False,0.0,0.0,0.0,False,0.0,False,0.0,False,0.0,False,15,-0.031262,,True
202604210700,C1.8,C,-5.744727,2026-04-21 07:00:00,2026-04-21 07:19:00,2026-04-21 07:00:00,0.0,False,0.9,17.333333,True,17.333333,True,17.333333,True,0.0,0.0,0.0,True,0.0,True,0.0,True,0.0,True,17.333333,True,17.333333,True,17.333333,True,0.0,0.0,0.0,True,0.0,True,0.0,True,0.0,True,17.333333,True,17.333333,True,17.333333,True,0.0,0.0,0.0,True,0.0,True,0.0,True,0.0,True,0,,lead-in under 10 min,False
202604210942,C1.6,C,-5.79588,2026-04-21 09:42:00,2026-04-21 09:56:00,2026-04-21 08:42:00,60.0,True,0.973684,10.333333,False,10.333333,False,10.333333,False,0.0,0.0,0.0,False,0.0,False,0.0,False,0.0,False,10.333333,False,10.333333,False,10.333333,False,0.0,0.0,0.0,False,0.0,False,0.0,False,0.0,False,10.333333,False,10.333333,False,10.333333,False,0.0,0.0,0.0,False,0.0,False,0.0,False,0.0,False,15,-0.088928,,True
202604211126,C2.2,C,-5.657577,2026-04-21 11:26:00,2026-04-21 11:30:00,2026-04-21 10:26:00,60.0,True,0.969697,2.333333,False,2.333333,False,2.333333,False,0.0,0.0,0.0,False,0.0,False,0.0,False,0.0,False,2.333333,False,2.333333,False,2.333333,False,0.0,0.0,0.0,False,0.0,False,0.0,False,0.0,False,0.333333,False,2.333333,False,2.333333,False,2.0,2.0,2.0,False,2.0,False,0.0,False,0.0,False,15,-0.071109,,True
202604211145,C4.0,C,-5.39794,2026-04-21 11:45:00,2026-04-21 11:50:00,2026-04-21 11:42:00,3.0,False,0.8,6.333333,True,6.333333,True,6.333333,True,0.0,0.0,0.0,True,0.0,True,0.0,True,0.0,True,6.333333,True,6.333333,True,6.333333,True,0.0,0.0,0.0,True,0.0,True,0.0,True,0.0,True,6.333333,True,6.333333,True,6.333333,True,0.0,0.0,0.0,True,0.0,True,0.0,True,0.0,True,1,,lead-in under 10 min,False
202604211341,C1.4,C,-5.853872,2026-04-21 13:41:00,2026-04-21 14:02:00,2026-04-21 12:41:00,60.0,True,1.0,14.333333,False,14.333333,False,14.333333,False,0.0,0.0,0.0,False,-2.0,False,-8.0,False,-4.0,False,14.333333,False,14.333333,False,14.333333,False,0.0,0.0,-2.0,False,0.0,False,2.0,False,-4.0,False,14.333333,False,12.333333,False,14.333333,False,-2.0,0.0,-2.0,False,-2.0,False,4.0,False,8.0,False,15,-0.027443,,True
202604211415,C1.8,C,-5.744727,2026-04-21 14:15:00,2026-04-21 14:24:00,2026-04-21 14:10:00,5.0,False,0.875,12.333333,True,6.333333,False,6.333333,False,-6.0,-6.0,-6.0,True,-6.0,True,-6.0,True,0.0,True,12.333333,True,6.333333,False,6.333333,False,-6.0,-6.0,-6.0,True,-6.0,True,-6.0,True,0.0,True,12.333333,True,6.333333,False,6.333333,False,-6.0,-6.0,-10.0,True,-6.0,True,-6.0,True,-6.0,True,2,,lead-in under 10 min,False
202604211629,C1.3,C,-5.886057,2026-04-21 16:29:00,2026-04-21 16:43:00,2026-04-21 15:29:00,60.0,True,0.973684,49.333333,False,61.333333,False,9.333333,False,12.0,-40.0,52.0,False,2.0,False,2.0,False,2.0,False,49.333333,False,61.333333,False,9.333333,False,12.0,-40.0,52.0,False,12.0,False,2.0,False,2.0,False,9.333333,False,61.333333,False,9.333333,False,52.0,0.0,-4.0,False,52.0,False,52.0,False,52.0,False,15,-0.029663,,True
202604211817,C1.7,C,-5.769551,2026-04-21 18:17:00,2026-04-21 18:36:00,2026-04-21 17:17:00,60.0,True,1.0,14.333333,False,14.333333,False,14.333333,False,0.0,0.0,0.0,False,0.0,False,-8.0,False,-8.0,False,14.333333,False,14.333333,False,14.333333,False,0.0,0.0,0.0,False,0.0,False,0.0,False,-8.0,False,14.333333,False,14.333333,False,14.333333,False,0.0,0.0,0.0,False,0.0,False,0.0,False,0.0,False,15,-0.067275,,True
202604212120,C1.9,C,-5.721246,2026-04-21 21:20:00,2026-04-21 21:25:00,2026-04-21 20:20:00,60.0,True,0.969697,41.333333,False,41.333333,False,41.333333,False,0.0,0.0,0.0,False,0.0,False,0.0,False,0.0,False,41.333333,False,41.333333,False,41.333333,False,0.0,0.0,0.0,False,0.0,False,18.0,False,0.0,False,43.333333,False,45.333333,False,43.333333,False,2.0,0.0,0.0,False,0.0,False,4.0,False,14.0,False,15,-0.116469,,True
202604212313,C1.2,C,-5.920819,2026-04-21 23:13:00,2026-04-21 23:20:00,2026-04-21 22:13:00,60.0,True,1.0,50.333333,False,50.333333,False,50.333333,False,0.0,0.0,0.0,False,6.0,False,6.0,False,6.0,False,50.333333,False,50.333333,False,50.333333,False,0.0,0.0,0.0,False,0.0,False,6.0,False,6.0,False,50.333333,False,50.333333,False,50.333333,False,0.0,0.0,0.0,False,0.0,False,6.0,False,6.0,False,15,0.028442,,True
202604220132,C1.7,C,-5.769551,2026-04-22 01:32:00,2026-04-22 01:39:00,2026-04-22 00:32:00,60.0,True,0.970588,53.333333,False,53.333333,False,0.0,False,0.0,-53.333333,0.0,False,0.0,False,0.0,False,0.0,False,1.333333,False,53.333333,False,0.0,False,52.0,-1.333333,0.0,False,52.0,False,0.0,False,0.0,False,0.0,False,0.0,False,0.0,False,0.0,0.0,0.0,False,0.0,False,52.0,False,52.0,False,15,-0.05459,,True
202604220422,C1.4,C,-5.853872,2026-04-22 04:22:00,2026-04-22 04:33:00,2026-04-22 03:22:00,60.0,True,0.972222,33.333333,False,27.333333,False,27.333333,False,-6.0,-6.0,-6.0,False,-6.0,False,-14.0,False,-4.0,False,41.333333,False,27.333333,False,27.333333,False,-14.0,-14.0,-6.0,False,-6.0,False,-18.0,False,-14.0,False,33.333333,False,27.333333,False,7.333333,False,-6.0,-26.0,-26.0,False,-6.0,False,-18.0,False,-14.0,False,15,-0.104909,,True
202604220610,C1.1,C,-5.958607,2026-04-22 06:10:00,2026-04-22 06:17:00,2026-04-22 05:10:00,60.0,True,0.970588,63.333333,False,1.333333,False,0.0,False,-62.0,-63.333333,0.0,False,0.0,False,0.0,False,0.0,False,63.333333,False,0.0,False,0.0,False,-63.333333,-63.333333,0.0,False,0.0,False,-62.0,False,0.0,False,0.0,False,0.0,False,0.0,False,0.0,0.0,0.0,False,0.0,False,0.0,False,0.0,False,15,-0.092614,,True
202604220949,C1.0,C,-6.0,2026-04-22 09:49:00,2026-04-22 09:58:00,2026-04-22 08:49:00,60.0,True,1.0,54.333333,False,2.333333,False,2.333333,False,-52.0,-52.0,0.0,False,-62.0,False,-2.0,False,-4.0,False,64.333333,False,2.333333,False,2.333333,False,-62.0,-62.0,0.0,False,-62.0,False,-2.0,False,-6.0,True,62.333333,False,2.333333,False,2.333333,False,-60.0,-60.0,0.0,False,-60.0,False,-2.0,False,-6.0,True,15,-0.037928,,True
202604221635,C1.5,C,-5.823909,2026-04-22 16:35:00,2026-04-22 16:38:00,2026-04-22 15:35:00,60.0,True,0.0,0.0,False,0.0,False,0.0,False,0.0,0.0,0.0,False,0.0,False,0.0,False,0.0,False,0.0,False,0.0,False,0.0,False,0.0,0.0,0.0,False,0.0,False,0.0,False,0.0,False,0.0,False,0.0,False,0.0,False,0.0,0.0,0.0,False,0.0,False,0.0,False,0.0,False,0,,common coverage under 80%,False
202604221701,C3.7,C,-5.431798,2026-04-22 17:01:00,2026-04-22 17:14:00,2026-04-22 16:41:00,20.0,False,0.0,0.0,False,0.0,False,0.0,False,0.0,0.0,0.0,False,0.0,False,0.0,False,0.0,False,0.0,False,0.0,False,0.0,False,0.0,0.0,0.0,False,0.0,False,0.0,False,0.0,False,0.0,False,0.0,False,0.0,False,0.0,0.0,0.0,False,0.0,False,0.0,False,0.0,False,0,,common coverage under 80%,False
202604221905,C2.3,C,-5.638272,2026-04-22 19:05:00,2026-04-22 19:20:00,2026-04-22 18:05:00,60.0,True,0.0,0.0,False,0.0,False,0.0,False,0.0,0.0,0.0,False,0.0,False,0.0,False,0.0,False,0.0,False,0.0,False,0.0,False,0.0,0.0,0.0,False,0.0,False,0.0,False,0.0,False,0.0,False,0.0,False,0.0,False,0.0,0.0,0.0,False,0.0,False,0.0,False,0.0,False,0,,common coverage under 80%,False
202604222302,C3.0,C,-5.522879,2026-04-22 23:02:00,2026-04-22 23:14:00,2026-04-22 22:02:00,60.0,True,0.0,0.0,False,0.0,False,0.0,False,0.0,0.0,0.0,False,0.0,False,0.0,False,0.0,False,0.0,False,0.0,False,0.0,False,0.0,0.0,0.0,False,0.0,False,0.0,False,0.0,False,0.0,False,0.0,False,0.0,False,0.0,0.0,0.0,False,0.0,False,0.0,False,0.0,False,0,,common coverage under 80%,False
202604230102,C4.4,C,-5.356547,2026-04-23 01:02:00,2026-04-23 01:17:00,2026-04-23 00:02:00,60.0,True,0.0,0.0,False,0.0,False,0.0,False,0.0,0.0,0.0,False,0.0,False,0.0,False,0.0,False,0.0,False,0.0,False,0.0,False,0.0,0.0,0.0,False,0.0,False,0.0,False,0.0,False,0.0,False,0.0,False,0.0,False,0.0,0.0,0.0,False,0.0,False,0.0,False,0.0,False,0,,common coverage under 80%,False
202604230216,C1.9,C,-5.721246,2026-04-23 02:16:00,2026-04-23 02:23:00,2026-04-23 01:29:00,47.0,False,0.0,0.0,False,0.0,False,0.0,False,0.0,0.0,0.0,False,0.0,False,0.0,False,0.0,False,0.0,False,0.0,False,0.0,False,0.0,0.0,0.0,False,0.0,False,0.0,False,0.0,False,0.0,False,0.0,False,0.0,False,0.0,0.0,0.0,False,0.0,False,0.0,False,0.0,False,0,,common coverage under 80%,False
202604230424,M1.6,M,-4.79588,2026-04-23 04:24:00,2026-04-23 04:35:00,2026-04-23 03:24:00,60.0,True,0.0,0.0,False,0.0,False,0.0,False,0.0,0.0,0.0,False,0.0,False,0.0,False,0.0,False,0.0,False,0.0,False,0.0,False,0.0,0.0,0.0,False,0.0,False,0.0,False,0.0,False,0.0,False,0.0,False,0.0,False,0.0,0.0,0.0,False,0.0,False,0.0,False,0.0,False,0,,common coverage under 80%,False
202604230450,M1.2,M,-4.920819,2026-04-23 04:50:00,2026-04-23 04:59:00,2026-04-23 04:48:00,2.0,False,0.0,0.0,False,0.0,False,0.0,False,0.0,0.0,0.0,False,0.0,False,0.0,False,0.0,False,0.0,False,0.0,False,0.0,False,0.0,0.0,0.0,False,0.0,False,0.0,False,0.0,False,0.0,False,0.0,False,0.0,False,0.0,0.0,0.0,False,0.0,False,0.0,False,0.0,False,0,,lead-in under 10 min,False
202604230748,C4.5,C,-5.346787,2026-04-23 07:48:00,2026-04-23 07:57:00,2026-04-23 06:48:00,60.0,True,0.0,0.0,False,0.0,False,0.0,False,0.0,0.0,0.0,False,0.0,False,0.0,False,0.0,False,0.0,False,0.0,False,0.0,False,0.0,0.0,0.0,False,0.0,False,0.0,False,0.0,False,0.0,False,0.0,False,0.0,False,0.0,0.0,0.0,False,0.0,False,0.0,False,0.0,False,0,,common coverage under 80%,False
202604230806,C5.6,C,-5.251812,2026-04-23 08:06:00,2026-04-23 08:11:00,2026-04-23 08:06:00,0.0,False,0.0,0.0,False,0.0,False,0.0,False,0.0,0.0,0.0,False,0.0,False,0.0,False,0.0,False,0.0,False,0.0,False,0.0,False,0.0,0.0,0.0,False,0.0,False,0.0,False,0.0,False,0.0,False,0.0,False,0.0,False,0.0,0.0,0.0,False,0.0,False,0.0,False,0.0,False,0,,lead-in under 10 min,False
202604230840,M4.3,M,-4.366532,2026-04-23 08:40:00,2026-04-23 08:48:00,2026-04-23 08:19:00,21.0,False,0.0,0.0,False,0.0,False,0.0,False,0.0,0.0,0.0,False,0.0,False,0.0,False,0.0,False,0.0,False,0.0,False,0.0,False,0.0,0.0,0.0,False,0.0,False,0.0,False,0.0,False,0.0,False,0.0,False,0.0,False,0.0,0.0,0.0,False,0.0,False,0.0,False,0.0,False,0,,common coverage under 80%,False
202604230947,C2.3,C,-5.638272,2026-04-23 09:47:00,2026-04-23 09:53:00,2026-04-23 08:53:00,54.0,False,0.0,0.0,False,0.0,False,0.0,False,0.0,0.0,0.0,False,0.0,False,0.0,False,0.0,False,0.0,False,0.0,False,0.0,False,0.0,0.0,0.0,False,0.0,False,0.0,False,0.0,False,0.0,False,0.0,False,0.0,False,0.0,0.0,0.0,False,0.0,False,0.0,False,0.0,False,0,,common coverage under 80%,False
202604231151,C1.4,C,-5.853872,2026-04-23 11:51:00,2026-04-23 11:58:00,2026-04-23 10:51:00,60.0,True,0.0,0.0,False,0.0,False,0.0,False,0.0,0.0,0.0,False,0.0,False,0.0,False,0.0,False,0.0,False,0.0,False,0.0,False,0.0,0.0,0.0,False,0.0,False,0.0,False,0.0,False,0.0,False,0.0,False,0.0,False,0.0,0.0,0.0,False,0.0,False,0.0,False,0.0,False,0,,common coverage under 80%,False
202604231226,C1.3,C,-5.886057,2026-04-23 12:26:00,2026-04-23 12:30:00,2026-04-23 12:04:00,22.0,False,0.0,0.0,False,0.0,False,0.0,False,0.0,0.0,0.0,False,0.0,False,0.0,False,0.0,False,0.0,False,0.0,False,0.0,False,0.0,0.0,0.0,False,0.0,False,0.0,False,0.0,False,0.0,False,0.0,False,0.0,False,0.0,0.0,0.0,False,0.0,False,0.0,False,0.0,False,0,,common coverage under 80%,False
202604231259,C2.1,C,-5.677781,2026-04-23 12:59:00,2026-04-23 13:02:00,2026-04-23 12:37:00,22.0,False,0.0,0.0,False,0.0,False,0.0,False,0.0,0.0,0.0,False,0.0,False,0.0,False,0.0,False,0.0,False,0.0,False,0.0,False,0.0,0.0,0.0,False,0.0,False,0.0,False,0.0,False,0.0,False,0.0,False,0.0,False,0.0,0.0,0.0,False,0.0,False,0.0,False,0.0,False,0,,common coverage under 80%,False
202604231342,M1.7,M,-4.769551,2026-04-23 13:42:00,2026-04-23 14:00:00,2026-04-23 13:04:00,38.0,False,0.0,0.0,False,0.0,False,0.0,False,0.0,0.0,0.0,False,0.0,False,0.0,False,0.0,False,0.0,False,0.0,False,0.0,False,0.0,0.0,0.0,False,0.0,False,0.0,False,0.0,False,0.0,False,0.0,False,0.0,False,0.0,0.0,0.0,False,0.0,False,0.0,False,0.0,False,0,,common coverage under 80%,False
202604231514,C1.4,C,-5.853872,2026-04-23 15:14:00,2026-04-23 15:27:00,2026-04-23 14:14:00,60.0,True,0.0,0.0,False,0.0,False,0.0,False,0.0,0.0,0.0,False,0.0,False,0.0,False,0.0,False,0.0,False,0.0,False,0.0,False,0.0,0.0,0.0,False,0.0,False,0.0,False,0.0,False,0.0,False,0.0,False,0.0,False,0.0,0.0,0.0,False,0.0,False,0.0,False,0.0,False,0,,common coverage under 80%,False
202604231542,C7.4,C,-5.130768,2026-04-23 15:42:00,2026-04-23 16:17:00,2026-04-23 15:42:00,0.0,False,0.0,0.0,False,0.0,False,0.0,False,0.0,0.0,0.0,False,0.0,False,0.0,False,0.0,False,0.0,False,0.0,False,0.0,False,0.0,0.0,0.0,False,0.0,False,0.0,False,0.0,False,0.0,False,0.0,False,0.0,False,0.0,0.0,0.0,False,0.0,False,0.0,False,0.0,False,0,,lead-in under 10 min,False
202604231700,M4.9,M,-4.309804,2026-04-23 17:00:00,2026-04-23 17:08:00,2026-04-23 16:46:00,14.0,False,0.0,0.0,False,0.0,False,0.0,False,0.0,0.0,0.0,False,0.0,False,0.0,False,0.0,False,0.0,False,0.0,False,0.0,False,0.0,0.0,0.0,False,0.0,False,0.0,False,0.0,False,0.0,False,0.0,False,0.0,False,0.0,0.0,0.0,False,0.0,False,0.0,False,0.0,False,0,,common coverage under 80%,False
202604231959,C4.1,C,-5.387216,2026-04-23 19:59:00,2026-04-23 20:06:00,2026-04-23 18:59:00,60.0,True,0.0,0.0,False,0.0,False,0.0,False,0.0,0.0,0.0,False,0.0,False,0.0,False,0.0,False,0.0,False,0.0,False,0.0,False,0.0,0.0,0.0,False,0.0,False,0.0,False,0.0,False,0.0,False,0.0,False,0.0,False,0.0,0.0,0.0,False,0.0,False,0.0,False,0.0,False,0,,common coverage under 80%,False
202604232304,C3.7,C,-5.431798,2026-04-23 23:04:00,2026-04-23 23:16:00,2026-04-23 22:04:00,60.0,True,0.0,0.0,False,0.0,False,0.0,False,0.0,0.0,0.0,False,0.0,False,0.0,False,0.0,False,0.0,False,0.0,False,0.0,False,0.0,0.0,0.0,False,0.0,False,0.0,False,0.0,False,0.0,False,0.0,False,0.0,False,0.0,0.0,0.0,False,0.0,False,0.0,False,0.0,False,0,,common coverage under 80%,False
202604240051,X2.4,X,-3.619789,2026-04-24 00:51:00,2026-04-24 01:07:00,2026-04-23 23:51:00,60.0,True,0.0,0.0,False,0.0,False,0.0,False,0.0,0.0,0.0,False,0.0,False,0.0,False,0.0,False,0.0,False,0.0,False,0.0,False,0.0,0.0,0.0,False,0.0,False,0.0,False,0.0,False,0.0,False,0.0,False,0.0,False,0.0,0.0,0.0,False,0.0,False,0.0,False,0.0,False,0,,common coverage under 80%,False
202604240357,C7.9,C,-5.102373,2026-04-24 03:57:00,2026-04-24 04:01:00,2026-04-24 02:57:00,60.0,True,0.969697,31.333333,False,63.333333,True,21.333333,False,32.0,-10.0,42.0,True,32.0,True,22.0,True,22.0,True,41.333333,False,63.333333,True,35.333333,False,22.0,-6.0,42.0,True,26.0,True,22.0,True,22.0,True,39.333333,False,63.333333,True,21.333333,False,24.0,-18.0,20.0,False,26.0,True,22.0,True,22.0,True,15,0.116627,alert already on (left-censored),False
202604240522,C3.1,C,-5.508638,2026-04-24 05:22:00,2026-04-24 05:30:00,2026-04-24 04:22:00,60.0,True,0.971429,2.333333,False,58.333333,False,2.333333,False,56.0,0.0,56.0,False,56.0,False,56.0,False,64.0,True,2.333333,False,58.333333,False,2.333333,False,56.0,0.0,56.0,False,56.0,False,60.0,False,64.0,True,0.333333,False,58.333333,False,2.333333,False,58.0,2.0,58.0,False,58.0,False,60.0,False,64.0,True,15,0.127838,,True
202604240707,C3.9,C,-5.408935,2026-04-24 07:07:00,2026-04-24 07:11:00,2026-04-24 06:07:00,60.0,True,0.969697,1.333333,False,59.333333,False,1.333333,False,58.0,0.0,58.0,False,58.0,False,24.0,False,18.0,False,1.333333,False,59.333333,False,1.333333,False,58.0,0.0,58.0,False,58.0,False,60.0,False,28.0,True,1.333333,False,59.333333,False,1.333333,False,58.0,0.0,58.0,False,58.0,False,60.0,False,62.0,True,15,0.105109,,True
202604240801,X2.5,X,-3.60206,2026-04-24 08:01:00,2026-04-24 08:13:00,2026-04-24 07:18:00,43.0,False,0.964286,37.333333,False,47.333333,False,19.333333,False,10.0,-18.0,10.0,False,12.0,False,12.0,False,16.0,True,37.333333,False,49.333333,False,19.333333,False,12.0,-18.0,40.0,False,12.0,False,14.0,False,16.0,True,7.333333,False,49.333333,False,7.333333,False,42.0,0.0,40.0,False,42.0,False,44.0,False,46.0,True,15,0.136632,,True
202604240857,M1.9,M,-4.721246,2026-04-24 08:57:00,2026-04-24 09:07:00,2026-04-24 08:18:00,39.0,False,0.96,47.333333,True,47.333333,True,3.333333,False,0.0,-44.0,0.0,True,0.0,True,0.0,True,0.0,True,47.333333,True,47.333333,True,47.333333,True,0.0,0.0,0.0,True,0.0,True,0.0,True,0.0,True,47.333333,True,47.333333,True,47.333333,True,0.0,0.0,0.0,False,0.0,True,0.0,True,0.0,True,15,-0.000593,alert already on (left-censored),False
202604241050,C4.5,C,-5.346787,2026-04-24 10:50:00,2026-04-24 10:57:00,2026-04-24 09:50:00,60.0,True,0.970588,1.333333,False,7.333333,False,1.333333,False,6.0,0.0,6.0,False,6.0,False,64.0,True,64.0,True,1.333333,False,7.333333,False,1.333333,False,6.0,0.0,6.0,False,6.0,False,16.0,False,64.0,True,1.333333,False,7.333333,False,1.333333,False,6.0,0.0,3.333333,False,6.0,False,16.0,False,24.0,False,15,-0.007956,,True
202604241216,C3.9,C,-5.408935,2026-04-24 12:16:00,2026-04-24 12:21:00,2026-04-24 11:16:00,60.0,True,0.939394,59.333333,False,59.333333,False,19.333333,False,0.0,-40.0,40.0,False,4.0,True,4.0,True,4.0,True,59.333333,False,63.333333,True,57.333333,False,4.0,-2.0,44.0,False,44.0,True,4.0,True,4.0,True,17.333333,False,63.333333,True,17.333333,False,46.0,0.0,46.0,True,46.0,True,46.0,True,4.0,True,14,0.103965,alert already on (left-censored),False
202604241234,M1.7,M,-4.769551,2026-04-24 12:34:00,2026-04-24 13:01:00,2026-04-24 12:32:00,2.0,False,0.933333,25.333333,False,25.333333,False,25.333333,False,0.0,0.0,0.0,False,2.0,True,2.0,True,2.0,True,25.333333,False,27.333333,True,27.333333,True,2.0,2.0,2.0,True,2.0,True,2.0,True,2.0,True,25.333333,False,27.333333,True,27.333333,True,2.0,2.0,2.0,True,2.0,True,2.0,True,2.0,True,1,,lead-in under 10 min,False
202604241433,C3.5,C,-5.455932,2026-04-24 14:33:00,2026-04-24 14:38:00,2026-04-24 13:33:00,60.0,True,1.0,60.333333,False,52.333333,False,52.333333,False,-8.0,-8.0,0.0,False,-2.0,False,0.0,False,0.0,False,62.333333,False,62.333333,False,62.333333,False,0.0,0.0,0.0,False,0.0,False,2.0,True,2.0,True,62.333333,False,64.333333,True,64.333333,True,2.0,2.0,8.0,False,2.0,True,2.0,True,0.0,True,15,-0.066189,alert already on (left-censored),False
202604241555,C3.7,C,-5.431798,2026-04-24 15:55:00,2026-04-24 16:06:00,2026-04-24 14:55:00,60.0,True,1.0,64.333333,False,58.333333,False,56.333333,False,-6.0,-8.0,6.0,False,-6.0,True,0.0,True,0.0,True,70.333333,True,70.333333,True,70.333333,True,0.0,0.0,12.0,False,0.0,True,0.0,True,0.0,True,70.333333,True,70.333333,True,70.333333,True,0.0,0.0,0.0,True,0.0,True,0.0,True,0.0,True,15,0.141866,alert already on (left-censored),False
202604241640,C3.4,C,-5.468521,2026-04-24 16:40:00,2026-04-24 16:44:00,2026-04-24 16:14:00,26.0,False,0.9375,28.333333,True,28.333333,True,28.333333,True,0.0,0.0,0.0,True,0.0,True,0.0,True,0.0,True,28.333333,True,28.333333,True,28.333333,True,0.0,0.0,0.0,True,0.0,True,0.0,True,0.0,True,28.333333,True,28.333333,True,28.333333,True,0.0,0.0,20.0,True,0.0,True,0.0,True,0.0,True,13,0.151863,alert already on (left-censored),False
202604241704,C7.0,C,-5.154902,2026-04-24 17:04:00,2026-04-24 17:15:00,2026-04-24 16:48:00,16.0,False,0.928571,25.333333,True,25.333333,True,17.333333,False,0.0,-8.0,4.0,False,0.0,True,0.0,True,0.0,True,25.333333,True,25.333333,True,25.333333,True,0.0,0.0,12.0,True,0.0,True,0.0,True,0.0,True,13.333333,False,25.333333,True,25.333333,True,12.0,12.0,18.0,True,12.0,True,0.0,True,0.0,True,8,0.174906,alert already on (left-censored),False
202604241754,M6.4,M,-4.19382,2026-04-24 17:54:00,2026-04-24 18:15:00,2026-04-24 17:26:00,28.0,False,0.96,15.333333,False,47.333333,True,47.333333,True,32.0,32.0,10.0,False,32.0,True,16.0,True,0.0,True,15.333333,False,47.333333,True,47.333333,True,32.0,32.0,10.0,False,32.0,True,32.0,True,12.0,True,13.333333,False,47.333333,True,19.333333,False,34.0,6.0,12.0,False,34.0,True,32.0,True,32.0,True,14,0.076126,alert already on (left-censored),False
202604250117,C4.6,C,-5.337242,2026-04-25 01:17:00,2026-04-25 01:33:00,2026-04-25 00:17:00,60.0,True,0.974359,75.333333,True,75.333333,True,75.333333,True,0.0,0.0,0.0,True,0.0,True,0.0,True,0.0,True,75.333333,True,75.333333,True,75.333333,True,0.0,0.0,0.0,True,0.0,True,0.0,True,0.0,True,75.333333,True,75.333333,True,75.333333,True,0.0,0.0,0.0,True,0.0,True,0.0,True,0.0,True,15,0.070941,alert already on (left-censored),False
202604250703,C1.3,C,-5.886057,2026-04-25 07:03:00,2026-04-25 07:08:00,2026-04-25 06:03:00,60.0,True,1.0,62.333333,False,58.333333,False,58.333333,False,-4.0,-4.0,0.0,False,-4.0,False,0.0,True,0.0,True,64.333333,True,64.333333,True,64.333333,True,0.0,0.0,0.0,False,2.0,True,0.0,True,0.0,True,64.333333,True,64.333333,True,64.333333,True,0.0,0.0,-4.0,False,0.0,True,0.0,True,0.0,True,15,-0.018881,alert already on (left-censored),False
202604250740,C2.4,C,-5.619789,2026-04-25 07:40:00,2026-04-25 07:46:00,2026-04-25 07:12:00,28.0,False,0.944444,2.333333,False,2.333333,False,2.333333,False,0.0,0.0,0.0,False,-30.0,True,-30.0,True,0.0,True,2.333333,False,2.333333,False,2.333333,False,0.0,0.0,2.0,False,0.0,False,0.0,True,0.0,True,0.333333,False,32.333333,True,2.333333,False,32.0,2.0,2.0,False,2.0,False,30.0,True,0.0,True,14,-0.015369,alert already on (left-censored),False
202604250756,M1.3,M,-4.886057,2026-04-25 07:56:00,2026-04-25 07:59:00,2026-04-25 07:49:00,7.0,False,0.833333,9.333333,True,9.333333,True,9.333333,True,0.0,0.0,0.0,True,0.0,True,0.0,True,0.0,True,9.333333,True,9.333333,True,9.333333,True,0.0,0.0,0.0,True,0.0,True,0.0,True,0.0,True,9.333333,True,9.333333,True,9.333333,True,0.0,0.0,0.0,True,0.0,True,0.0,True,0.0,True,4,,lead-in under 10 min,False
202604250930,C2.1,C,-5.677781,2026-04-25 09:30:00,2026-04-25 09:32:00,2026-04-25 08:30:00,60.0,True,0.96875,0.333333,False,26.333333,False,26.333333,False,26.0,26.0,16.333333,False,26.0,False,34.0,False,22.0,False,0.333333,False,16.333333,False,26.333333,False,16.0,26.0,16.333333,False,16.0,False,34.0,False,38.0,False,0.0,False,16.333333,False,0.333333,False,16.333333,0.333333,0.333333,False,16.333333,False,16.333333,False,34.333333,False,15,-0.01258,,True
202604250947,C3.2,C,-5.49485,2026-04-25 09:47:00,2026-04-25 09:54:00,2026-04-25 09:35:00,12.0,False,1.0,0.333333,False,2.333333,False,0.333333,False,2.0,0.0,2.0,False,4.0,False,4.0,False,0.0,True,0.333333,False,2.333333,False,2.333333,False,2.0,2.0,2.0,False,2.0,False,18.0,True,18.0,True,0.333333,False,18.333333,True,18.333333,True,18.0,18.0,0.0,False,18.0,True,18.0,True,18.0,True,6,-0.001204,alert already on (left-censored),False
202604251225,C1.4,C,-5.853872,2026-04-25 12:25:00,2026-04-25 12:31:00,2026-04-25 11:25:00,60.0,True,0.794118,19.333333,False,43.333333,False,43.333333,False,24.0,24.0,36.0,False,32.0,False,22.0,True,2.0,True,19.333333,False,51.333333,False,43.333333,False,32.0,24.0,24.0,False,32.0,False,46.0,True,22.0,True,19.333333,False,63.333333,False,47.333333,False,44.0,28.0,24.0,False,32.0,False,46.0,True,46.0,True,9,0.00901,common coverage under 80%,False
202604251308,C3.8,C,-5.420216,2026-04-25 13:08:00,2026-04-25 13:20:00,2026-04-25 12:34:00,34.0,False,0.958333,32.333333,False,28.333333,False,44.333333,True,-4.0,12.0,0.0,False,12.0,True,0.0,True,0.0,True,32.333333,False,44.333333,True,44.333333,True,12.0,12.0,-24.0,False,12.0,True,12.0,True,0.0,True,28.333333,False,44.333333,True,44.333333,True,16.0,16.0,-22.0,False,16.0,True,12.0,True,10.0,True,15,-0.049552,alert already on (left-censored),False
202604251422,M1.1,M,-4.958607,2026-04-25 14:22:00,2026-04-25 14:30:00,2026-04-25 13:28:00,54.0,False,0.96875,18.333333,False,18.333333,False,18.333333,False,0.0,0.0,2.0,False,0.0,False,38.0,False,38.0,False,18.333333,False,18.333333,False,0.333333,False,0.0,-18.0,18.0,False,0.0,False,0.0,False,38.0,False,0.333333,False,18.333333,False,0.333333,False,18.0,0.0,0.0,False,18.0,False,18.0,False,2.0,False,15,-0.037518,,True
202604251553,C2.1,C,-5.677781,2026-04-25 15:53:00,2026-04-25 16:02:00,2026-04-25 14:53:00,60.0,True,1.0,4.333333,False,6.333333,False,6.333333,False,2.0,2.0,2.0,False,0.0,False,-10.0,False,-12.0,False,4.333333,False,6.333333,False,6.333333,False,2.0,2.0,0.0,False,2.0,False,2.0,False,-10.0,False,2.333333,False,4.333333,False,4.333333,False,2.0,2.0,2.0,False,2.0,False,2.0,False,2.0,False,15,-0.025228,,True
202604251926,C3.9,C,-5.408935,2026-04-25 19:26:00,2026-04-25 19:38:00,2026-04-25 18:26:00,60.0,True,0.972973,64.333333,False,54.333333,False,54.333333,False,-10.0,-10.0,0.0,False,0.0,False,-2.0,False,-4.0,True,66.333333,False,54.333333,False,54.333333,False,-12.0,-12.0,0.0,False,-10.0,False,-6.0,True,0.0,True,70.333333,True,64.333333,False,54.333333,False,-6.0,-16.0,-8.0,False,-16.0,True,0.0,True,0.0,True,15,-0.016592,alert already on (left-censored),False
202604252124,C3.5,C,-5.455932,2026-04-25 21:24:00,2026-04-25 21:26:00,2026-04-25 20:24:00,60.0,True,0.96875,54.333333,False,54.333333,False,52.333333,False,0.0,-2.0,0.0,False,0.0,False,-6.0,True,-6.0,True,54.333333,False,54.333333,False,52.333333,False,0.0,-2.0,0.0,False,0.0,False,0.0,False,0.0,False,52.333333,False,52.333333,False,52.333333,False,0.0,0.0,0.0,False,0.0,False,0.0,False,2.0,False,15,-0.029092,,True
202604252342,C1.9,C,-5.721246,2026-04-25 23:42:00,2026-04-25 23:48:00,2026-04-25 22:42:00,60.0,True,0.970588,62.333333,False,64.333333,True,62.333333,False,2.0,0.0,12.0,True,2.0,True,2.0,True,2.0,True,62.333333,False,64.333333,True,62.333333,False,2.0,0.0,48.0,True,2.0,True,2.0,True,2.0,True,16.333333,False,64.333333,True,42.333333,False,48.0,26.0,36.0,False,48.0,True,44.0,True,12.0,True,15,-0.006757,alert already on (left-censored),False
202604260008,M1.3,M,-4.886057,2026-04-26 00:08:00,2026-04-26 00:23:00,2026-04-25 23:55:00,13.0,False,0.866667,27.333333,True,27.333333,True,27.333333,True,0.0,0.0,0.0,True,0.0,True,0.0,True,0.0,True,27.333333,True,27.333333,True,27.333333,True,0.0,0.0,0.0,True,0.0,True,0.0,True,0.0,True,27.333333,True,27.333333,True,27.333333,True,0.0,0.0,0.0,True,0.0,True,0.0,True,0.0,True,6,-0.118471,alert already on (left-censored),False
202604260519,C2.1,C,-5.677781,2026-04-26 05:19:00,2026-04-26 05:26:00,2026-04-26 04:19:00,60.0,True,1.0,2.333333,False,52.333333,False,18.333333,False,50.0,16.0,50.0,False,50.0,False,34.0,False,44.0,False,2.333333,False,52.333333,False,52.333333,False,50.0,50.0,0.0,False,50.0,False,52.0,False,48.0,True,2.333333,False,52.333333,False,66.333333,True,50.0,64.0,0.0,False,50.0,False,58.0,False,48.0,True,15,-0.020756,,True
202604260708,C3.8,C,-5.420216,2026-04-26 07:08:00,2026-04-26 07:19:00,2026-04-26 06:08:00,60.0,True,0.972222,59.333333,False,59.333333,False,59.333333,False,0.0,0.0,0.0,False,0.0,False,0.0,True,0.0,True,59.333333,False,59.333333,False,69.333333,True,0.0,10.0,56.0,False,0.0,False,10.0,True,0.0,True,59.333333,False,59.333333,False,69.333333,True,0.0,10.0,4.0,False,0.0,False,10.0,True,0.0,True,15,0.02382,,True
202604261103,C3.5,C,-5.455932,2026-04-26 11:03:00,2026-04-26 11:17:00,2026-04-26 10:03:00,60.0,True,0.973684,65.333333,False,65.333333,False,65.333333,False,0.0,0.0,0.0,False,0.0,False,0.0,False,0.0,False,65.333333,False,65.333333,False,65.333333,False,0.0,0.0,0.0,False,0.0,False,0.0,False,0.0,False,65.333333,False,65.333333,False,65.333333,False,0.0,0.0,-10.0,False,0.0,False,0.0,False,0.0,False,15,-0.044357,,True
202604261132,C3.5,C,-5.455932,2026-04-26 11:32:00,2026-04-26 11:36:00,2026-04-26 11:26:00,6.0,False,0.833333,0.333333,False,2.333333,False,0.333333,False,2.0,0.0,2.0,False,2.0,False,0.0,False,-6.0,True,0.333333,False,2.333333,False,0.333333,False,2.0,0.0,2.0,False,2.0,False,2.0,False,2.0,False,0.333333,False,2.333333,False,0.333333,False,2.0,0.0,0.0,False,0.0,False,2.0,False,2.0,False,3,,lead-in under 10 min,False
202604261218,C1.9,C,-5.721246,2026-04-26 12:18:00,2026-04-26 12:22:00,2026-04-26 11:40:00,38.0,False,0.954545,40.333333,True,0.333333,False,0.333333,False,-40.0,-40.0,-40.0,True,-38.0,True,-26.0,True,-26.0,True,40.333333,True,0.333333,False,0.333333,False,-40.0,-40.0,0.0,False,-40.0,True,-26.0,True,-26.0,True,0.333333,False,0.333333,False,0.333333,False,0.0,0.0,0.0,False,0.0,False,0.0,False,-26.0,True,15,-0.001624,,True
202604261231,C2.5,C,-5.60206,2026-04-26 12:31:00,2026-04-26 12:37:00,2026-04-26 12:31:00,0.0,False,0.75,5.333333,True,5.333333,True,5.333333,True,0.0,0.0,0.0,True,0.0,True,0.0,True,0.0,True,5.333333,True,5.333333,True,5.333333,True,0.0,0.0,0.0,True,0.0,True,0.0,True,0.0,True,5.333333,True,5.333333,True,5.333333,True,0.0,0.0,0.0,True,0.0,True,0.0,True,0.0,True,0,,lead-in under 10 min,False
202604261354,M1.4,M,-4.853872,2026-04-26 13:54:00,2026-04-26 14:03:00,2026-04-26 12:54:00,60.0,True,0.971429,59.333333,False,67.333333,True,59.333333,False,8.0,0.0,48.0,False,8.0,True,8.0,True,0.0,True,59.333333,False,67.333333,True,59.333333,False,8.0,0.0,48.0,False,8.0,True,8.0,True,8.0,True,23.333333,False,67.333333,True,13.333333,False,44.0,-10.0,46.0,False,54.0,True,44.0,True,44.0,True,15,0.13947,alert already on (left-censored),False
202604261418,C8.4,C,-5.075721,2026-04-26 14:18:00,2026-04-26 14:25:00,2026-04-26 14:08:00,10.0,False,0.888889,15.333333,True,5.333333,False,5.333333,False,-10.0,-10.0,-10.0,True,-10.0,True,-10.0,True,0.0,True,15.333333,True,5.333333,False,5.333333,False,-10.0,-10.0,-10.0,True,-10.0,True,-10.0,True,0.0,True,15.333333,True,5.333333,False,5.333333,False,-10.0,-10.0,2.0,False,-10.0,True,-10.0,True,-8.0,True,5,-0.02309,alert already on (left-censored),False
202604261504,C2.7,C,-5.568636,2026-04-26 15:04:00,2026-04-26 15:11:00,2026-04-26 14:33:00,31.0,False,0.95,37.333333,True,37.333333,True,37.333333,True,0.0,0.0,0.0,True,0.0,True,0.0,True,0.0,True,37.333333,True,37.333333,True,37.333333,True,0.0,0.0,0.0,True,0.0,True,0.0,True,0.0,True,37.333333,True,37.333333,True,37.333333,True,0.0,0.0,37.333333,True,0.0,True,0.0,True,0.0,True,15,0.030284,alert already on (left-censored),False
202604261518,C2.9,C,-5.537602,2026-04-26 15:18:00,2026-04-26 15:22:00,2026-04-26 15:18:00,0.0,False,0.666667,2.333333,True,2.333333,True,2.333333,True,0.0,0.0,0.0,True,0.0,True,0.0,True,0.0,True,2.333333,True,2.333333,True,2.333333,True,0.0,0.0,0.0,True,0.0,True,0.0,True,0.0,True,2.333333,True,2.333333,True,2.333333,True,0.0,0.0,0.0,True,0.0,True,0.0,True,0.0,True,0,,lead-in under 10 min,False
202604261549,C5.0,C,-5.30103,2026-04-26 15:49:00,2026-04-26 16:01:00,2026-04-26 15:29:00,20.0,False,0.941176,21.333333,False,23.333333,False,21.333333,False,2.0,0.0,2.0,False,0.0,False,0.0,False,0.0,False,21.333333,False,23.333333,False,21.333333,False,2.0,0.0,2.0,False,2.0,False,0.0,False,8.0,True,21.333333,False,23.333333,False,21.333333,False,2.0,0.0,12.0,False,2.0,False,4.0,False,8.0,True,10,0.032282,,True
202604261607,C4.9,C,-5.309804,2026-04-26 16:07:00,2026-04-26 16:13:00,2026-04-26 16:07:00,0.0,False,0.75,5.333333,True,5.333333,True,5.333333,True,0.0,0.0,0.0,True,0.0,True,0.0,True,0.0,True,5.333333,True,5.333333,True,5.333333,True,0.0,0.0,0.0,True,0.0,True,0.0,True,0.0,True,5.333333,True,5.333333,True,5.333333,True,0.0,0.0,0.0,True,0.0,True,0.0,True,0.0,True,0,,lead-in under 10 min,False
202604261734,C5.4,C,-5.267606,2026-04-26 17:34:00,2026-04-26 17:39:00,2026-04-26 16:34:00,60.0,True,0.969697,51.333333,False,55.333333,False,53.333333,False,4.0,2.0,2.0,False,12.0,True,10.0,True,10.0,True,51.333333,False,63.333333,True,53.333333,False,12.0,2.0,2.0,False,12.0,True,12.0,True,10.0,True,51.333333,False,63.333333,True,53.333333,False,12.0,2.0,52.0,False,62.0,True,12.0,True,12.0,True,15,0.108293,alert already on (left-censored),False
202604261757,C9.7,C,-5.013228,2026-04-26 17:57:00,2026-04-26 18:03:00,2026-04-26 17:42:00,15.0,False,0.909091,19.333333,True,15.333333,False,11.333333,False,-4.0,-8.0,0.0,False,-4.0,True,0.0,True,0.0,True,19.333333,True,15.333333,False,11.333333,False,-4.0,-8.0,4.0,False,-4.0,True,0.0,True,0.0,True,3.333333,False,19.333333,True,11.333333,False,16.0,8.0,12.0,False,16.0,True,0.0,True,0.0,True,7,0.11346,alert already on (left-censored),False
202604261900,C8.8,C,-5.055517,2026-04-26 19:00:00,2026-04-26 19:15:00,2026-04-26 18:09:00,51.0,False,0.970588,65.333333,True,65.333333,True,65.333333,True,0.0,0.0,0.0,True,0.0,True,0.0,True,0.0,True,65.333333,True,65.333333,True,65.333333,True,0.0,0.0,0.0,True,0.0,True,0.0,True,0.0,True,65.333333,True,65.333333,True,65.333333,True,0.0,0.0,-14.0,True,0.0,True,0.0,True,0.0,True,15,0.113705,alert already on (left-censored),False
202604261918,M1.7,M,-4.769551,2026-04-26 19:18:00,2026-04-26 19:24:00,2026-04-26 19:18:00,0.0,False,0.75,4.333333,True,4.333333,True,4.333333,True,0.0,0.0,0.0,True,0.0,True,0.0,True,0.0,True,4.333333,True,4.333333,True,4.333333,True,0.0,0.0,0.0,True,0.0,True,0.0,True,0.0,True,4.333333,True,4.333333,True,4.333333,True,0.0,0.0,0.0,True,0.0,True,0.0,True,0.0,True,0,,lead-in under 10 min,False
202604261954,M2.2,M,-4.657577,2026-04-26 19:54:00,2026-04-26 20:04:00,2026-04-26 19:27:00,27.0,False,1.0,36.333333,True,36.333333,True,36.333333,True,0.0,0.0,0.0,True,0.0,True,0.0,True,0.0,True,36.333333,True,36.333333,True,36.333333,True,0.0,0.0,0.0,True,0.0,True,0.0,True,0.0,True,36.333333,True,36.333333,True,36.333333,True,0.0,0.0,0.0,True,0.0,True,0.0,True,0.0,True,14,-0.014867,alert already on (left-censored),False
202604262130,C5.0,C,-5.30103,2026-04-26 21:30:00,2026-04-26 21:35:00,2026-04-26 20:30:00,60.0,True,0.969697,55.333333,False,61.333333,False,61.333333,False,6.0,6.0,54.0,False,2.0,True,2.0,True,0.0,True,61.333333,False,63.333333,True,61.333333,False,2.0,0.0,60.0,False,2.0,True,0.0,True,0.0,True,61.333333,False,63.333333,True,63.333333,True,2.0,2.0,54.0,False,2.0,True,0.0,True,0.0,True,15,0.02581,alert already on (left-censored),False
202604262139,C7.7,C,-5.113509,2026-04-26 21:39:00,2026-04-26 21:48:00,2026-04-26 21:37:00,2.0,False,1.0,10.333333,True,10.333333,True,10.333333,True,0.0,0.0,0.0,True,0.0,True,0.0,True,0.0,True,10.333333,True,10.333333,True,10.333333,True,0.0,0.0,0.0,True,0.0,True,0.0,True,0.0,True,10.333333,True,10.333333,True,10.333333,True,0.0,0.0,0.0,True,0.0,True,0.0,True,0.0,True,1,,lead-in under 10 min,False
202604262243,C5.4,C,-5.267606,2026-04-26 22:43:00,2026-04-26 22:48:00,2026-04-26 21:54:00,49.0,False,0.964286,52.333333,True,52.333333,True,52.333333,True,0.0,0.0,0.0,True,0.0,True,0.0,True,0.0,True,52.333333,True,52.333333,True,52.333333,True,0.0,0.0,0.0,True,0.0,True,0.0,True,0.0,True,52.333333,True,52.333333,True,52.333333,True,0.0,0.0,0.0,True,0.0,True,0.0,True,0.0,True,15,0.020623,alert already on (left-censored),False
202604262251,M6.0,M,-4.221849,2026-04-26 22:51:00,2026-04-26 22:57:00,2026-04-26 22:51:00,0.0,False,0.75,5.333333,True,5.333333,True,5.333333,True,0.0,0.0,0.0,True,0.0,True,0.0,True,0.0,True,5.333333,True,5.333333,True,5.333333,True,0.0,0.0,0.0,True,0.0,True,0.0,True,0.0,True,5.333333,True,5.333333,True,5.333333,True,0.0,0.0,0.0,True,0.0,True,0.0,True,0.0,True,0,,lead-in under 10 min,False
202604270058,C2.7,C,-5.568636,2026-04-27 00:58:00,2026-04-27 01:05:00,2026-04-26 23:58:00,60.0,True,0.941176,53.333333,False,63.333333,True,63.333333,True,10.0,10.0,0.0,False,10.0,True,6.0,True,6.0,True,53.333333,False,63.333333,True,63.333333,True,10.0,10.0,10.0,True,10.0,True,10.0,True,6.0,True,53.333333,False,63.333333,True,63.333333,True,10.0,10.0,10.0,True,10.0,True,10.0,True,10.0,True,15,0.165799,alert already on (left-censored),False
202604270107,C3.3,C,-5.481486,2026-04-27 01:07:00,2026-04-27 01:21:00,2026-04-27 01:07:00,0.0,False,0.875,13.333333,True,13.333333,True,13.333333,True,0.0,0.0,0.0,True,0.0,True,0.0,True,0.0,True,13.333333,True,13.333333,True,13.333333,True,0.0,0.0,0.0,True,0.0,True,0.0,True,0.0,True,13.333333,True,13.333333,True,13.333333,True,0.0,0.0,0.0,True,0.0,True,0.0,True,0.0,True,0,,lead-in under 10 min,False
202604270128,C4.6,C,-5.337242,2026-04-27 01:28:00,2026-04-27 01:37:00,2026-04-27 01:26:00,2.0,False,0.833333,9.333333,True,9.333333,True,9.333333,True,0.0,0.0,2.0,True,0.0,True,0.0,True,0.0,True,9.333333,True,9.333333,True,9.333333,True,0.0,0.0,2.0,True,0.0,True,0.0,True,0.0,True,9.333333,True,9.333333,True,9.333333,True,0.0,0.0,2.0,True,0.0,True,0.0,True,0.0,True,1,,lead-in under 10 min,False
202604270153,C6.8,C,-5.167491,2026-04-27 01:53:00,2026-04-27 02:03:00,2026-04-27 01:42:00,11.0,False,0.909091,7.333333,False,7.333333,False,7.333333,False,0.0,0.0,0.0,False,-12.0,True,-12.0,True,0.0,True,19.333333,True,7.333333,False,9.333333,False,-12.0,-10.0,0.0,False,0.0,False,-4.0,True,0.0,True,7.333333,False,15.333333,False,13.333333,False,8.0,6.0,2.0,False,8.0,False,12.0,True,0.0,True,5,0.040035,,True
202604270209,C6.5,C,-5.187087,2026-04-27 02:09:00,2026-04-27 02:15:00,2026-04-27 02:09:00,0.0,False,0.75,5.333333,True,5.333333,True,5.333333,True,0.0,0.0,0.0,True,0.0,True,0.0,True,0.0,True,5.333333,True,5.333333,True,5.333333,True,0.0,0.0,0.0,True,0.0,True,0.0,True,0.0,True,5.333333,True,5.333333,True,5.333333,True,0.0,0.0,0.0,True,0.0,True,0.0,True,0.0,True,0,,lead-in under 10 min,False
202604270330,C5.9,C,-5.229148,2026-04-27 03:30:00,2026-04-27 03:37:00,2026-04-27 02:30:00,60.0,True,0.970588,57.333333,False,57.333333,False,17.333333,False,0.0,-40.0,40.0,False,0.0,False,0.0,False,0.0,False,57.333333,False,57.333333,False,57.333333,False,0.0,0.0,40.0,False,0.0,False,0.0,False,0.0,False,15.333333,False,57.333333,False,57.333333,False,42.0,42.0,14.0,False,42.0,False,24.0,False,0.0,False,15,-0.018926,,True
202604270405,C3.5,C,-5.455932,2026-04-27 04:05:00,2026-04-27 04:10:00,2026-04-27 03:41:00,24.0,False,1.0,28.333333,True,28.333333,True,28.333333,True,0.0,0.0,0.0,True,0.0,True,0.0,True,0.0,True,28.333333,True,28.333333,True,28.333333,True,0.0,0.0,0.0,True,0.0,True,0.0,True,0.0,True,28.333333,True,28.333333,True,28.333333,True,0.0,0.0,0.0,True,0.0,True,0.0,True,0.0,True,12,-0.055033,alert already on (left-censored),False
202604270537,C1.8,C,-5.744727,2026-04-27 05:37:00,2026-04-27 05:43:00,2026-04-27 04:37:00,60.0,True,0.970588,53.333333,False,65.333333,True,65.333333,True,12.0,12.0,60.0,False,12.0,True,0.0,True,0.0,True,53.333333,False,65.333333,True,65.333333,True,12.0,12.0,62.0,True,12.0,True,0.0,True,0.0,True,53.333333,False,65.333333,True,65.333333,True,12.0,12.0,62.0,False,12.0,True,12.0,True,12.0,True,15,0.071721,alert already on (left-censored),False
202604270602,C1.8,C,-5.744727,2026-04-27 06:02:00,2026-04-27 06:07:00,2026-04-27 05:50:00,12.0,False,0.888889,15.333333,True,3.333333,False,15.333333,True,-12.0,0.0,0.0,False,0.0,True,0.0,True,0.0,True,15.333333,True,15.333333,True,15.333333,True,0.0,0.0,0.0,False,0.0,True,0.0,True,0.0,True,15.333333,True,15.333333,True,15.333333,True,0.0,0.0,0.0,False,0.0,True,0.0,True,0.0,True,6,0.06158,alert already on (left-censored),False
202604270639,M1.0,M,-5.0,2026-04-27 06:39:00,2026-04-27 06:45:00,2026-04-27 06:10:00,29.0,False,0.944444,33.333333,True,11.333333,False,11.333333,False,-22.0,-22.0,0.0,False,-6.0,True,0.0,True,0.0,True,33.333333,True,33.333333,True,27.333333,False,0.0,-6.0,0.0,False,0.0,True,0.0,True,0.0,True,33.333333,True,33.333333,True,33.333333,True,0.0,0.0,0.0,True,0.0,True,0.0,True,0.0,True,14,0.063513,alert already on (left-censored),False
202604270738,C5.4,C,-5.267606,2026-04-27 07:38:00,2026-04-27 07:45:00,2026-04-27 06:50:00,48.0,False,0.964286,53.333333,True,29.333333,False,53.333333,True,-24.0,0.0,-24.0,True,-24.0,True,0.0,True,0.0,True,53.333333,True,29.333333,False,53.333333,True,-24.0,0.0,-24.0,True,-24.0,True,-24.0,True,0.0,True,53.333333,True,29.333333,False,29.333333,False,-24.0,-24.0,26.0,False,-24.0,True,-24.0,True,-24.0,True,15,0.003641,alert already on (left-censored),False
202604271000,C1.6,C,-5.79588,2026-04-27 10:00:00,2026-04-27 10:07:00,2026-04-27 09:00:00,60.0,True,0.970588,9.333333,False,65.333333,True,1.333333,False,56.0,-8.0,-8.0,False,56.0,True,48.0,True,16.0,True,17.333333,False,65.333333,True,9.333333,False,48.0,-8.0,0.0,False,50.0,True,48.0,True,48.0,True,15.333333,False,65.333333,True,13.333333,False,50.0,-2.0,0.0,False,0.0,False,48.0,True,48.0,True,15,-0.023202,alert already on (left-censored),False
202604271837,C1.7,C,-5.769551,2026-04-27 18:37:00,2026-04-27 18:46:00,2026-04-27 17:37:00,60.0,True,1.0,66.333333,False,66.333333,False,64.333333,False,0.0,-2.0,-2.0,False,0.0,False,0.0,True,0.0,True,66.333333,False,68.333333,True,66.333333,False,2.0,0.0,0.0,False,2.0,True,0.0,True,0.0,True,68.333333,True,68.333333,True,68.333333,True,0.0,0.0,0.0,False,0.0,True,0.0,True,0.0,True,15,-0.034569,alert already on (left-censored),False
202604272140,C1.0,C,-6.0,2026-04-27 21:40:00,2026-04-27 21:44:00,2026-04-27 20:40:00,60.0,True,0.969697,54.333333,False,56.333333,False,52.333333,False,2.0,-2.0,0.0,False,2.0,False,0.0,False,0.0,False,54.333333,False,56.333333,False,52.333333,False,2.0,-2.0,0.0,False,2.0,False,2.0,False,0.0,False,54.333333,False,56.333333,False,52.333333,False,2.0,-2.0,-2.0,False,-2.0,False,2.0,False,0.0,False,15,-0.04183,,True
202604272245,C1.4,C,-5.853872,2026-04-27 22:45:00,2026-04-27 22:54:00,2026-04-27 21:48:00,57.0,False,0.970588,64.333333,True,56.333333,False,32.333333,False,-8.0,-32.0,-32.0,True,0.0,True,0.0,True,0.0,True,64.333333,True,64.333333,True,32.333333,False,0.0,-32.0,-32.0,True,0.0,True,0.0,True,0.0,True,64.333333,True,64.333333,True,32.333333,False,0.0,-32.0,-32.0,True,0.0,True,0.0,True,0.0,True,15,-0.106346,alert already on (left-censored),False
202604272306,C5.4,C,-5.267606,2026-04-27 23:06:00,2026-04-27 23:13:00,2026-04-27 22:58:00,8.0,False,0.875,13.333333,True,3.333333,False,3.333333,False,-10.0,-10.0,-10.0,True,-10.0,True,0.0,True,0.0,True,13.333333,True,3.333333,False,3.333333,False,-10.0,-10.0,-10.0,True,-10.0,True,0.0,True,0.0,True,13.333333,True,3.333333,False,3.333333,False,-10.0,-10.0,0.0,False,-10.0,True,0.0,True,0.0,True,4,,lead-in under 10 min,False
202604280054,C2.3,C,-5.638272,2026-04-28 00:54:00,2026-04-28 01:03:00,2026-04-27 23:54:00,60.0,True,0.942857,5.333333,False,5.333333,False,5.333333,False,0.0,0.0,0.0,False,48.0,False,48.0,False,48.0,False,5.333333,False,5.333333,False,5.333333,False,0.0,0.0,0.0,False,0.0,False,48.0,False,48.0,False,5.333333,False,5.333333,False,5.333333,False,0.0,0.0,0.0,False,0.0,False,0.0,False,48.0,False,15,-0.026765,,True
202604280122,C2.7,C,-5.568636,2026-04-28 01:22:00,2026-04-28 01:32:00,2026-04-28 01:10:00,12.0,False,0.916667,6.333333,False,20.333333,True,20.333333,True,14.0,14.0,0.0,False,14.0,True,12.0,True,8.0,True,6.333333,False,20.333333,True,4.333333,False,14.0,-2.0,2.0,False,14.0,True,14.0,True,14.0,True,4.333333,False,6.333333,False,4.333333,False,2.0,0.0,2.0,False,2.0,False,2.0,False,16.0,True,6,-0.083837,,True
202604280458,C1.6,C,-5.79588,2026-04-28 04:58:00,2026-04-28 05:06:00,2026-04-28 03:58:00,60.0,True,0.971429,66.333333,True,66.333333,True,48.333333,False,0.0,-18.0,-14.0,True,0.0,True,0.0,True,0.0,True,66.333333,True,66.333333,True,48.333333,False,0.0,-18.0,-14.0,True,0.0,True,0.0,True,0.0,True,66.333333,True,66.333333,True,62.333333,False,0.0,-4.0,-18.0,True,0.0,True,0.0,True,0.0,True,15,-0.038643,alert already on (left-censored),False
202604280809,C6.0,C,-5.221849,2026-04-28 08:09:00,2026-04-28 08:17:00,2026-04-28 07:09:00,60.0,True,0.971429,63.333333,False,63.333333,False,63.333333,False,0.0,0.0,0.0,False,0.0,False,0.0,False,-2.0,True,63.333333,False,63.333333,False,63.333333,False,0.0,0.0,0.0,False,0.0,False,0.0,False,-2.0,True,63.333333,False,63.333333,False,63.333333,False,0.0,0.0,-2.0,False,0.0,False,-4.0,True,-2.0,True,15,-0.091257,,True
202604280913,C9.0,C,-5.045757,2026-04-28 09:13:00,2026-04-28 09:23:00,2026-04-28 08:22:00,51.0,False,0.967742,59.333333,True,3.333333,False,3.333333,False,-56.0,-56.0,-56.0,True,-56.0,True,0.0,True,0.0,True,59.333333,True,3.333333,False,3.333333,False,-56.0,-56.0,-56.0,True,-56.0,True,-54.0,True,0.0,True,59.333333,True,3.333333,False,3.333333,False,-56.0,-56.0,-56.0,True,-56.0,True,-56.0,True,-52.0,True,15,-0.018337,alert already on (left-censored),False
202604280928,C7.1,C,-5.148742,2026-04-28 09:28:00,2026-04-28 09:32:00,2026-04-28 09:26:00,2.0,False,0.75,4.333333,True,4.333333,True,4.333333,True,0.0,0.0,0.0,True,0.0,True,0.0,True,0.0,True,4.333333,True,4.333333,True,4.333333,True,0.0,0.0,0.0,True,0.0,True,0.0,True,0.0,True,4.333333,True,4.333333,True,4.333333,True,0.0,0.0,-2.0,True,0.0,True,0.0,True,0.0,True,1,,lead-in under 10 min,False
202604281112,C3.1,C,-5.508638,2026-04-28 11:12:00,2026-04-28 11:18:00,2026-04-28 10:12:00,60.0,True,0.970588,2.333333,False,2.333333,False,2.333333,False,0.0,0.0,0.0,False,0.0,False,20.0,False,20.0,False,2.333333,False,2.333333,False,2.333333,False,0.0,0.0,0.0,False,0.0,False,18.0,False,20.0,False,2.333333,False,2.333333,False,2.333333,False,0.0,0.0,0.0,False,0.0,False,0.0,False,18.0,False,15,-0.025833,,True
202604281141,C9.3,C,-5.031517,2026-04-28 11:41:00,2026-04-28 11:46:00,2026-04-28 11:21:00,20.0,False,1.0,24.333333,True,24.333333,True,24.333333,True,0.0,0.0,0.0,True,0.0,True,0.0,True,0.0,True,24.333333,True,24.333333,True,24.333333,True,0.0,0.0,0.0,True,0.0,True,0.0,True,0.0,True,24.333333,True,24.333333,True,24.333333,True,0.0,0.0,0.0,True,0.0,True,0.0,True,0.0,True,10,-0.062292,alert already on (left-censored),False
202604281200,C7.7,C,-5.113509,2026-04-28 12:00:00,2026-04-28 12:14:00,2026-04-28 11:48:00,12.0,False,0.857143,18.333333,False,16.333333,False,10.333333,False,-2.0,-8.0,0.0,False,-2.0,False,-2.0,False,-2.0,False,18.333333,False,16.333333,False,10.333333,False,-2.0,-8.0,0.0,False,-2.0,False,-2.0,False,-2.0,False,18.333333,False,16.333333,False,10.333333,False,-2.0,-8.0,2.0,False,-2.0,False,-2.0,False,-2.0,False,5,-0.052752,,True
202604281217,M1.0,M,-5.0,2026-04-28 12:17:00,2026-04-28 12:23:00,2026-04-28 12:17:00,0.0,False,0.75,5.333333,True,5.333333,True,5.333333,True,0.0,0.0,0.0,True,0.0,True,0.0,True,0.0,True,5.333333,True,5.333333,True,5.333333,True,0.0,0.0,0.0,True,0.0,True,0.0,True,0.0,True,5.333333,True,5.333333,True,5.333333,True,0.0,0.0,0.0,True,0.0,True,0.0,True,0.0,True,0,,lead-in under 10 min,False
202604281349,M1.5,M,-4.823909,2026-04-28 13:49:00,2026-04-28 13:53:00,2026-04-28 12:49:00,60.0,True,0.969697,59.333333,False,57.333333,False,59.333333,False,-2.0,0.0,0.0,False,-4.0,True,0.0,True,0.0,True,63.333333,True,59.333333,False,59.333333,False,-4.0,-4.0,0.0,False,-4.0,True,0.0,True,0.0,True,63.333333,True,63.333333,True,63.333333,True,0.0,0.0,-2.0,False,0.0,True,0.0,True,0.0,True,15,-0.053936,alert already on (left-censored),False
202604281403,M1.1,M,-4.958607,2026-04-28 14:03:00,2026-04-28 14:07:00,2026-04-28 13:55:00,8.0,False,0.857143,11.333333,True,11.333333,True,11.333333,True,0.0,0.0,-10.0,True,0.0,True,0.0,True,0.0,True,11.333333,True,11.333333,True,11.333333,True,0.0,0.0,-10.0,True,0.0,True,0.0,True,0.0,True,11.333333,True,11.333333,True,11.333333,True,0.0,0.0,-10.0,True,-10.0,True,0.0,True,0.0,True,4,,lead-in under 10 min,False
202604281430,C2.6,C,-5.585027,2026-04-28 14:30:00,2026-04-28 14:33:00,2026-04-28 14:09:00,21.0,False,0.923077,23.333333,True,23.333333,True,23.333333,True,0.0,0.0,0.0,True,0.0,True,0.0,True,0.0,True,23.333333,True,23.333333,True,23.333333,True,0.0,0.0,0.0,True,0.0,True,0.0,True,0.0,True,23.333333,True,23.333333,True,23.333333,True,0.0,0.0,0.0,True,0.0,True,0.0,True,0.0,True,11,-0.057585,alert already on (left-censored),False
202604281549,C4.2,C,-5.376751,2026-04-28 15:49:00,2026-04-28 15:53:00,2026-04-28 14:49:00,60.0,True,0.969697,1.333333,False,15.333333,False,63.333333,True,14.0,62.0,0.0,False,52.0,False,0.0,True,0.0,True,1.333333,False,53.333333,False,63.333333,True,52.0,62.0,0.0,False,52.0,False,0.0,True,0.0,True,1.333333,False,53.333333,False,63.333333,True,52.0,62.0,0.0,False,14.0,False,0.0,True,0.0,True,15,0.026872,,True
202604281601,C2.7,C,-5.568636,2026-04-28 16:01:00,2026-04-28 16:08:00,2026-04-28 15:55:00,6.0,False,1.0,12.333333,True,12.333333,True,12.333333,True,0.0,0.0,0.0,True,0.0,True,0.0,True,0.0,True,12.333333,True,12.333333,True,12.333333,True,0.0,0.0,0.0,True,0.0,True,0.0,True,0.0,True,12.333333,True,12.333333,True,12.333333,True,0.0,0.0,0.0,True,0.0,True,0.0,True,0.0,True,3,,lead-in under 10 min,False
202604281810,C5.2,C,-5.283997,2026-04-28 18:10:00,2026-04-28 18:32:00,2026-04-28 17:10:00,60.0,True,0.97619,40.333333,False,74.333333,False,62.333333,False,34.0,22.0,22.0,False,34.0,False,40.0,True,40.0,True,40.333333,False,80.333333,True,80.333333,True,40.0,40.0,28.0,False,40.0,True,40.0,True,40.0,True,40.333333,False,80.333333,True,80.333333,True,40.0,40.0,34.0,False,40.0,True,40.0,True,40.0,True,15,0.10669,alert already on (left-censored),False
202604281843,C8.1,C,-5.091515,2026-04-28 18:43:00,2026-04-28 18:49:00,2026-04-28 18:43:00,0.0,False,0.75,5.333333,True,5.333333,True,5.333333,True,0.0,0.0,0.0,True,0.0,True,0.0,True,0.0,True,5.333333,True,5.333333,True,5.333333,True,0.0,0.0,0.0,True,0.0,True,0.0,True,0.0,True,5.333333,True,5.333333,True,5.333333,True,0.0,0.0,0.0,True,0.0,True,0.0,True,0.0,True,0,,lead-in under 10 min,False
202604281949,C2.5,C,-5.60206,2026-04-28 19:49:00,2026-04-28 19:53:00,2026-04-28 18:53:00,56.0,False,0.967742,59.333333,True,59.333333,True,59.333333,True,0.0,0.0,0.0,True,0.0,True,0.0,True,0.0,True,59.333333,True,59.333333,True,59.333333,True,0.0,0.0,0.0,True,0.0,True,0.0,True,0.0,True,59.333333,True,59.333333,True,59.333333,True,0.0,0.0,0.0,True,0.0,True,0.0,True,0.0,True,15,-0.025797,alert already on (left-censored),False
202604282202,C3.1,C,-5.508638,2026-04-28 22:02:00,2026-04-28 22:05:00,2026-04-28 21:02:00,60.0,True,0.96875,43.333333,False,51.333333,False,25.333333,False,8.0,-18.0,48.0,False,14.0,False,6.0,True,6.0,True,43.333333,False,61.333333,True,61.333333,True,18.0,18.0,32.0,False,18.0,True,6.0,True,6.0,True,43.333333,False,61.333333,True,61.333333,True,18.0,18.0,52.0,True,18.0,True,6.0,True,0.0,True,15,0.141275,alert already on (left-censored),False
202604282239,C2.0,C,-5.69897,2026-04-28 22:39:00,2026-04-28 22:47:00,2026-04-28 22:07:00,32.0,False,0.952381,39.333333,True,39.333333,True,39.333333,True,0.0,0.0,0.0,True,0.0,True,0.0,True,0.0,True,39.333333,True,39.333333,True,39.333333,True,0.0,0.0,0.0,True,0.0,True,0.0,True,0.0,True,39.333333,True,39.333333,True,39.333333,True,0.0,0.0,0.0,True,0.0,True,0.0,True,0.0,True,15,0.01062,alert already on (left-censored),False
202604290000,C1.7,C,-5.769551,2026-04-29 00:00:00,2026-04-29 00:07:00,2026-04-28 23:04:00,56.0,False,0.0,0.0,False,0.0,False,0.0,False,0.0,0.0,0.0,False,0.0,False,0.0,False,0.0,False,0.0,False,0.0,False,0.0,False,0.0,0.0,0.0,False,0.0,False,0.0,False,0.0,False,0.0,False,0.0,False,0.0,False,0.0,0.0,0.0,False,0.0,False,0.0,False,0.0,False,0,,common coverage under 80%,False
202604290037,C2.4,C,-5.619789,2026-04-29 00:37:00,2026-04-29 00:43:00,2026-04-29 00:16:00,21.0,False,0.0,0.0,False,0.0,False,0.0,False,0.0,0.0,0.0,False,0.0,False,0.0,False,0.0,False,0.0,False,0.0,False,0.0,False,0.0,0.0,0.0,False,0.0,False,0.0,False,0.0,False,0.0,False,0.0,False,0.0,False,0.0,0.0,0.0,False,0.0,False,0.0,False,0.0,False,0,,common coverage under 80%,False
202604290100,C2.1,C,-5.677781,2026-04-29 01:00:00,2026-04-29 01:08:00,2026-04-29 00:49:00,11.0,False,0.0,0.0,False,0.0,False,0.0,False,0.0,0.0,0.0,False,0.0,False,0.0,False,0.0,False,0.0,False,0.0,False,0.0,False,0.0,0.0,0.0,False,0.0,False,0.0,False,0.0,False,0.0,False,0.0,False,0.0,False,0.0,0.0,0.0,False,0.0,False,0.0,False,0.0,False,0,,common coverage under 80%,False
202604290344,C3.0,C,-5.522879,2026-04-29 03:44:00,2026-04-29 03:54:00,2026-04-29 02:44:00,60.0,True,0.0,0.0,False,0.0,False,0.0,False,0.0,0.0,0.0,False,0.0,False,0.0,False,0.0,False,0.0,False,0.0,False,0.0,False,0.0,0.0,0.0,False,0.0,False,0.0,False,0.0,False,0.0,False,0.0,False,0.0,False,0.0,0.0,0.0,False,0.0,False,0.0,False,0.0,False,0,,common coverage under 80%,False
202604290439,C5.1,C,-5.29243,2026-04-29 04:39:00,2026-04-29 04:45:00,2026-04-29 04:05:00,34.0,False,0.0,0.0,False,0.0,False,0.0,False,0.0,0.0,0.0,False,0.0,False,0.0,False,0.0,False,0.0,False,0.0,False,0.0,False,0.0,0.0,0.0,False,0.0,False,0.0,False,0.0,False,0.0,False,0.0,False,0.0,False,0.0,0.0,0.0,False,0.0,False,0.0,False,0.0,False,0,,common coverage under 80%,False
202604290605,C1.8,C,-5.744727,2026-04-29 06:05:00,2026-04-29 06:14:00,2026-04-29 05:05:00,60.0,True,0.0,0.0,False,0.0,False,0.0,False,0.0,0.0,0.0,False,0.0,False,0.0,False,0.0,False,0.0,False,0.0,False,0.0,False,0.0,0.0,0.0,False,0.0,False,0.0,False,0.0,False,0.0,False,0.0,False,0.0,False,0.0,0.0,0.0,False,0.0,False,0.0,False,0.0,False,0,,common coverage under 80%,False
202604290645,C1.4,C,-5.853872,2026-04-29 06:45:00,2026-04-29 06:52:00,2026-04-29 06:23:00,22.0,False,0.0,0.0,False,0.0,False,0.0,False,0.0,0.0,0.0,False,0.0,False,0.0,False,0.0,False,0.0,False,0.0,False,0.0,False,0.0,0.0,0.0,False,0.0,False,0.0,False,0.0,False,0.0,False,0.0,False,0.0,False,0.0,0.0,0.0,False,0.0,False,0.0,False,0.0,False,0,,common coverage under 80%,False
202604290659,C1.3,C,-5.886057,2026-04-29 06:59:00,2026-04-29 07:04:00,2026-04-29 06:59:00,0.0,False,0.0,0.0,False,0.0,False,0.0,False,0.0,0.0,0.0,False,0.0,False,0.0,False,0.0,False,0.0,False,0.0,False,0.0,False,0.0,0.0,0.0,False,0.0,False,0.0,False,0.0,False,0.0,False,0.0,False,0.0,False,0.0,0.0,0.0,False,0.0,False,0.0,False,0.0,False,0,,lead-in under 10 min,False
202604290720,C2.1,C,-5.677781,2026-04-29 07:20:00,2026-04-29 07:28:00,2026-04-29 07:06:00,14.0,False,0.0,0.0,False,0.0,False,0.0,False,0.0,0.0,0.0,False,0.0,False,0.0,False,0.0,False,0.0,False,0.0,False,0.0,False,0.0,0.0,0.0,False,0.0,False,0.0,False,0.0,False,0.0,False,0.0,False,0.0,False,0.0,0.0,0.0,False,0.0,False,0.0,False,0.0,False,0,,common coverage under 80%,False
202604291118,C2.2,C,-5.657577,2026-04-29 11:18:00,2026-04-29 11:34:00,2026-04-29 10:18:00,60.0,True,0.0,0.0,False,0.0,False,0.0,False,0.0,0.0,0.0,False,0.0,False,0.0,False,0.0,False,0.0,False,0.0,False,0.0,False,0.0,0.0,0.0,False,0.0,False,0.0,False,0.0,False,0.0,False,0.0,False,0.0,False,0.0,0.0,0.0,False,0.0,False,0.0,False,0.0,False,0,,common coverage under 80%,False
202604291155,C2.0,C,-5.69897,2026-04-29 11:55:00,2026-04-29 12:02:00,2026-04-29 11:44:00,11.0,False,0.0,0.0,False,0.0,False,0.0,False,0.0,0.0,0.0,False,0.0,False,0.0,False,0.0,False,0.0,False,0.0,False,0.0,False,0.0,0.0,0.0,False,0.0,False,0.0,False,0.0,False,0.0,False,0.0,False,0.0,False,0.0,0.0,0.0,False,0.0,False,0.0,False,0.0,False,0,,common coverage under 80%,False
202604291403,C1.9,C,-5.721246,2026-04-29 14:03:00,2026-04-29 14:13:00,2026-04-29 13:03:00,60.0,True,0.0,0.0,False,0.0,False,0.0,False,0.0,0.0,0.0,False,0.0,False,0.0,False,0.0,False,0.0,False,0.0,False,0.0,False,0.0,0.0,0.0,False,0.0,False,0.0,False,0.0,False,0.0,False,0.0,False,0.0,False,0.0,0.0,0.0,False,0.0,False,0.0,False,0.0,False,0,,common coverage under 80%,False
202604291505,C2.1,C,-5.677781,2026-04-29 15:05:00,2026-04-29 15:09:00,2026-04-29 14:19:00,46.0,False,0.0,0.0,False,0.0,False,0.0,False,0.0,0.0,0.0,False,0.0,False,0.0,False,0.0,False,0.0,False,0.0,False,0.0,False,0.0,0.0,0.0,False,0.0,False,0.0,False,0.0,False,0.0,False,0.0,False,0.0,False,0.0,0.0,0.0,False,0.0,False,0.0,False,0.0,False,0,,common coverage under 80%,False
202604291544,C1.5,C,-5.823909,2026-04-29 15:44:00,2026-04-29 15:51:00,2026-04-29 15:15:00,29.0,False,0.0,0.0,False,0.0,False,0.0,False,0.0,0.0,0.0,False,0.0,False,0.0,False,0.0,False,0.0,False,0.0,False,0.0,False,0.0,0.0,0.0,False,0.0,False,0.0,False,0.0,False,0.0,False,0.0,False,0.0,False,0.0,0.0,0.0,False,0.0,False,0.0,False,0.0,False,0,,common coverage under 80%,False
202604291608,C1.6,C,-5.79588,2026-04-29 16:08:00,2026-04-29 16:16:00,2026-04-29 16:01:00,7.0,False,0.0,0.0,False,0.0,False,0.0,False,0.0,0.0,0.0,False,0.0,False,0.0,False,0.0,False,0.0,False,0.0,False,0.0,False,0.0,0.0,0.0,False,0.0,False,0.0,False,0.0,False,0.0,False,0.0,False,0.0,False,0.0,0.0,0.0,False,0.0,False,0.0,False,0.0,False,0,,lead-in under 10 min,False
202604291930,C2.0,C,-5.69897,2026-04-29 19:30:00,2026-04-29 19:36:00,2026-04-29 18:30:00,60.0,True,0.0,0.0,False,0.0,False,0.0,False,0.0,0.0,0.0,False,0.0,False,0.0,False,0.0,False,0.0,False,0.0,False,0.0,False,0.0,0.0,0.0,False,0.0,False,0.0,False,0.0,False,0.0,False,0.0,False,0.0,False,0.0,0.0,0.0,False,0.0,False,0.0,False,0.0,False,0,,common coverage under 80%,False
202604300016,C1.5,C,-5.823909,2026-04-30 00:16:00,2026-04-30 00:21:00,2026-04-29 23:16:00,60.0,True,0.0,0.0,False,0.0,False,0.0,False,0.0,0.0,0.0,False,0.0,False,0.0,False,0.0,False,0.0,False,0.0,False,0.0,False,0.0,0.0,0.0,False,0.0,False,0.0,False,0.0,False,0.0,False,0.0,False,0.0,False,0.0,0.0,0.0,False,0.0,False,0.0,False,0.0,False,0,,common coverage under 80%,False
202604300024,C5.1,C,-5.29243,2026-04-30 00:24:00,2026-04-30 00:31:00,2026-04-30 00:23:00,1.0,False,0.0,0.0,False,0.0,False,0.0,False,0.0,0.0,0.0,False,0.0,False,0.0,False,0.0,False,0.0,False,0.0,False,0.0,False,0.0,0.0,0.0,False,0.0,False,0.0,False,0.0,False,0.0,False,0.0,False,0.0,False,0.0,0.0,0.0,False,0.0,False,0.0,False,0.0,False,0,,lead-in under 10 min,False
202604300133,C1.9,C,-5.721246,2026-04-30 01:33:00,2026-04-30 01:52:00,2026-04-30 00:41:00,52.0,False,0.0,0.0,False,0.0,False,0.0,False,0.0,0.0,0.0,False,0.0,False,0.0,False,0.0,False,0.0,False,0.0,False,0.0,False,0.0,0.0,0.0,False,0.0,False,0.0,False,0.0,False,0.0,False,0.0,False,0.0,False,0.0,0.0,0.0,False,0.0,False,0.0,False,0.0,False,0,,common coverage under 80%,False
202604300208,C1.5,C,-5.823909,2026-04-30 02:08:00,2026-04-30 02:19:00,2026-04-30 02:08:00,0.0,False,0.833333,0.0,False,0.0,False,0.0,False,0.0,0.0,0.0,False,0.0,False,-4.0,False,0.0,False,0.0,False,0.0,False,0.0,False,0.0,0.0,0.0,False,0.0,False,1.333333,False,0.0,False,0.0,False,0.0,False,0.0,False,0.0,0.0,0.0,False,0.0,False,0.0,False,5.333333,False,0,,lead-in under 10 min,False
202604300846,C3.5,C,-5.455932,2026-04-30 08:46:00,2026-04-30 09:03:00,2026-04-30 07:46:00,60.0,True,0.974359,57.333333,False,21.333333,False,21.333333,False,-36.0,-36.0,-12.0,False,-36.0,False,-36.0,False,-12.0,True,57.333333,False,21.333333,False,21.333333,False,-36.0,-36.0,-12.0,False,-36.0,False,-42.0,True,-12.0,True,57.333333,False,21.333333,False,23.333333,False,-36.0,-34.0,-2.0,False,-36.0,False,-42.0,True,-12.0,True,15,-0.040144,,True
202604300911,C3.3,C,-5.481486,2026-04-30 09:11:00,2026-04-30 09:17:00,2026-04-30 09:11:00,0.0,False,0.75,5.333333,True,5.333333,True,5.333333,True,0.0,0.0,0.0,True,0.0,True,0.0,True,0.0,True,5.333333,True,5.333333,True,5.333333,True,0.0,0.0,0.0,True,0.0,True,0.0,True,0.0,True,5.333333,True,5.333333,True,5.333333,True,0.0,0.0,0.0,True,0.0,True,0.0,True,0.0,True,0,,lead-in under 10 min,False
202604300935,C3.7,C,-5.431798,2026-04-30 09:35:00,2026-04-30 09:40:00,2026-04-30 09:21:00,14.0,False,1.0,18.333333,True,18.333333,True,18.333333,True,0.0,0.0,0.0,True,0.0,True,0.0,True,0.0,True,18.333333,True,18.333333,True,18.333333,True,0.0,0.0,0.0,True,0.0,True,0.0,True,0.0,True,18.333333,True,18.333333,True,18.333333,True,0.0,0.0,0.0,True,0.0,True,0.0,True,0.0,True,7,0.013312,alert already on (left-censored),False
202604302245,C1.8,C,-5.744727,2026-04-30 22:45:00,2026-04-30 22:50:00,2026-04-30 21:45:00,60.0,True,1.0,64.333333,True,44.333333,False,2.333333,False,-20.0,-62.0,20.0,False,-20.0,True,0.0,True,0.0,True,64.333333,True,64.333333,True,64.333333,True,0.0,0.0,-22.0,False,0.0,True,0.0,True,0.0,True,64.333333,True,64.333333,True,64.333333,True,0.0,0.0,-22.0,False,0.0,True,0.0,True,0.0,True,15,-0.05622,alert already on (left-censored),False
202605010246,C1.4,C,-5.853872,2026-05-01 02:46:00,2026-05-01 02:52:00,2026-05-01 01:46:00,60.0,True,0.970588,52.333333,False,52.333333,False,52.333333,False,0.0,0.0,-50.0,False,0.0,False,0.0,False,-12.0,True,52.333333,False,52.333333,False,52.333333,False,0.0,0.0,-50.0,False,0.0,False,-12.0,True,-12.0,True,64.333333,True,52.333333,False,52.333333,False,-12.0,-12.0,-50.0,False,-12.0,True,-12.0,True,0.0,True,15,-0.052497,alert already on (left-censored),False
202605010412,C1.8,C,-5.744727,2026-05-01 04:12:00,2026-05-01 04:19:00,2026-05-01 03:12:00,60.0,True,0.970588,5.333333,False,5.333333,False,1.333333,False,0.0,-4.0,4.0,False,-38.0,False,-44.0,False,0.0,False,43.333333,False,5.333333,False,1.333333,False,-38.0,-42.0,0.0,False,0.0,False,-44.0,False,-4.0,False,1.333333,False,5.333333,False,1.333333,False,4.0,0.0,0.0,False,0.0,False,0.0,False,-44.0,False,15,-0.06587,,True
202605010654,C1.4,C,-5.853872,2026-05-01 06:54:00,2026-05-01 06:59:00,2026-05-01 05:54:00,60.0,True,0.969697,35.333333,False,35.333333,False,35.333333,False,0.0,0.0,0.0,False,0.0,False,0.0,False,0.0,False,35.333333,False,35.333333,False,35.333333,False,0.0,0.0,0.0,False,0.0,False,0.0,False,0.0,False,35.333333,False,35.333333,False,35.333333,False,0.0,0.0,0.0,False,0.0,False,0.0,False,0.0,False,15,-0.055232,,True
202605010847,C1.4,C,-5.853872,2026-05-01 08:47:00,2026-05-01 08:50:00,2026-05-01 07:47:00,60.0,True,1.0,16.333333,False,0.333333,False,16.333333,False,-16.0,0.0,0.0,False,-16.0,False,-16.0,False,-12.0,False,16.333333,False,0.333333,False,0.333333,False,-16.0,-16.0,0.0,False,-16.0,False,-16.0,False,-16.0,False,0.333333,False,0.333333,False,0.333333,False,0.0,0.0,0.0,False,0.0,False,0.0,False,0.0,False,15,-0.086885,,True
202605010929,C1.9,C,-5.721246,2026-05-01 09:29:00,2026-05-01 09:33:00,2026-05-01 08:53:00,36.0,False,0.952381,39.333333,True,9.333333,False,7.333333,False,-30.0,-32.0,-32.0,True,-30.0,True,-30.0,True,-30.0,True,39.333333,True,7.333333,False,7.333333,False,-32.0,-32.0,-32.0,True,-32.0,True,-30.0,True,-30.0,True,39.333333,True,7.333333,False,7.333333,False,-32.0,-32.0,0.0,False,-32.0,True,-32.0,True,-30.0,True,15,-0.072241,alert already on (left-censored),False
202605011410,C1.7,C,-5.769551,2026-05-01 14:10:00,2026-05-01 14:14:00,2026-05-01 13:10:00,60.0,True,0.969697,36.333333,False,36.333333,False,0.333333,False,0.0,-36.0,0.0,False,0.0,False,0.0,False,-2.0,True,52.333333,False,36.333333,False,36.333333,False,-16.0,-16.0,-36.0,False,-16.0,False,0.0,False,0.0,True,62.333333,True,44.333333,False,54.333333,False,-18.0,-8.0,0.0,False,-10.0,False,-2.0,True,0.0,True,15,-0.023633,alert already on (left-censored),False
202605011524,C7.4,C,-5.130768,2026-05-01 15:24:00,2026-05-01 15:29:00,2026-05-01 14:24:00,60.0,True,0.969697,1.333333,False,1.333333,False,1.333333,False,0.0,0.0,0.0,False,0.0,False,0.0,False,0.0,False,1.333333,False,1.333333,False,1.333333,False,0.0,0.0,0.0,False,0.0,False,0.0,False,0.0,False,1.333333,False,1.333333,False,1.333333,False,0.0,0.0,0.0,False,0.0,False,0.0,False,0.0,False,15,-0.067722,,True
202605012310,C1.3,C,-5.886057,2026-05-01 23:10:00,2026-05-01 23:15:00,2026-05-01 22:10:00,60.0,True,0.969697,63.333333,True,35.333333,False,35.333333,False,-28.0,-28.0,0.0,False,-28.0,True,-28.0,True,0.0,True,63.333333,True,35.333333,False,45.333333,False,-28.0,-18.0,0.0,False,-28.0,True,-28.0,True,0.0,True,63.333333,True,35.333333,False,45.333333,False,-28.0,-18.0,-28.0,True,-28.0,True,-6.0,True,0.0,True,15,-0.091091,alert already on (left-censored),False
202605012321,C2.8,C,-5.552842,2026-05-01 23:21:00,2026-05-01 23:29:00,2026-05-01 23:20:00,1.0,False,0.8,7.333333,True,5.333333,False,5.333333,False,-2.0,-2.0,-2.0,True,-2.0,True,-2.0,True,-2.0,True,7.333333,True,5.333333,False,5.333333,False,-2.0,-2.0,-2.0,True,-2.0,True,-2.0,True,-2.0,True,7.333333,True,5.333333,False,3.333333,False,-2.0,-4.0,-2.0,False,-2.0,True,-2.0,True,-2.0,True,0,,lead-in under 10 min,False
202605020230,C2.5,C,-5.60206,2026-05-02 02:30:00,2026-05-02 02:45:00,2026-05-02 01:30:00,60.0,True,0.973684,49.333333,False,9.333333,False,49.333333,False,-40.0,0.0,-40.0,False,6.0,False,0.0,False,0.0,False,49.333333,False,55.333333,False,49.333333,False,6.0,0.0,-40.0,False,6.0,False,-4.0,False,0.0,False,49.333333,False,9.333333,False,49.333333,False,-40.0,0.0,2.0,False,-40.0,False,6.0,False,0.0,False,15,-0.09332,,True
202605020537,C2.4,C,-5.619789,2026-05-02 05:37:00,2026-05-02 05:48:00,2026-05-02 04:37:00,60.0,True,1.0,48.333333,False,52.333333,False,48.333333,False,4.0,0.0,-24.0,False,6.0,False,0.0,False,2.0,False,48.333333,False,54.333333,False,52.333333,False,6.0,4.0,-24.0,False,6.0,False,0.0,False,2.0,False,48.333333,False,56.333333,False,54.333333,False,8.0,6.0,-24.0,False,6.0,False,8.0,False,2.0,False,15,-0.067848,,True
202605020616,C1.9,C,-5.721246,2026-05-02 06:16:00,2026-05-02 06:25:00,2026-05-02 05:52:00,24.0,False,0.941176,3.333333,False,3.333333,False,3.333333,False,0.0,0.0,0.0,False,0.0,False,2.0,False,2.0,False,3.333333,False,3.333333,False,3.333333,False,0.0,0.0,0.0,False,0.0,False,0.0,False,0.0,False,3.333333,False,3.333333,False,3.333333,False,0.0,0.0,0.0,False,0.0,False,0.0,False,0.0,False,12,-0.087828,,True
202605020756,C1.8,C,-5.744727,2026-05-02 07:56:00,2026-05-02 08:10:00,2026-05-02 06:56:00,60.0,True,0.973684,22.333333,False,48.333333,False,8.333333,False,26.0,-14.0,-2.0,False,26.0,False,2.0,False,2.0,False,22.333333,False,8.333333,False,8.333333,False,-14.0,-14.0,-2.0,False,-4.0,False,26.0,False,4.0,False,10.333333,False,8.333333,False,8.333333,False,-2.0,-2.0,0.0,False,-2.0,False,-4.0,False,36.0,False,15,-0.083449,,True
202605020922,C2.2,C,-5.657577,2026-05-02 09:22:00,2026-05-02 09:25:00,2026-05-02 08:22:00,60.0,True,0.96875,9.333333,False,13.333333,False,7.333333,False,4.0,-2.0,2.0,False,4.0,False,-4.0,False,0.0,False,53.333333,False,9.333333,False,7.333333,False,-44.0,-46.0,0.0,False,0.0,False,-4.0,False,2.0,False,7.333333,False,9.333333,False,7.333333,False,2.0,0.0,-6.0,False,2.0,False,0.0,False,4.0,False,15,-0.050693,,True
202605021020,C2.0,C,-5.69897,2026-05-02 10:20:00,2026-05-02 10:28:00,2026-05-02 09:28:00,52.0,False,0.967742,46.333333,False,42.333333,False,4.333333,False,-4.0,-42.0,38.0,False,-4.0,False,-2.0,False,0.0,False,46.333333,False,42.333333,False,4.333333,False,-4.0,-42.0,0.0,False,38.0,False,-2.0,False,0.0,False,4.333333,False,42.333333,False,4.333333,False,38.0,0.0,0.0,False,38.0,False,38.0,False,40.0,False,15,-0.038993,,True
202605021044,C4.0,C,-5.39794,2026-05-02 10:44:00,2026-05-02 11:04:00,2026-05-02 10:36:00,8.0,False,0.933333,14.333333,False,14.333333,False,14.333333,False,0.0,0.0,0.0,False,0.0,False,0.0,False,0.0,False,14.333333,False,14.333333,False,14.333333,False,0.0,0.0,0.0,False,0.0,False,2.0,False,2.0,False,12.333333,False,12.333333,False,12.333333,False,0.0,0.0,0.0,False,0.0,False,2.0,False,2.0,False,4,,lead-in under 10 min,False
202605021144,C3.1,C,-5.508638,2026-05-02 11:44:00,2026-05-02 11:51:00,2026-05-02 11:26:00,18.0,False,0.923077,23.333333,True,23.333333,True,23.333333,True,0.0,0.0,0.0,True,0.0,True,0.0,True,0.0,True,23.333333,True,23.333333,True,23.333333,True,0.0,0.0,0.0,True,0.0,True,0.0,True,0.0,True,23.333333,True,23.333333,True,23.333333,True,0.0,0.0,20.0,True,0.0,True,0.0,True,0.0,True,9,0.017156,alert already on (left-censored),False
202605021155,C3.5,C,-5.455932,2026-05-02 11:55:00,2026-05-02 12:03:00,2026-05-02 11:55:00,0.0,False,0.6,7.333333,True,7.333333,True,7.333333,True,0.0,0.0,0.0,True,0.0,True,0.0,True,0.0,True,7.333333,True,7.333333,True,7.333333,True,0.0,0.0,0.0,True,0.0,True,0.0,True,0.0,True,7.333333,True,7.333333,True,7.333333,True,0.0,0.0,0.0,True,0.0,True,0.0,True,0.0,True,0,,lead-in under 10 min,False
202605021205,C3.8,C,-5.420216,2026-05-02 12:05:00,2026-05-02 12:11:00,2026-05-02 12:05:00,0.0,False,0.75,5.333333,True,5.333333,True,5.333333,True,0.0,0.0,0.0,True,0.0,True,0.0,True,0.0,True,5.333333,True,5.333333,True,5.333333,True,0.0,0.0,0.0,True,0.0,True,0.0,True,0.0,True,5.333333,True,5.333333,True,5.333333,True,0.0,0.0,0.0,True,0.0,True,0.0,True,0.0,True,0,,lead-in under 10 min,False
202605021356,C2.4,C,-5.619789,2026-05-02 13:56:00,2026-05-02 14:04:00,2026-05-02 12:56:00,60.0,True,0.971429,36.333333,False,36.333333,False,36.333333,False,0.0,0.0,0.0,False,0.0,False,0.0,False,0.0,False,36.333333,False,36.333333,False,36.333333,False,0.0,0.0,0.0,False,0.0,False,0.0,False,0.0,False,4.333333,False,4.333333,False,36.333333,False,0.0,32.0,0.0,False,0.0,False,0.0,False,32.0,False,15,-0.059563,,True
202605021511,C3.5,C,-5.455932,2026-05-02 15:11:00,2026-05-02 15:21:00,2026-05-02 14:11:00,60.0,True,0.972222,19.333333,False,3.333333,False,3.333333,False,-16.0,-16.0,-16.0,False,-16.0,False,0.0,True,0.0,True,19.333333,False,3.333333,False,3.333333,False,-16.0,-16.0,0.0,False,-16.0,False,-16.0,False,0.0,True,3.333333,False,3.333333,False,3.333333,False,0.0,0.0,0.0,False,0.0,False,0.0,False,0.0,False,15,-0.026248,,True
202605021531,C4.2,C,-5.376751,2026-05-02 15:31:00,2026-05-02 15:35:00,2026-05-02 15:31:00,0.0,False,0.666667,3.333333,True,3.333333,True,3.333333,True,0.0,0.0,0.0,True,0.0,True,0.0,True,0.0,True,3.333333,True,3.333333,True,3.333333,True,0.0,0.0,0.0,True,0.0,True,0.0,True,0.0,True,3.333333,True,3.333333,True,3.333333,True,0.0,0.0,0.0,True,0.0,True,0.0,True,0.0,True,0,,lead-in under 10 min,False
202605021830,C8.7,C,-5.060481,2026-05-02 18:30:00,2026-05-02 18:38:00,2026-05-02 17:30:00,60.0,True,0.971429,56.333333,False,58.333333,False,56.333333,False,2.0,0.0,0.0,False,6.0,False,8.0,True,4.0,True,58.333333,False,62.333333,False,56.333333,False,4.0,-2.0,2.0,False,4.0,False,8.0,True,4.0,True,58.333333,False,66.333333,True,56.333333,False,8.0,-2.0,2.0,False,4.0,False,8.0,True,8.0,True,15,0.052146,alert already on (left-censored),False
202605022017,C2.2,C,-5.657577,2026-05-02 20:17:00,2026-05-02 20:25:00,2026-05-02 19:17:00,60.0,True,0.971429,1.333333,False,1.333333,False,1.333333,False,0.0,0.0,0.0,False,0.0,False,2.0,False,50.0,False,1.333333,False,1.333333,False,1.333333,False,0.0,0.0,0.0,False,0.0,False,0.0,False,50.0,False,1.333333,False,1.333333,False,1.333333,False,0.0,0.0,0.0,False,0.0,False,0.0,False,0.0,False,15,0.020528,,True
202605030220,C1.5,C,-5.823909,2026-05-03 02:20:00,2026-05-03 02:27:00,2026-05-03 01:20:00,60.0,True,0.970588,65.333333,True,35.333333,False,33.333333,False,-30.0,-32.0,2.0,False,0.0,True,0.0,True,0.0,True,65.333333,True,65.333333,True,33.333333,False,0.0,-32.0,2.0,False,0.0,True,0.0,True,0.0,True,65.333333,True,65.333333,True,65.333333,True,0.0,0.0,-30.0,True,0.0,True,0.0,True,0.0,True,15,-0.061194,alert already on (left-censored),False
202605030333,C1.6,C,-5.79588,2026-05-03 03:33:00,2026-05-03 03:41:00,2026-05-03 02:33:00,60.0,True,0.971429,67.333333,True,3.333333,False,3.333333,False,-64.0,-64.0,-64.0,True,0.0,True,0.0,True,0.0,True,67.333333,True,3.333333,False,67.333333,True,-64.0,0.0,-64.0,True,-64.0,True,0.0,True,0.0,True,67.333333,True,3.333333,False,1.333333,False,-64.0,-66.0,-64.0,True,-64.0,True,0.0,True,0.0,True,15,-0.07285,alert already on (left-censored),False
202605030656,C3.6,C,-5.443697,2026-05-03 06:56:00,2026-05-03 07:08:00,2026-05-03 05:56:00,60.0,True,0.972973,8.333333,False,8.333333,False,8.333333,False,0.0,0.0,0.0,False,-14.0,False,-38.0,False,-48.0,True,22.333333,False,8.333333,False,8.333333,False,-14.0,-14.0,0.0,False,0.0,False,-32.0,False,-48.0,True,8.333333,False,8.333333,False,8.333333,False,0.0,0.0,0.0,False,0.0,False,-10.0,False,-4.0,False,15,-0.045599,,True
202605040113,M1.8,M,-4.744727,2026-05-04 01:13:00,2026-05-04 01:33:00,2026-05-04 00:13:00,60.0,True,0.97561,69.333333,False,15.333333,False,15.333333,False,-54.0,-54.0,0.0,False,-56.0,False,-4.0,False,-4.0,False,71.333333,False,15.333333,False,19.333333,False,-56.0,-52.0,0.0,False,-56.0,False,-4.0,False,-4.0,False,71.333333,False,15.333333,False,19.333333,False,-56.0,-52.0,0.0,False,-56.0,False,-56.0,False,-6.0,False,15,-0.047288,,True
202605041039,C1.1,C,-5.958607,2026-05-04 10:39:00,2026-05-04 10:51:00,2026-05-04 09:39:00,60.0,True,0.972973,55.333333,False,49.333333,False,9.333333,False,-6.0,-46.0,0.0,False,0.0,False,0.0,False,-6.0,False,55.333333,False,49.333333,False,9.333333,False,-6.0,-46.0,0.0,False,-6.0,False,0.0,False,-6.0,False,55.333333,False,49.333333,False,9.333333,False,-6.0,-46.0,-2.0,False,-6.0,False,-2.0,False,-6.0,False,15,-0.048537,,True
202605041133,C1.5,C,-5.823909,2026-05-04 11:33:00,2026-05-04 11:39:00,2026-05-04 11:03:00,30.0,False,0.947368,21.333333,False,21.333333,False,21.333333,False,0.0,0.0,-8.0,False,0.0,False,2.0,False,-12.0,True,21.333333,False,21.333333,False,21.333333,False,0.0,0.0,-8.0,False,0.0,False,0.0,False,0.0,False,21.333333,False,13.333333,False,21.333333,False,-8.0,0.0,-13.333333,False,-8.0,False,0.0,False,0.0,False,15,-0.087541,,True
202605050419,C1.2,C,-5.920819,2026-05-05 04:19:00,2026-05-05 04:24:00,2026-05-05 03:19:00,60.0,True,1.0,50.333333,False,2.333333,False,44.333333,False,-48.0,-6.0,-44.0,False,-24.0,False,-4.0,False,-10.0,False,50.333333,False,26.333333,False,46.333333,False,-24.0,-4.0,-44.0,False,-24.0,False,0.0,False,-10.0,False,50.333333,False,46.333333,False,50.333333,False,-4.0,0.0,-48.0,False,-6.0,False,-14.0,True,-4.0,True,15,-0.025606,,True
202605050504,C1.3,C,-5.886057,2026-05-05 05:04:00,2026-05-05 05:12:00,2026-05-05 04:30:00,34.0,False,0.954545,40.333333,True,0.333333,False,4.333333,False,-40.0,-36.0,-40.0,True,-38.0,True,0.0,True,0.0,True,40.333333,True,0.333333,False,4.333333,False,-40.0,-36.0,-40.0,True,-40.0,True,-38.0,True,0.0,True,40.333333,True,0.333333,False,2.333333,False,-40.0,-38.0,-40.0,True,-40.0,True,-40.0,True,-38.0,True,15,-0.089892,alert already on (left-censored),False
202605050521,C6.0,C,-5.221849,2026-05-05 05:21:00,2026-05-05 05:27:00,2026-05-05 05:20:00,1.0,False,0.75,5.333333,True,3.333333,False,5.333333,True,-2.0,0.0,-2.0,True,0.0,True,0.0,True,0.0,True,5.333333,True,3.333333,False,5.333333,True,-2.0,0.0,0.0,False,-2.0,True,0.0,True,0.0,True,3.333333,False,3.333333,False,3.333333,False,0.0,0.0,0.0,False,0.0,False,0.0,False,-2.0,True,0,,lead-in under 10 min,False
202605050537,C3.9,C,-5.408935,2026-05-05 05:37:00,2026-05-05 05:46:00,2026-05-05 05:37:00,0.0,False,1.0,8.333333,True,8.333333,True,8.333333,True,0.0,0.0,0.0,True,0.0,True,0.0,True,0.0,True,8.333333,True,8.333333,True,8.333333,True,0.0,0.0,0.0,True,0.0,True,0.0,True,0.0,True,8.333333,True,8.333333,True,8.333333,True,0.0,0.0,0.0,True,0.0,True,0.0,True,0.0,True,0,,lead-in under 10 min,False
202605050830,C1.9,C,-5.721246,2026-05-05 08:30:00,2026-05-05 08:38:00,2026-05-05 07:30:00,60.0,True,0.971429,18.333333,False,16.333333,False,14.333333,False,-2.0,-4.0,-2.0,False,-2.0,False,0.0,False,0.0,False,18.333333,False,16.333333,False,14.333333,False,-2.0,-4.0,-2.0,False,-2.0,False,-2.0,False,0.0,False,16.333333,False,14.333333,False,14.333333,False,-2.0,-2.0,0.0,False,-2.0,False,-4.0,False,-2.0,False,15,-0.079365,,True
202605051409,C1.8,C,-5.744727,2026-05-05 14:09:00,2026-05-05 14:12:00,2026-05-05 13:09:00,60.0,True,1.0,62.333333,True,62.333333,True,62.333333,True,0.0,0.0,0.0,True,0.0,True,0.0,True,0.0,True,62.333333,True,62.333333,True,62.333333,True,0.0,0.0,0.0,True,0.0,True,0.0,True,0.0,True,62.333333,True,62.333333,True,62.333333,True,0.0,0.0,0.0,True,0.0,True,0.0,True,0.0,True,15,-0.071753,alert already on (left-censored),False
202605051459,C1.2,C,-5.920819,2026-05-05 14:59:00,2026-05-05 15:09:00,2026-05-05 14:15:00,44.0,False,0.964286,53.333333,True,5.333333,False,5.333333,False,-48.0,-48.0,-50.0,True,-48.0,True,-30.0,True,-22.0,True,53.333333,True,5.333333,False,3.333333,False,-48.0,-50.0,-53.333333,True,-48.0,True,-30.0,True,-30.0,True,53.333333,True,3.333333,False,3.333333,False,-50.0,-50.0,-53.333333,True,-53.333333,True,-48.0,True,-48.0,True,15,-0.0581,alert already on (left-censored),False
202605060433,C1.0,C,-6.0,2026-05-06 04:33:00,2026-05-06 04:46:00,2026-05-06 03:33:00,60.0,True,1.0,72.333333,True,52.333333,False,68.333333,False,-20.0,-4.0,-12.0,False,-20.0,True,-6.0,True,-2.0,True,72.333333,True,52.333333,False,68.333333,False,-20.0,-4.0,4.0,False,-20.0,True,-6.0,True,-2.0,True,70.333333,False,52.333333,False,68.333333,False,-18.0,-2.0,40.0,False,-12.0,False,-20.0,True,-2.0,True,15,-0.101483,,True
202605061719,C1.4,C,-5.853872,2026-05-06 17:19:00,2026-05-06 17:24:00,2026-05-06 16:19:00,60.0,True,1.0,54.333333,False,56.333333,False,54.333333,False,2.0,0.0,-4.0,False,-8.0,True,0.0,True,0.0,True,64.333333,True,54.333333,False,54.333333,False,-10.0,-10.0,-4.0,False,-10.0,True,-8.0,True,0.0,True,64.333333,True,50.333333,False,54.333333,False,-14.0,-10.0,-52.0,False,-14.0,True,-10.0,True,-8.0,True,15,-0.087114,alert already on (left-censored),False
202605070128,C4.5,C,-5.346787,2026-05-07 01:28:00,2026-05-07 02:15:00,2026-05-07 00:28:00,60.0,True,0.981481,95.333333,False,77.333333,False,65.333333,False,-18.0,-30.0,6.0,False,-18.0,False,0.0,True,0.0,True,95.333333,False,77.333333,False,65.333333,False,-18.0,-30.0,6.0,False,-18.0,False,-6.0,True,0.0,True,77.333333,False,77.333333,False,65.333333,False,0.0,-12.0,12.0,False,0.0,False,-6.0,True,0.0,True,15,0.055662,,True
202605071035,C2.3,C,-5.638272,2026-05-07 10:35:00,2026-05-07 10:45:00,2026-05-07 09:35:00,60.0,True,0.972222,67.333333,False,67.333333,False,67.333333,False,0.0,0.0,0.0,False,0.0,False,0.0,True,0.0,True,67.333333,False,67.333333,False,67.333333,False,0.0,0.0,0.0,False,0.0,False,0.0,True,0.0,True,67.333333,False,67.333333,False,67.333333,False,0.0,0.0,0.0,False,0.0,False,0.0,True,0.0,True,15,-0.047685,,True
202605071253,C1.5,C,-5.823909,2026-05-07 12:53:00,2026-05-07 12:59:00,2026-05-07 11:53:00,60.0,True,0.941176,1.333333,False,1.333333,False,1.333333,False,0.0,0.0,0.0,False,2.0,False,4.0,False,2.0,False,1.333333,False,5.333333,False,1.333333,False,4.0,0.0,0.0,False,4.0,False,4.0,False,6.0,False,1.333333,False,5.333333,False,1.333333,False,4.0,0.0,2.0,False,4.0,False,4.0,False,6.0,False,15,0.02632,,True
202605071420,M2.6,M,-4.585027,2026-05-07 14:20:00,2026-05-07 15:14:00,2026-05-07 13:20:00,60.0,True,0.982759,92.333333,False,112.333333,True,92.333333,False,20.0,0.0,52.0,True,6.0,True,6.0,True,4.0,True,60.333333,False,112.333333,True,92.333333,False,52.0,32.0,54.0,True,52.0,True,20.0,True,6.0,True,58.333333,False,112.333333,True,58.333333,False,54.0,0.0,52.0,False,54.0,True,54.0,True,54.0,True,15,0.224831,alert already on (left-censored),False
202605071745,C6.0,C,-5.221849,2026-05-07 17:45:00,2026-05-07 17:57:00,2026-05-07 16:45:00,60.0,True,0.972973,7.333333,False,9.333333,False,7.333333,False,2.0,0.0,2.0,False,2.0,False,2.0,False,2.0,False,7.333333,False,9.333333,False,7.333333,False,2.0,0.0,2.0,False,2.0,False,2.0,False,2.0,False,7.333333,False,9.333333,False,7.333333,False,2.0,0.0,2.0,False,2.0,False,2.0,False,2.0,False,15,-0.008256,,True
202605080149,C1.0,C,-6.0,2026-05-08 01:49:00,2026-05-08 01:54:00,2026-05-08 00:49:00,60.0,True,0.0,0.0,False,0.0,False,0.0,False,0.0,0.0,0.0,False,0.0,False,0.0,False,0.0,False,0.0,False,0.0,False,0.0,False,0.0,0.0,0.0,False,0.0,False,0.0,False,0.0,False,0.0,False,0.0,False,0.0,False,0.0,0.0,0.0,False,0.0,False,0.0,False,0.0,False,0,,common coverage under 80%,False
202605080358,C1.1,C,-5.958607,2026-05-08 03:58:00,2026-05-08 04:03:00,2026-05-08 02:58:00,60.0,True,0.0,0.0,False,0.0,False,0.0,False,0.0,0.0,0.0,False,0.0,False,0.0,False,0.0,False,0.0,False,0.0,False,0.0,False,0.0,0.0,0.0,False,0.0,False,0.0,False,0.0,False,0.0,False,0.0,False,0.0,False,0.0,0.0,0.0,False,0.0,False,0.0,False,0.0,False,0,,common coverage under 80%,False
202605081113,C1.0,C,-6.0,2026-05-08 11:13:00,2026-05-08 11:20:00,2026-05-08 10:13:00,60.0,True,0.0,0.0,False,0.0,False,0.0,False,0.0,0.0,0.0,False,0.0,False,0.0,False,0.0,False,0.0,False,0.0,False,0.0,False,0.0,0.0,0.0,False,0.0,False,0.0,False,0.0,False,0.0,False,0.0,False,0.0,False,0.0,0.0,0.0,False,0.0,False,0.0,False,0.0,False,0,,common coverage under 80%,False
202605081541,C4.2,C,-5.376751,2026-05-08 15:41:00,2026-05-08 15:51:00,2026-05-08 14:41:00,60.0,True,0.972222,69.333333,True,69.333333,True,69.333333,True,0.0,0.0,0.0,True,0.0,True,0.0,True,0.0,True,69.333333,True,69.333333,True,69.333333,True,0.0,0.0,0.0,True,0.0,True,0.0,True,0.0,True,69.333333,True,69.333333,True,69.333333,True,0.0,0.0,0.0,True,0.0,True,0.0,True,0.0,True,15,-0.111489,alert already on (left-censored),False
202605081756,C1.4,C,-5.853872,2026-05-08 17:56:00,2026-05-08 18:02:00,2026-05-08 16:56:00,60.0,True,0.970588,58.333333,False,60.333333,False,58.333333,False,2.0,0.0,0.0,False,2.0,False,0.0,False,4.0,True,58.333333,False,58.333333,False,58.333333,False,0.0,0.0,0.0,False,0.0,False,2.0,False,2.0,False,58.333333,False,58.333333,False,58.333333,False,0.0,0.0,-48.0,False,0.0,False,0.0,False,0.0,False,15,0.012167,,True
202605081820,C1.1,C,-5.958607,2026-05-08 18:20:00,2026-05-08 18:25:00,2026-05-08 18:09:00,11.0,False,0.888889,15.333333,True,15.333333,True,15.333333,True,0.0,0.0,0.0,True,0.0,True,0.0,True,0.0,True,15.333333,True,15.333333,True,15.333333,True,0.0,0.0,0.0,True,0.0,True,0.0,True,0.0,True,15.333333,True,15.333333,True,15.333333,True,0.0,0.0,0.0,True,0.0,True,0.0,True,0.0,True,6,0.051067,alert already on (left-censored),False
202605081901,C2.1,C,-5.677781,2026-05-08 19:01:00,2026-05-08 19:07:00,2026-05-08 18:27:00,34.0,False,0.952381,39.333333,True,31.333333,False,1.333333,False,-8.0,-38.0,16.0,False,-8.0,True,0.0,True,0.0,True,39.333333,True,39.333333,True,17.333333,False,0.0,-22.0,16.0,False,0.0,True,0.0,True,0.0,True,39.333333,True,39.333333,True,39.333333,True,0.0,0.0,38.0,True,0.0,True,0.0,True,0.0,True,15,0.078519,alert already on (left-censored),False
202605081916,C1.2,C,-5.920819,2026-05-08 19:16:00,2026-05-08 19:21:00,2026-05-08 19:09:00,7.0,False,0.857143,11.333333,True,11.333333,True,11.333333,True,0.0,0.0,0.0,True,0.0,True,0.0,True,0.0,True,11.333333,True,11.333333,True,11.333333,True,0.0,0.0,0.0,True,0.0,True,0.0,True,0.0,True,11.333333,True,11.333333,True,11.333333,True,0.0,0.0,0.0,True,0.0,True,0.0,True,0.0,True,4,,lead-in under 10 min,False
202605082005,C2.6,C,-5.585027,2026-05-08 20:05:00,2026-05-08 20:21:00,2026-05-08 19:37:00,28.0,False,0.956522,43.333333,True,11.333333,False,43.333333,True,-32.0,0.0,-32.0,True,-2.0,True,0.0,True,0.0,True,43.333333,True,41.333333,False,43.333333,True,-2.0,0.0,-32.0,True,-2.0,True,0.0,True,0.0,True,43.333333,True,43.333333,True,43.333333,True,0.0,0.0,-32.0,True,0.0,True,0.0,True,0.0,True,14,-0.019811,alert already on (left-censored),False
202605082200,C1.0,C,-6.0,2026-05-08 22:00:00,2026-05-08 22:07:00,2026-05-08 21:00:00,60.0,True,0.970588,1.333333,False,1.333333,False,1.333333,False,0.0,0.0,0.0,False,62.0,False,62.0,False,2.0,False,1.333333,False,1.333333,False,1.333333,False,0.0,0.0,1.333333,False,0.0,False,62.0,False,62.0,False,0.0,False,1.333333,False,0.0,False,1.333333,0.0,0.0,False,1.333333,False,1.333333,False,62.0,False,15,-0.024616,,True
202605082319,C2.4,C,-5.619789,2026-05-08 23:19:00,2026-05-08 23:28:00,2026-05-08 22:19:00,60.0,True,1.0,38.333333,False,6.333333,False,6.333333,False,-32.0,-32.0,0.0,False,22.0,False,6.0,False,6.0,False,38.333333,False,60.333333,False,6.333333,False,22.0,-32.0,0.0,False,22.0,False,28.0,False,6.0,False,38.333333,False,64.333333,False,50.333333,False,26.0,12.0,0.0,False,26.0,False,28.0,False,10.0,False,15,-0.048588,,True
202605090011,C1.3,C,-5.886057,2026-05-09 00:11:00,2026-05-09 00:21:00,2026-05-08 23:39:00,32.0,False,0.954545,3.333333,False,3.333333,False,3.333333,False,0.0,0.0,0.0,False,0.0,False,0.0,False,0.0,False,3.333333,False,3.333333,False,3.333333,False,0.0,0.0,0.0,False,0.0,False,0.0,False,0.0,False,3.333333,False,3.333333,False,3.333333,False,0.0,0.0,0.0,False,0.0,False,0.0,False,0.0,False,15,-0.020462,,True
202605090218,C2.1,C,-5.677781,2026-05-09 02:18:00,2026-05-09 02:28:00,2026-05-09 01:18:00,60.0,True,0.972222,44.333333,False,40.333333,False,42.333333,False,-4.0,-2.0,-2.0,False,-4.0,False,-4.0,False,-4.0,False,44.333333,False,40.333333,False,40.333333,False,-4.0,-4.0,0.0,False,-2.0,False,-8.0,False,-4.0,False,40.333333,False,40.333333,False,40.333333,False,0.0,0.0,0.0,False,0.0,False,0.0,False,-4.0,False,15,-0.070092,,True
202605090321,C2.3,C,-5.638272,2026-05-09 03:21:00,2026-05-09 03:31:00,2026-05-09 02:38:00,43.0,False,0.962963,33.333333,False,33.333333,False,33.333333,False,0.0,0.0,0.0,False,0.0,False,-18.0,True,-18.0,True,33.333333,False,33.333333,False,33.333333,False,0.0,0.0,-30.0,False,0.0,False,0.0,False,0.0,False,7.333333,False,3.333333,False,33.333333,False,-4.0,26.0,-4.0,False,-4.0,False,26.0,False,0.0,False,15,-0.056053,,True
202605090514,C1.5,C,-5.823909,2026-05-09 05:14:00,2026-05-09 05:21:00,2026-05-09 04:14:00,60.0,True,0.970588,63.333333,False,59.333333,False,63.333333,False,-4.0,0.0,2.0,False,-6.0,True,0.0,True,0.0,True,57.333333,False,59.333333,False,63.333333,False,2.0,6.0,0.0,False,2.0,False,-4.0,False,-6.0,True,3.333333,False,57.333333,False,57.333333,False,54.0,54.0,56.0,False,54.0,False,54.0,False,2.0,False,15,-0.096667,,True
202605090622,C1.5,C,-5.823909,2026-05-09 06:22:00,2026-05-09 06:33:00,2026-05-09 05:26:00,56.0,False,0.970588,57.333333,False,65.333333,True,65.333333,True,8.0,8.0,10.0,True,8.0,True,0.0,True,0.0,True,57.333333,False,65.333333,True,55.333333,False,8.0,-2.0,0.0,False,10.0,True,8.0,True,8.0,True,55.333333,False,55.333333,False,55.333333,False,0.0,0.0,0.0,False,0.0,False,10.0,True,8.0,True,15,-0.056818,,True
202605090753,C1.6,C,-5.79588,2026-05-09 07:53:00,2026-05-09 08:02:00,2026-05-09 06:53:00,60.0,True,1.0,2.333333,False,2.333333,False,2.333333,False,0.0,0.0,0.0,False,4.0,False,2.0,False,-36.0,False,2.333333,False,2.333333,False,2.333333,False,0.0,0.0,0.0,False,0.0,False,4.0,False,2.0,False,0.333333,False,2.333333,False,2.333333,False,2.0,2.0,2.0,False,2.0,False,0.0,False,0.0,False,15,-0.086701,,True
202605090919,C1.2,C,-5.920819,2026-05-09 09:19:00,2026-05-09 09:24:00,2026-05-09 08:19:00,60.0,True,1.0,62.333333,False,24.333333,False,62.333333,False,-38.0,0.0,24.0,False,0.0,False,0.0,False,0.0,False,62.333333,False,24.333333,False,62.333333,False,-38.0,0.0,24.0,False,24.0,False,0.0,False,0.0,False,0.333333,False,24.333333,False,62.333333,False,24.0,62.0,0.0,False,0.0,False,24.0,False,62.0,False,15,-0.082374,,True
202605091315,C1.3,C,-5.886057,2026-05-09 13:15:00,2026-05-09 13:19:00,2026-05-09 12:15:00,60.0,True,0.969697,37.333333,False,13.333333,False,35.333333,False,-24.0,-2.0,-22.0,False,-2.0,False,0.0,True,0.0,True,63.333333,True,63.333333,True,37.333333,False,0.0,-26.0,-28.0,False,0.0,True,0.0,True,0.0,True,63.333333,True,63.333333,True,63.333333,True,0.0,0.0,-28.0,False,0.0,True,0.0,True,0.0,True,15,-0.099631,alert already on (left-censored),False
202605091359,C1.5,C,-5.823909,2026-05-09 13:59:00,2026-05-09 14:17:00,2026-05-09 13:24:00,35.0,False,0.962963,51.333333,True,13.333333,False,13.333333,False,-38.0,-38.0,-38.0,True,0.0,True,0.0,True,0.0,True,51.333333,True,13.333333,False,13.333333,False,-38.0,-38.0,-38.0,True,-38.0,True,0.0,True,0.0,True,51.333333,True,13.333333,False,13.333333,False,-38.0,-38.0,-38.0,True,-38.0,True,-38.0,True,0.0,True,15,-0.055215,alert already on (left-censored),False
202605091422,C1.5,C,-5.823909,2026-05-09 14:22:00,2026-05-09 14:31:00,2026-05-09 14:22:00,0.0,False,0.8,3.333333,False,7.333333,True,7.333333,True,4.0,4.0,4.0,True,0.0,True,0.0,True,0.0,True,3.333333,False,7.333333,True,7.333333,True,4.0,4.0,4.0,True,4.0,True,2.0,True,0.0,True,3.333333,False,7.333333,True,1.333333,False,4.0,-2.0,-1.333333,False,4.0,True,4.0,True,4.0,True,0,,lead-in under 10 min,False
202605091516,C1.5,C,-5.823909,2026-05-09 15:16:00,2026-05-09 15:26:00,2026-05-09 14:38:00,38.0,False,0.96,10.333333,False,8.333333,False,8.333333,False,-2.0,-2.0,0.0,False,-10.0,False,-28.0,True,-18.0,True,18.333333,False,8.333333,False,8.333333,False,-10.0,-10.0,0.0,False,-10.0,False,0.0,False,-18.0,True,18.333333,False,8.333333,False,6.333333,False,-10.0,-12.0,-4.0,False,0.0,False,-2.0,False,6.0,False,15,-0.030741,,True
202605091620,C1.1,C,-5.958607,2026-05-09 16:20:00,2026-05-09 16:25:00,2026-05-09 15:35:00,45.0,False,0.961538,49.333333,True,49.333333,True,49.333333,True,0.0,0.0,0.0,True,0.0,True,0.0,True,0.0,True,49.333333,True,49.333333,True,49.333333,True,0.0,0.0,0.0,True,0.0,True,0.0,True,0.0,True,49.333333,True,49.333333,True,49.333333,True,0.0,0.0,0.0,True,0.0,True,0.0,True,0.0,True,15,-0.047523,alert already on (left-censored),False
202605091848,C1.2,C,-5.920819,2026-05-09 18:48:00,2026-05-09 18:55:00,2026-05-09 17:48:00,60.0,True,0.970588,65.333333,True,63.333333,False,63.333333,False,-2.0,-2.0,-2.0,True,0.0,True,0.0,True,0.0,True,65.333333,True,63.333333,False,63.333333,False,-2.0,-2.0,-28.0,True,-2.0,True,0.0,True,0.0,True,65.333333,True,63.333333,False,65.333333,True,-2.0,0.0,-28.0,True,-2.0,True,0.0,True,0.0,True,15,-0.007733,alert already on (left-censored),False
202605091912,C1.2,C,-5.920819,2026-05-09 19:12:00,2026-05-09 19:20:00,2026-05-09 19:09:00,3.0,False,1.0,10.333333,True,0.0,False,0.0,False,-10.333333,-10.333333,-10.333333,True,-8.0,True,0.0,True,0.0,True,10.333333,True,0.0,False,0.0,False,-10.333333,-10.333333,-10.333333,True,-10.333333,True,-8.0,True,0.0,True,10.333333,True,0.0,False,0.0,False,-10.333333,-10.333333,-10.333333,True,-10.333333,True,-10.333333,True,0.0,True,2,,lead-in under 10 min,False
202605092021,C1.2,C,-5.920819,2026-05-09 20:21:00,2026-05-09 20:29:00,2026-05-09 19:30:00,51.0,False,0.966667,3.333333,False,3.333333,False,3.333333,False,0.0,0.0,0.0,False,54.0,True,44.0,True,44.0,True,3.333333,False,3.333333,False,3.333333,False,0.0,0.0,0.0,False,0.0,False,44.0,True,44.0,True,3.333333,False,3.333333,False,3.333333,False,0.0,0.0,-2.0,False,0.0,False,0.0,False,54.0,True,15,-0.079564,,True
202605092137,C2.0,C,-5.69897,2026-05-09 21:37:00,2026-05-09 21:46:00,2026-05-09 20:37:00,60.0,True,1.0,64.333333,False,64.333333,False,44.333333,False,0.0,-20.0,0.0,False,0.0,False,2.0,False,2.0,False,64.333333,False,64.333333,False,44.333333,False,0.0,-20.0,0.0,False,0.0,False,2.0,False,2.0,False,44.333333,False,64.333333,False,64.333333,False,20.0,20.0,0.0,False,20.0,False,22.0,False,2.0,False,15,-0.021281,,True
202605092157,C2.1,C,-5.677781,2026-05-09 21:57:00,2026-05-09 22:03:00,2026-05-09 21:57:00,0.0,False,0.75,5.333333,True,5.333333,True,5.333333,True,0.0,0.0,0.0,True,0.0,True,0.0,True,0.0,True,5.333333,True,5.333333,True,5.333333,True,0.0,0.0,0.0,True,0.0,True,0.0,True,0.0,True,5.333333,True,5.333333,True,5.333333,True,0.0,0.0,0.0,True,0.0,True,0.0,True,0.0,True,0,,lead-in under 10 min,False
202605100227,C1.6,C,-5.79588,2026-05-10 02:27:00,2026-05-10 02:33:00,2026-05-10 01:27:00,60.0,True,0.970588,63.333333,False,63.333333,False,63.333333,False,0.0,0.0,0.0,False,0.0,False,2.0,True,0.0,True,65.333333,True,65.333333,True,65.333333,True,0.0,0.0,0.0,False,0.0,True,0.0,True,0.0,True,65.333333,True,65.333333,True,65.333333,True,0.0,0.0,-2.0,True,0.0,True,0.0,True,0.0,True,15,-0.043174,alert already on (left-censored),False
202605100236,C2.1,C,-5.677781,2026-05-10 02:36:00,2026-05-10 02:40:00,2026-05-10 02:36:00,0.0,False,0.666667,2.333333,True,2.333333,True,2.333333,True,0.0,0.0,0.0,True,0.0,True,0.0,True,0.0,True,2.333333,True,2.333333,True,2.333333,True,0.0,0.0,0.0,True,0.0,True,0.0,True,0.0,True,2.333333,True,2.333333,True,2.333333,True,0.0,0.0,0.0,True,0.0,True,0.0,True,0.0,True,0,,lead-in under 10 min,False
202605100356,C1.4,C,-5.853872,2026-05-10 03:56:00,2026-05-10 04:03:00,2026-05-10 02:56:00,60.0,True,0.970588,17.333333,False,17.333333,False,15.333333,False,0.0,-2.0,0.0,False,2.0,False,14.0,False,14.0,True,17.333333,False,19.333333,False,17.333333,False,2.0,0.0,0.0,False,2.0,False,20.0,True,16.0,True,17.333333,False,65.333333,True,15.333333,False,48.0,-2.0,12.0,False,0.0,False,48.0,True,20.0,True,15,-0.006447,alert already on (left-censored),False
202605100459,C2.0,C,-5.69897,2026-05-10 04:59:00,2026-05-10 05:04:00,2026-05-10 04:08:00,51.0,False,0.965517,54.333333,True,48.333333,False,38.333333,False,-6.0,-16.0,-6.0,True,0.0,True,0.0,True,0.0,True,54.333333,True,54.333333,True,54.333333,True,0.0,0.0,-6.0,True,0.0,True,0.0,True,0.0,True,54.333333,True,54.333333,True,54.333333,True,0.0,0.0,-16.0,True,0.0,True,0.0,True,0.0,True,15,-0.019781,alert already on (left-censored),False
202605100632,C1.4,C,-5.853872,2026-05-10 06:32:00,2026-05-10 06:40:00,2026-05-10 05:32:00,60.0,True,0.971429,64.333333,False,66.333333,True,64.333333,False,2.0,0.0,0.0,False,2.0,True,2.0,True,0.0,True,64.333333,False,66.333333,True,64.333333,False,2.0,0.0,0.0,False,2.0,True,2.0,True,2.0,True,2.333333,False,66.333333,True,64.333333,False,64.0,62.0,0.0,False,64.0,True,64.0,True,2.0,True,15,-0.02807,alert already on (left-censored),False
202605100728,C2.0,C,-5.69897,2026-05-10 07:28:00,2026-05-10 07:34:00,2026-05-10 06:46:00,42.0,False,0.96,26.333333,False,26.333333,False,26.333333,False,0.0,0.0,0.0,False,6.0,False,6.0,False,6.0,False,26.333333,False,26.333333,False,26.333333,False,0.0,0.0,0.0,False,0.0,False,6.0,False,12.0,False,26.333333,False,26.333333,False,26.333333,False,0.0,0.0,0.0,False,0.0,False,6.0,False,12.0,False,15,-0.01699,,True
202605100915,C1.9,C,-5.721246,2026-05-10 09:15:00,2026-05-10 09:24:00,2026-05-10 08:15:00,60.0,True,1.0,32.333333,False,48.333333,False,32.333333,False,16.0,0.0,0.0,False,16.0,False,8.0,False,14.0,False,32.333333,False,48.333333,False,32.333333,False,16.0,0.0,0.0,False,16.0,False,8.0,False,26.0,False,32.333333,False,32.333333,False,32.333333,False,0.0,0.0,0.0,False,0.0,False,16.0,False,34.0,False,15,0.017364,,True
202605100932,C3.7,C,-5.431798,2026-05-10 09:32:00,2026-05-10 09:39:00,2026-05-10 09:28:00,4.0,False,0.833333,9.333333,True,3.333333,False,3.333333,False,-6.0,-6.0,0.0,False,-4.0,True,-4.0,True,-4.0,True,9.333333,True,5.333333,False,3.333333,False,-4.0,-6.0,0.0,False,2.0,False,-4.0,True,-4.0,True,3.333333,False,5.333333,False,3.333333,False,2.0,0.0,0.0,False,0.0,False,2.0,False,-4.0,True,2,,lead-in under 10 min,False
202605101036,C1.1,C,-5.958607,2026-05-10 10:36:00,2026-05-10 10:43:00,2026-05-10 09:42:00,54.0,False,0.967742,59.333333,True,45.333333,False,45.333333,False,-14.0,-14.0,-48.0,True,-14.0,True,-14.0,True,-4.0,True,59.333333,True,45.333333,False,45.333333,False,-14.0,-14.0,-48.0,True,-14.0,True,-4.0,True,-4.0,True,59.333333,True,45.333333,False,45.333333,False,-14.0,-14.0,-58.0,True,-14.0,True,-4.0,True,-4.0,True,15,-0.018935,alert already on (left-censored),False
202605101319,M5.7,M,-4.244125,2026-05-10 13:19:00,2026-05-10 13:39:00,2026-05-10 12:19:00,60.0,True,0.97561,61.333333,False,61.333333,False,51.333333,False,0.0,-10.0,6.0,False,10.0,False,8.0,False,0.0,False,61.333333,False,71.333333,False,61.333333,False,10.0,0.0,6.0,False,10.0,False,8.0,False,2.0,True,53.333333,False,77.333333,False,61.333333,False,24.0,8.0,6.0,False,20.0,False,16.0,False,10.0,True,15,0.112178,,True
202605101927,C1.2,C,-5.920819,2026-05-10 19:27:00,2026-05-10 19:34:00,2026-05-10 18:27:00,60.0,True,1.0,12.333333,False,58.333333,False,2.333333,False,46.0,-10.0,20.0,False,36.0,False,26.0,True,8.0,True,40.333333,False,60.333333,False,18.333333,False,20.0,-22.0,40.0,False,38.0,False,26.0,True,8.0,True,22.333333,False,66.333333,True,38.333333,False,44.0,16.0,56.0,False,48.0,True,26.0,True,8.0,True,15,0.152213,alert already on (left-censored),False
202605102058,C1.3,C,-5.886057,2026-05-10 20:58:00,2026-05-10 21:09:00,2026-05-10 19:58:00,60.0,True,0.972222,47.333333,False,69.333333,True,7.333333,False,22.0,-40.0,26.0,False,6.0,True,6.0,True,0.0,True,63.333333,False,69.333333,True,63.333333,False,6.0,0.0,32.0,True,6.0,True,0.0,True,0.0,True,69.333333,True,69.333333,True,69.333333,True,0.0,0.0,32.0,True,6.0,True,0.0,True,0.0,True,15,0.12795,alert already on (left-censored),False
202605102311,C1.4,C,-5.853872,2026-05-10 23:11:00,2026-05-10 23:18:00,2026-05-10 22:11:00,60.0,True,1.0,34.333333,False,64.333333,False,0.333333,False,30.0,-34.0,-2.0,False,32.0,True,32.0,True,10.0,True,34.333333,False,66.333333,True,8.333333,False,32.0,-26.0,-2.0,False,32.0,True,32.0,True,32.0,True,30.333333,False,66.333333,True,8.333333,False,36.0,-22.0,28.0,False,36.0,True,32.0,True,32.0,True,15,0.105724,alert already on (left-censored),False
202605110045,C1.0,C,-6.0,2026-05-11 00:45:00,2026-05-11 00:52:00,2026-05-10 23:45:00,60.0,True,1.0,64.333333,False,64.333333,False,32.333333,False,0.0,-32.0,32.0,False,0.0,False,2.0,True,2.0,True,64.333333,False,64.333333,False,32.333333,False,0.0,-32.0,32.0,False,0.0,False,2.0,True,2.0,True,32.333333,False,66.333333,True,32.333333,False,34.0,0.0,32.0,False,34.0,True,34.0,True,34.0,True,15,0.074701,alert already on (left-censored),False
202605110821,C1.4,C,-5.853872,2026-05-11 08:21:00,2026-05-11 08:32:00,2026-05-11 07:21:00,60.0,True,1.0,56.333333,False,56.333333,False,52.333333,False,0.0,-4.0,0.0,False,0.0,False,-12.0,False,-14.0,True,56.333333,False,56.333333,False,52.333333,False,0.0,-4.0,-52.0,False,0.0,False,-12.0,False,-14.0,True,56.333333,False,52.333333,False,52.333333,False,-4.0,-4.0,-30.0,False,-4.0,False,-14.0,True,-14.0,True,15,-0.08838,,True
202605111149,C1.2,C,-5.920819,2026-05-11 11:49:00,2026-05-11 11:54:00,2026-05-11 10:49:00,60.0,True,1.0,52.333333,False,20.333333,False,42.333333,False,-32.0,-10.0,-22.0,False,-10.0,False,0.0,False,4.0,False,52.333333,False,20.333333,False,42.333333,False,-32.0,-10.0,-40.0,False,-32.0,False,-10.0,False,-2.0,False,42.333333,False,20.333333,False,42.333333,False,-22.0,0.0,-6.0,False,-22.0,False,-32.0,False,-10.0,False,15,-0.089173,,True
202605111405,C1.8,C,-5.744727,2026-05-11 14:05:00,2026-05-11 14:15:00,2026-05-11 13:05:00,60.0,True,0.972222,35.333333,False,33.333333,False,35.333333,False,-2.0,0.0,-2.0,False,0.0,False,0.0,False,-18.0,False,39.333333,False,33.333333,False,35.333333,False,-6.0,-4.0,-2.0,False,-2.0,False,0.0,False,0.0,False,17.333333,False,33.333333,False,17.333333,False,16.0,0.0,-16.0,False,16.0,False,0.0,False,4.0,False,15,-0.04472,,True
202605120048,C1.3,C,-5.886057,2026-05-12 00:48:00,2026-05-12 01:01:00,2026-05-11 23:48:00,60.0,True,0.945946,67.333333,False,67.333333,False,67.333333,False,0.0,0.0,-58.0,False,0.0,False,0.0,True,0.0,True,67.333333,False,67.333333,False,67.333333,False,0.0,0.0,-58.0,False,0.0,False,-4.0,True,0.0,True,67.333333,False,67.333333,False,67.333333,False,0.0,0.0,-58.0,False,0.0,False,0.0,True,0.0,True,15,-0.101729,,True
202605120644,C1.0,C,-6.0,2026-05-12 06:44:00,2026-05-12 06:54:00,2026-05-12 05:44:00,60.0,True,0.972222,58.333333,False,48.333333,False,48.333333,False,-10.0,-10.0,0.0,False,-8.0,False,-14.0,False,-2.0,False,58.333333,False,48.333333,False,48.333333,False,-10.0,-10.0,-2.0,False,-10.0,False,-14.0,False,-14.0,False,58.333333,False,48.333333,False,48.333333,False,-10.0,-10.0,-26.0,False,-10.0,False,-14.0,False,-16.0,False,15,-0.110026,,True
202605120926,C1.1,C,-5.958607,2026-05-12 09:26:00,2026-05-12 09:35:00,2026-05-12 08:26:00,60.0,True,0.971429,53.333333,False,53.333333,False,5.333333,False,0.0,-48.0,-46.0,False,0.0,False,0.0,False,-2.0,False,53.333333,False,53.333333,False,53.333333,False,0.0,0.0,-46.0,False,0.0,False,0.0,False,-2.0,False,53.333333,False,53.333333,False,53.333333,False,0.0,0.0,-46.0,False,-48.0,False,0.0,False,0.0,False,15,-0.086469,,True
202605121019,C1.3,C,-5.886057,2026-05-12 10:19:00,2026-05-12 10:26:00,2026-05-12 09:43:00,36.0,False,1.0,42.333333,True,42.333333,True,42.333333,True,0.0,0.0,0.0,True,0.0,True,0.0,True,0.0,True,42.333333,True,42.333333,True,42.333333,True,0.0,0.0,0.0,True,0.0,True,0.0,True,0.0,True,42.333333,True,42.333333,True,42.333333,True,0.0,0.0,-38.0,True,0.0,True,0.0,True,0.0,True,15,-0.119994,alert already on (left-censored),False
202605121038,C1.4,C,-5.853872,2026-05-12 10:38:00,2026-05-12 10:49:00,2026-05-12 10:38:00,0.0,False,0.833333,9.333333,True,9.333333,True,9.333333,True,0.0,0.0,0.0,True,0.0,True,0.0,True,0.0,True,9.333333,True,9.333333,True,9.333333,True,0.0,0.0,0.0,True,0.0,True,0.0,True,0.0,True,9.333333,True,9.333333,True,9.333333,True,0.0,0.0,0.0,True,0.0,True,0.0,True,0.0,True,0,,lead-in under 10 min,False
202605121240,C2.0,C,-5.69897,2026-05-12 12:40:00,2026-05-12 12:49:00,2026-05-12 11:40:00,60.0,True,0.942857,29.333333,False,13.333333,False,13.333333,False,-16.0,-16.0,0.0,False,-16.0,False,-14.0,False,0.0,False,13.333333,False,13.333333,False,13.333333,False,0.0,0.0,0.0,False,0.0,False,-14.0,False,-10.0,False,13.333333,False,13.333333,False,15.333333,False,0.0,2.0,0.0,False,0.0,False,2.0,False,2.0,False,15,-0.0496,,True
202605121711,C1.5,C,-5.823909,2026-05-12 17:11:00,2026-05-12 17:17:00,2026-05-12 16:11:00,60.0,True,0.970588,21.333333,False,13.333333,False,13.333333,False,-8.0,-8.0,0.0,False,0.0,False,-14.0,False,-12.0,False,21.333333,False,13.333333,False,13.333333,False,-8.0,-8.0,0.0,False,-8.0,False,0.0,False,-12.0,False,17.333333,False,13.333333,False,13.333333,False,-4.0,-4.0,-12.0,False,-4.0,False,0.0,False,2.0,False,15,-0.069626,,True
202605122142,C1.1,C,-5.958607,2026-05-12 21:42:00,2026-05-12 21:48:00,2026-05-12 20:42:00,60.0,True,0.970588,44.333333,False,30.333333,False,42.333333,False,-14.0,-2.0,-12.0,False,-6.0,False,-2.0,False,-2.0,False,58.333333,False,42.333333,False,56.333333,False,-16.0,-2.0,-14.0,False,-16.0,False,-2.0,False,-4.0,False,62.333333,False,56.333333,False,62.333333,False,-6.0,0.0,-18.0,False,-2.0,False,-4.0,True,0.0,True,15,-0.077534,,True
202605122211,C1.0,C,-6.0,2026-05-12 22:11:00,2026-05-12 22:17:00,2026-05-12 21:51:00,20.0,False,0.928571,25.333333,True,1.333333,False,25.333333,True,-24.0,0.0,-24.0,True,0.0,True,0.0,True,0.0,True,25.333333,True,25.333333,True,25.333333,True,0.0,0.0,-24.0,True,0.0,True,0.0,True,0.0,True,25.333333,True,25.333333,True,25.333333,True,0.0,0.0,-24.0,True,0.0,True,0.0,True,0.0,True,10,-0.056654,alert already on (left-censored),False
202605130143,C2.1,C,-5.677781,2026-05-13 01:43:00,2026-05-13 01:54:00,2026-05-13 00:43:00,60.0,True,1.0,70.333333,True,70.333333,True,70.333333,True,0.0,0.0,0.0,True,0.0,True,0.0,True,0.0,True,70.333333,True,70.333333,True,70.333333,True,0.0,0.0,0.0,True,0.0,True,0.0,True,0.0,True,70.333333,True,70.333333,True,70.333333,True,0.0,0.0,0.0,True,0.0,True,0.0,True,0.0,True,15,-0.078264,alert already on (left-censored),False
202605130631,C2.3,C,-5.638272,2026-05-13 06:31:00,2026-05-13 06:40:00,2026-05-13 05:31:00,60.0,True,1.0,60.333333,False,20.333333,False,20.333333,False,-40.0,-40.0,-2.0,False,-46.0,False,-12.0,False,-14.0,True,66.333333,False,20.333333,False,46.333333,False,-46.0,-20.0,-40.0,False,-46.0,False,-34.0,False,-14.0,True,68.333333,True,20.333333,False,66.333333,False,-48.0,-2.0,-40.0,False,-48.0,True,-14.0,True,-2.0,True,15,-0.086927,alert already on (left-censored),False
202605131028,C1.5,C,-5.823909,2026-05-13 10:28:00,2026-05-13 10:36:00,2026-05-13 09:28:00,60.0,True,0.971429,52.333333,False,52.333333,False,52.333333,False,0.0,0.0,0.0,False,0.0,False,-4.0,False,-14.0,True,56.333333,False,52.333333,False,56.333333,False,-4.0,0.0,0.0,False,0.0,False,-6.0,False,-14.0,True,56.333333,False,52.333333,False,66.333333,True,-4.0,10.0,0.0,False,-4.0,False,-14.0,True,-14.0,True,15,-0.108768,,True
202605131646,C1.0,C,-6.0,2026-05-13 16:46:00,2026-05-13 16:54:00,2026-05-13 15:46:00,60.0,True,0.971429,66.333333,True,2.333333,False,2.333333,False,-64.0,-64.0,0.0,False,-64.0,True,-64.0,True,-64.0,True,66.333333,True,2.333333,False,2.333333,False,-64.0,-64.0,0.0,False,-64.0,True,-64.0,True,-64.0,True,66.333333,True,2.333333,False,2.333333,False,-64.0,-64.0,0.0,False,-64.0,True,-64.0,True,0.0,True,15,-0.061925,alert already on (left-censored),False
202605131706,C2.0,C,-5.69897,2026-05-13 17:06:00,2026-05-13 17:14:00,2026-05-13 17:06:00,0.0,False,0.8,6.333333,True,6.333333,True,6.333333,True,0.0,0.0,0.0,True,0.0,True,0.0,True,0.0,True,6.333333,True,6.333333,True,6.333333,True,0.0,0.0,0.0,True,0.0,True,0.0,True,0.0,True,6.333333,True,6.333333,True,6.333333,True,0.0,0.0,-2.0,True,-2.0,True,0.0,True,0.0,True,0,,lead-in under 10 min,False
202605131800,C1.4,C,-5.853872,2026-05-13 18:00:00,2026-05-13 18:05:00,2026-05-13 17:19:00,41.0,False,0.958333,45.333333,True,45.333333,True,45.333333,True,0.0,0.0,-2.0,True,0.0,True,0.0,True,0.0,True,45.333333,True,43.333333,False,45.333333,True,-2.0,0.0,-2.0,True,-2.0,True,0.0,True,0.0,True,45.333333,True,43.333333,False,17.333333,False,-2.0,-28.0,-8.0,True,-8.0,True,-2.0,True,-2.0,True,15,-0.06699,alert already on (left-censored),False
202605131935,C1.4,C,-5.853872,2026-05-13 19:35:00,2026-05-13 19:48:00,2026-05-13 18:35:00,60.0,True,1.0,64.333333,False,8.333333,False,6.333333,False,-56.0,-58.0,0.0,False,-54.0,False,-12.0,False,-12.0,False,64.333333,False,8.333333,False,6.333333,False,-56.0,-58.0,-2.0,False,-56.0,False,-54.0,False,-12.0,False,8.333333,False,6.333333,False,6.333333,False,-2.0,-2.0,0.0,False,-2.0,False,-56.0,False,-56.0,False,15,-0.070648,,True
202605140205,C1.6,C,-5.79588,2026-05-14 02:05:00,2026-05-14 02:12:00,2026-05-14 01:05:00,60.0,True,1.0,66.333333,True,52.333333,False,38.333333,False,-14.0,-28.0,0.0,False,-14.0,True,-14.0,True,-14.0,True,66.333333,True,52.333333,False,38.333333,False,-14.0,-28.0,0.0,False,-14.0,True,-14.0,True,-14.0,True,66.333333,True,52.333333,False,58.333333,False,-14.0,-8.0,0.0,False,-14.0,True,-14.0,True,-4.0,True,15,-0.050647,alert already on (left-censored),False
202605140327,C2.6,C,-5.585027,2026-05-14 03:27:00,2026-05-14 03:41:00,2026-05-14 02:27:00,60.0,True,0.973684,9.333333,False,9.333333,False,9.333333,False,0.0,0.0,0.0,False,50.0,False,50.0,False,62.0,False,9.333333,False,9.333333,False,9.333333,False,0.0,0.0,0.0,False,0.0,False,50.0,False,62.0,False,9.333333,False,9.333333,False,9.333333,False,0.0,0.0,0.0,False,0.0,False,50.0,False,50.0,False,15,-0.033105,,True
202605140520,C1.9,C,-5.721246,2026-05-14 05:20:00,2026-05-14 05:37:00,2026-05-14 04:20:00,60.0,True,0.974359,13.333333,False,13.333333,False,13.333333,False,0.0,0.0,0.0,False,0.0,False,0.0,False,0.0,False,13.333333,False,13.333333,False,13.333333,False,0.0,0.0,0.0,False,0.0,False,0.0,False,0.0,False,13.333333,False,13.333333,False,11.333333,False,0.0,-2.0,0.0,False,-2.0,False,0.0,False,0.0,False,15,-0.055846,,True
202605140556,C1.6,C,-5.79588,2026-05-14 05:56:00,2026-05-14 06:04:00,2026-05-14 05:48:00,8.0,False,0.888889,14.333333,True,14.333333,True,14.333333,True,0.0,0.0,-12.0,True,0.0,True,0.0,True,0.0,True,14.333333,True,2.333333,False,14.333333,True,-12.0,0.0,-12.0,True,-12.0,True,0.0,True,0.0,True,14.333333,True,2.333333,False,2.333333,False,-12.0,-12.0,-12.0,True,-12.0,True,-12.0,True,-12.0,True,4,,lead-in under 10 min,False
202605140631,C5.5,C,-5.259637,2026-05-14 06:31:00,2026-05-14 06:42:00,2026-05-14 06:08:00,23.0,False,0.944444,4.333333,False,10.333333,False,4.333333,False,6.0,0.0,6.0,False,-22.0,True,-22.0,True,-16.0,True,4.333333,False,10.333333,False,4.333333,False,6.0,0.0,0.0,False,6.0,False,6.0,False,-22.0,True,4.333333,False,4.333333,False,4.333333,False,0.0,0.0,0.0,False,0.0,False,6.0,False,6.0,False,11,-0.056588,,True
202605140848,C1.2,C,-5.920819,2026-05-14 08:48:00,2026-05-14 08:55:00,2026-05-14 07:48:00,60.0,True,0.970588,53.333333,False,53.333333,False,53.333333,False,0.0,0.0,0.0,False,0.0,False,0.0,False,0.0,False,53.333333,False,53.333333,False,53.333333,False,0.0,0.0,0.0,False,0.0,False,0.0,False,0.0,False,53.333333,False,53.333333,False,1.333333,False,0.0,-52.0,0.0,False,0.0,False,0.0,False,0.0,False,15,-0.063444,,True
202605140913,C2.5,C,-5.60206,2026-05-14 09:13:00,2026-05-14 09:20:00,2026-05-14 08:58:00,15.0,False,0.916667,20.333333,True,4.333333,False,4.333333,False,-16.0,-16.0,0.0,False,-16.0,True,0.0,True,0.0,True,20.333333,True,4.333333,False,20.333333,True,-16.0,0.0,0.0,False,-16.0,True,0.0,True,0.0,True,20.333333,True,20.333333,True,20.333333,True,0.0,0.0,-16.0,True,0.0,True,0.0,True,0.0,True,7,-0.041158,alert already on (left-censored),False
202605141033,C1.5,C,-5.823909,2026-05-14 10:33:00,2026-05-14 10:42:00,2026-05-14 09:33:00,60.0,True,1.0,68.333333,True,36.333333,False,24.333333,False,-32.0,-44.0,-32.0,True,-32.0,True,0.0,True,0.0,True,68.333333,True,36.333333,False,24.333333,False,-32.0,-44.0,0.0,False,-32.0,True,-22.0,True,0.0,True,2.333333,False,36.333333,False,2.333333,False,34.0,0.0,0.0,False,0.0,False,34.0,False,-22.0,True,15,-0.042162,,True
202605141046,C2.5,C,-5.60206,2026-05-14 10:46:00,2026-05-14 10:56:00,2026-05-14 10:46:00,0.0,False,0.833333,8.333333,True,8.333333,True,8.333333,True,0.0,0.0,0.0,True,0.0,True,0.0,True,0.0,True,8.333333,True,8.333333,True,8.333333,True,0.0,0.0,0.0,True,0.0,True,0.0,True,0.0,True,8.333333,True,8.333333,True,8.333333,True,0.0,0.0,0.0,True,0.0,True,0.0,True,0.0,True,0,,lead-in under 10 min,False
202605141126,C3.8,C,-5.420216,2026-05-14 11:26:00,2026-05-14 11:36:00,2026-05-14 11:06:00,20.0,False,0.9375,6.333333,False,6.333333,False,6.333333,False,0.0,0.0,2.0,False,0.0,False,-22.0,True,-20.0,True,6.333333,False,6.333333,False,6.333333,False,0.0,0.0,2.0,False,0.0,False,0.0,False,2.0,False,4.333333,False,6.333333,False,6.333333,False,2.0,2.0,0.0,False,2.0,False,2.0,False,0.0,False,10,-0.066052,,True
202605141321,C1.0,C,-6.0,2026-05-14 13:21:00,2026-05-14 13:40:00,2026-05-14 12:21:00,60.0,True,1.0,64.333333,False,16.333333,False,78.333333,True,-48.0,14.0,-48.0,False,-48.0,False,0.0,True,0.0,True,64.333333,False,16.333333,False,78.333333,True,-48.0,14.0,0.0,False,-48.0,False,14.0,True,0.0,True,16.333333,False,16.333333,False,78.333333,True,0.0,62.0,0.0,False,0.0,False,-48.0,False,14.0,True,15,-0.037953,,True
202605141424,C1.3,C,-5.886057,2026-05-14 14:24:00,2026-05-14 14:33:00,2026-05-14 13:53:00,31.0,False,0.952381,39.333333,True,39.333333,True,39.333333,True,0.0,0.0,0.0,True,0.0,True,0.0,True,0.0,True,39.333333,True,39.333333,True,39.333333,True,0.0,0.0,0.0,True,0.0,True,0.0,True,0.0,True,39.333333,True,39.333333,True,39.333333,True,0.0,0.0,0.0,True,0.0,True,0.0,True,0.0,True,15,-0.035303,alert already on (left-censored),False
202605141704,C2.4,C,-5.619789,2026-05-14 17:04:00,2026-05-14 17:13:00,2026-05-14 16:04:00,60.0,True,0.971429,37.333333,False,37.333333,False,3.333333,False,0.0,-34.0,34.0,False,0.0,False,16.0,False,20.0,False,37.333333,False,37.333333,False,3.333333,False,0.0,-34.0,2.0,False,0.0,False,18.0,False,26.0,False,37.333333,False,59.333333,False,37.333333,False,22.0,0.0,2.0,False,18.0,False,22.0,False,30.0,True,15,-0.042615,,True
202605141718,C4.4,C,-5.356547,2026-05-14 17:18:00,2026-05-14 17:39:00,2026-05-14 17:18:00,0.0,False,0.909091,19.333333,True,19.333333,True,19.333333,True,0.0,0.0,0.0,True,0.0,True,0.0,True,0.0,True,19.333333,True,19.333333,True,19.333333,True,0.0,0.0,0.0,True,0.0,True,0.0,True,0.0,True,19.333333,True,19.333333,True,19.333333,True,0.0,0.0,0.0,True,0.0,True,0.0,True,0.0,True,0,,lead-in under 10 min,False
202605141821,C5.1,C,-5.29243,2026-05-14 18:21:00,2026-05-14 18:40:00,2026-05-14 18:21:00,0.0,False,1.0,18.333333,True,18.333333,True,18.333333,True,0.0,0.0,0.0,True,0.0,True,0.0,True,0.0,True,18.333333,True,18.333333,True,18.333333,True,0.0,0.0,0.0,True,0.0,True,0.0,True,0.0,True,0.0,False,18.333333,True,18.333333,True,18.333333,18.333333,0.0,False,18.333333,True,18.333333,True,18.333333,True,0,,lead-in under 10 min,False
202605142155,C1.0,C,-6.0,2026-05-14 21:55:00,2026-05-14 22:03:00,2026-05-14 20:55:00,60.0,True,0.971429,59.333333,False,61.333333,False,59.333333,False,2.0,0.0,2.0,False,2.0,False,2.0,False,2.0,False,59.333333,False,61.333333,False,59.333333,False,2.0,0.0,2.0,False,2.0,False,2.0,False,2.0,False,57.333333,False,61.333333,False,57.333333,False,4.0,0.0,4.0,False,4.0,False,2.0,False,2.0,False,15,-0.020286,,True
202605142214,C1.5,C,-5.823909,2026-05-14 22:14:00,2026-05-14 22:20:00,2026-05-14 22:11:00,3.0,False,1.0,8.333333,True,8.333333,True,8.333333,True,0.0,0.0,0.0,True,0.0,True,0.0,True,0.0,True,8.333333,True,8.333333,True,8.333333,True,0.0,0.0,0.0,True,0.0,True,0.0,True,0.0,True,8.333333,True,8.333333,True,8.333333,True,0.0,0.0,0.0,True,0.0,True,0.0,True,0.0,True,2,,lead-in under 10 min,False
202605142258,C1.1,C,-5.958607,2026-05-14 22:58:00,2026-05-14 23:07:00,2026-05-14 22:28:00,30.0,False,0.95,37.333333,True,37.333333,True,37.333333,True,0.0,0.0,0.0,True,0.0,True,0.0,True,0.0,True,37.333333,True,37.333333,True,37.333333,True,0.0,0.0,0.0,True,0.0,True,0.0,True,0.0,True,37.333333,True,37.333333,True,37.333333,True,0.0,0.0,-34.0,True,0.0,True,0.0,True,0.0,True,15,-0.071456,alert already on (left-censored),False
202605142316,C1.2,C,-5.920819,2026-05-14 23:16:00,2026-05-14 23:21:00,2026-05-14 23:16:00,0.0,False,0.666667,3.333333,True,3.333333,True,3.333333,True,0.0,0.0,0.0,False,0.0,True,0.0,True,0.0,True,3.333333,True,3.333333,True,3.333333,True,0.0,0.0,0.0,False,0.0,True,0.0,True,0.0,True,1.333333,False,3.333333,True,3.333333,True,2.0,2.0,0.0,False,2.0,True,2.0,True,2.0,True,0,,lead-in under 10 min,False
202605150148,C1.0,C,-6.0,2026-05-15 01:48:00,2026-05-15 01:52:00,2026-05-15 00:48:00,60.0,True,0.969697,40.333333,False,40.333333,False,40.333333,False,0.0,0.0,-40.0,False,10.0,False,8.0,False,4.0,False,48.333333,False,56.333333,False,40.333333,False,8.0,-8.0,-40.0,False,12.0,False,4.0,False,6.0,True,56.333333,False,62.333333,True,56.333333,False,6.0,0.0,12.0,False,6.0,True,2.0,True,2.0,True,15,-0.023879,alert already on (left-censored),False
202605150252,C3.3,C,-5.481486,2026-05-15 02:52:00,2026-05-15 03:09:00,2026-05-15 01:55:00,57.0,False,0.973684,73.333333,True,73.333333,True,73.333333,True,0.0,0.0,0.0,True,0.0,True,0.0,True,0.0,True,73.333333,True,73.333333,True,73.333333,True,0.0,0.0,0.0,True,0.0,True,0.0,True,0.0,True,73.333333,True,73.333333,True,73.333333,True,0.0,0.0,-26.0,True,0.0,True,0.0,True,0.0,True,15,0.009881,alert already on (left-censored),False
202605151143,C4.3,C,-5.366532,2026-05-15 11:43:00,2026-05-15 11:50:00,2026-05-15 10:43:00,60.0,True,1.0,40.333333,False,40.333333,False,40.333333,False,0.0,0.0,0.0,False,0.0,False,0.0,False,0.0,False,40.333333,False,40.333333,False,40.333333,False,0.0,0.0,0.0,False,0.0,False,0.0,False,0.0,False,40.333333,False,40.333333,False,40.333333,False,0.0,0.0,0.0,False,0.0,False,0.0,False,0.0,False,15,-0.059496,,True
202605151308,C6.6,C,-5.180456,2026-05-15 13:08:00,2026-05-15 13:13:00,2026-05-15 12:08:00,60.0,True,0.969697,0.0,False,1.333333,False,0.0,False,1.333333,0.0,1.333333,False,1.333333,False,1.333333,False,15.333333,False,0.0,False,1.333333,False,0.0,False,1.333333,0.0,0.0,False,1.333333,False,1.333333,False,1.333333,False,0.0,False,0.0,False,0.0,False,0.0,0.0,0.0,False,0.0,False,0.0,False,1.333333,False,15,-0.03311,,True
202605151340,C1.1,C,-5.958607,2026-05-15 13:40:00,2026-05-15 13:50:00,2026-05-15 13:17:00,23.0,False,1.0,32.333333,True,32.333333,True,32.333333,True,0.0,0.0,0.0,True,0.0,True,0.0,True,0.0,True,32.333333,True,32.333333,True,32.333333,True,0.0,0.0,-30.0,True,0.0,True,0.0,True,0.0,True,32.333333,True,32.333333,True,32.333333,True,0.0,0.0,-32.0,True,0.0,True,0.0,True,0.0,True,12,0.058258,alert already on (left-censored),False
202605151605,C9.4,C,-5.026872,2026-05-15 16:05:00,2026-05-15 16:14:00,2026-05-15 15:05:00,60.0,True,1.0,0.333333,False,0.333333,False,0.333333,False,0.0,0.0,0.0,False,0.0,False,-4.0,False,-14.0,False,0.333333,False,0.333333,False,0.333333,False,0.0,0.0,0.0,False,0.0,False,-6.0,False,-14.0,False,0.333333,False,0.333333,False,0.333333,False,0.0,0.0,0.0,False,0.0,False,-6.0,False,-14.0,False,15,-0.058768,,True
202605161419,C1.1,C,-5.958607,2026-05-16 14:19:00,2026-05-16 14:39:00,2026-05-16 13:19:00,60.0,True,0.97561,79.333333,True,17.333333,False,17.333333,False,-62.0,-62.0,0.0,False,-62.0,True,-18.0,True,0.0,True,79.333333,True,17.333333,False,17.333333,False,-62.0,-62.0,0.0,False,-62.0,True,-62.0,True,0.0,True,79.333333,True,17.333333,False,17.333333,False,-62.0,-62.0,-4.0,False,-62.0,True,-62.0,True,0.0,True,15,-0.098776,alert already on (left-censored),False
202605161508,C3.4,C,-5.468521,2026-05-16 15:08:00,2026-05-16 15:12:00,2026-05-16 14:56:00,12.0,False,0.888889,0.333333,False,0.333333,False,0.333333,False,0.0,0.0,0.0,False,0.0,False,0.0,False,0.0,False,0.333333,False,0.333333,False,0.333333,False,0.0,0.0,0.0,False,0.0,False,0.0,False,0.0,False,0.333333,False,0.333333,False,0.333333,False,0.0,0.0,0.0,False,0.0,False,0.0,False,0.0,False,6,-0.027492,,True
202605161550,M1.8,M,-4.744727,2026-05-16 15:50:00,2026-05-16 16:12:00,2026-05-16 15:16:00,34.0,False,0.965517,14.333333,False,16.333333,False,16.333333,False,2.0,2.0,2.0,False,2.0,False,18.0,False,-20.0,True,14.333333,False,16.333333,False,14.333333,False,2.0,0.0,2.0,False,2.0,False,4.0,False,20.0,False,14.333333,False,16.333333,False,14.333333,False,2.0,0.0,2.0,False,2.0,False,2.0,False,2.0,False,15,0.043521,,True
202605161622,M1.3,M,-4.886057,2026-05-16 16:22:00,2026-05-16 16:29:00,2026-05-16 16:22:00,0.0,False,0.75,5.333333,True,5.333333,True,5.333333,True,0.0,0.0,0.0,True,0.0,True,0.0,True,0.0,True,5.333333,True,5.333333,True,5.333333,True,0.0,0.0,0.0,True,0.0,True,0.0,True,0.0,True,5.333333,True,5.333333,True,5.333333,True,0.0,0.0,0.0,True,0.0,True,0.0,True,0.0,True,0,,lead-in under 10 min,False
202605161739,M1.9,M,-4.721246,2026-05-16 17:39:00,2026-05-16 17:42:00,2026-05-16 16:39:00,60.0,True,1.0,62.333333,True,62.333333,True,62.333333,True,0.0,0.0,62.0,True,0.0,True,0.0,True,0.0,True,0.333333,False,62.333333,True,62.333333,True,62.0,62.0,62.0,True,62.0,True,62.0,True,62.0,True,0.333333,False,62.333333,True,62.333333,True,62.0,62.0,62.0,True,62.0,True,62.0,True,62.0,True,15,0.087743,alert already on (left-censored),False
202605161902,C2.6,C,-5.585027,2026-05-16 19:02:00,2026-05-16 19:07:00,2026-05-16 18:02:00,60.0,True,0.969697,1.333333,False,1.333333,False,1.333333,False,0.0,0.0,0.0,False,0.0,False,0.0,False,0.0,False,1.333333,False,1.333333,False,1.333333,False,0.0,0.0,1.333333,False,0.0,False,0.0,False,0.0,False,0.0,False,1.333333,False,1.333333,False,1.333333,1.333333,1.333333,False,1.333333,False,1.333333,False,1.333333,False,15,-0.043283,,True
202605161957,C3.6,C,-5.443697,2026-05-16 19:57:00,2026-05-16 20:03:00,2026-05-16 19:11:00,46.0,False,0.962963,51.333333,True,1.333333,False,1.333333,False,-50.0,-50.0,0.0,False,0.0,True,0.0,True,0.0,True,51.333333,True,1.333333,False,1.333333,False,-50.0,-50.0,0.0,False,0.0,False,0.0,True,0.0,True,1.333333,False,1.333333,False,1.333333,False,0.0,0.0,0.0,False,0.0,False,0.0,False,50.0,True,15,0.007323,,True
202605162222,C1.4,C,-5.853872,2026-05-16 22:22:00,2026-05-16 22:26:00,2026-05-16 21:22:00,60.0,True,0.969697,34.333333,False,36.333333,False,34.333333,False,2.0,0.0,2.0,False,0.0,False,0.0,False,2.0,False,34.333333,False,36.333333,False,34.333333,False,2.0,0.0,0.0,False,2.0,False,2.0,False,2.0,False,34.333333,False,36.333333,False,34.333333,False,2.0,0.0,10.0,False,10.0,False,2.0,False,2.0,False,15,0.068741,,True
202605162313,C5.8,C,-5.236572,2026-05-16 23:13:00,2026-05-16 23:30:00,2026-05-16 22:30:00,43.0,False,0.967742,14.333333,False,12.333333,False,12.333333,False,-2.0,-2.0,0.0,False,32.0,False,0.0,True,0.0,True,58.333333,True,58.333333,True,12.333333,False,0.0,-46.0,0.0,False,0.0,True,0.0,True,0.0,True,58.333333,True,58.333333,True,12.333333,False,0.0,-46.0,46.0,True,0.0,True,0.0,True,0.0,True,15,0.101232,alert already on (left-censored),False
202605170329,M1.4,M,-4.853872,2026-05-17 03:29:00,2026-05-17 03:39:00,2026-05-17 02:29:00,60.0,True,0.944444,49.333333,False,7.333333,False,5.333333,False,-42.0,-44.0,2.0,False,-62.0,True,-52.0,True,-38.0,True,69.333333,True,7.333333,False,49.333333,False,-62.0,-20.0,2.0,False,-62.0,True,-52.0,True,-38.0,True,69.333333,True,7.333333,False,69.333333,True,-62.0,0.0,0.0,False,-62.0,True,-38.0,True,0.0,True,15,-0.057972,alert already on (left-censored),False
202605170436,C1.0,C,-6.0,2026-05-17 04:36:00,2026-05-17 04:44:00,2026-05-17 03:42:00,54.0,False,0.28125,60.333333,True,0.0,False,0.0,False,-60.333333,-60.333333,-60.333333,True,-60.333333,True,-60.333333,True,-60.333333,True,60.333333,True,0.0,False,0.0,False,-60.333333,-60.333333,-60.333333,True,-60.333333,True,-60.333333,True,-60.333333,True,60.333333,True,0.0,False,0.0,False,-60.333333,-60.333333,-60.333333,True,-60.333333,True,-60.333333,True,-60.333333,True,0,,common coverage under 80%,False
202605170521,C2.0,C,-5.69897,2026-05-17 05:21:00,2026-05-17 05:32:00,2026-05-17 04:52:00,29.0,False,0.0,0.0,False,0.0,False,0.0,False,0.0,0.0,0.0,False,0.0,False,0.0,False,0.0,False,0.0,False,0.0,False,0.0,False,0.0,0.0,0.0,False,0.0,False,0.0,False,0.0,False,0.0,False,0.0,False,0.0,False,0.0,0.0,0.0,False,0.0,False,0.0,False,0.0,False,0,,common coverage under 80%,False
202605171123,C1.1,C,-5.958607,2026-05-17 11:23:00,2026-05-17 11:32:00,2026-05-17 10:23:00,60.0,True,0.0,0.0,False,0.0,False,0.0,False,0.0,0.0,0.0,False,0.0,False,0.0,False,0.0,False,0.0,False,0.0,False,0.0,False,0.0,0.0,0.0,False,0.0,False,0.0,False,0.0,False,0.0,False,0.0,False,0.0,False,0.0,0.0,0.0,False,0.0,False,0.0,False,0.0,False,0,,common coverage under 80%,False
202605171201,C1.0,C,-6.0,2026-05-17 12:01:00,2026-05-17 12:07:00,2026-05-17 11:40:00,21.0,False,0.0,0.0,False,0.0,False,0.0,False,0.0,0.0,0.0,False,0.0,False,0.0,False,0.0,False,0.0,False,0.0,False,0.0,False,0.0,0.0,0.0,False,0.0,False,0.0,False,0.0,False,0.0,False,0.0,False,0.0,False,0.0,0.0,0.0,False,0.0,False,0.0,False,0.0,False,0,,common coverage under 80%,False
202605171225,C1.0,C,-6.0,2026-05-17 12:25:00,2026-05-17 12:38:00,2026-05-17 12:10:00,15.0,False,0.0,0.0,False,0.0,False,0.0,False,0.0,0.0,0.0,False,0.0,False,0.0,False,0.0,False,0.0,False,0.0,False,0.0,False,0.0,0.0,0.0,False,0.0,False,0.0,False,0.0,False,0.0,False,0.0,False,0.0,False,0.0,0.0,0.0,False,0.0,False,0.0,False,0.0,False,0,,common coverage under 80%,False
202605172042,C9.7,C,-5.013228,2026-05-17 20:42:00,2026-05-17 20:53:00,2026-05-17 19:42:00,60.0,True,0.0,0.0,False,0.0,False,0.0,False,0.0,0.0,0.0,False,0.0,False,0.0,False,0.0,False,0.0,False,0.0,False,0.0,False,0.0,0.0,0.0,False,0.0,False,0.0,False,0.0,False,0.0,False,0.0,False,0.0,False,0.0,0.0,0.0,False,0.0,False,0.0,False,0.0,False,0,,common coverage under 80%,False
202605181810,C1.9,C,-5.721246,2026-05-18 18:10:00,2026-05-18 18:28:00,2026-05-18 17:10:00,60.0,True,0.975,12.333333,False,12.333333,False,12.333333,False,0.0,0.0,0.0,False,0.0,False,2.0,False,0.0,False,12.333333,False,12.333333,False,12.333333,False,0.0,0.0,0.0,False,0.0,False,0.0,False,0.0,False,12.333333,False,12.333333,False,12.333333,False,0.0,0.0,-2.0,False,0.0,False,0.0,False,0.0,False,15,-0.071021,,True
202605190729,C2.1,C,-5.677781,2026-05-19 07:29:00,2026-05-19 07:40:00,2026-05-19 06:29:00,60.0,True,1.0,2.333333,False,2.333333,False,2.333333,False,0.0,0.0,0.0,False,0.0,False,0.0,False,0.0,False,2.333333,False,2.333333,False,2.333333,False,0.0,0.0,0.0,False,0.0,False,0.0,False,0.0,False,2.333333,False,2.333333,False,2.333333,False,0.0,0.0,0.0,False,0.0,False,0.0,False,0.0,False,15,-0.031932,,True
202605191640,C1.1,C,-5.958607,2026-05-19 16:40:00,2026-05-19 16:51:00,2026-05-19 15:40:00,60.0,True,0.972222,3.333333,False,3.333333,False,3.333333,False,0.0,0.0,0.0,False,-12.0,False,-12.0,False,-12.0,False,3.333333,False,3.333333,False,3.333333,False,0.0,0.0,0.0,False,0.0,False,0.0,False,-12.0,False,3.333333,False,3.333333,False,3.333333,False,0.0,0.0,0.0,False,0.0,False,0.0,False,0.0,False,15,-0.064553,,True
202605191944,C2.1,C,-5.677781,2026-05-19 19:44:00,2026-05-19 20:00:00,2026-05-19 18:44:00,60.0,True,0.974359,10.333333,False,8.333333,False,10.333333,False,-2.0,0.0,-4.0,False,-2.0,False,0.0,False,2.0,False,10.333333,False,8.333333,False,10.333333,False,-2.0,0.0,-4.0,False,-2.0,False,-2.0,False,0.0,False,8.333333,False,6.333333,False,8.333333,False,-2.0,0.0,-4.0,False,-2.0,False,-2.0,False,-2.0,False,15,-0.027766,,True
202605192113,C1.0,C,-6.0,2026-05-19 21:13:00,2026-05-19 21:25:00,2026-05-19 20:13:00,60.0,True,0.972973,71.333333,True,71.333333,True,71.333333,True,0.0,0.0,0.0,True,0.0,True,0.0,True,0.0,True,71.333333,True,71.333333,True,71.333333,True,0.0,0.0,0.0,True,0.0,True,0.0,True,0.0,True,71.333333,True,71.333333,True,69.333333,False,0.0,-2.0,0.0,True,0.0,True,0.0,True,0.0,True,15,0.121092,alert already on (left-censored),False
202605192140,C1.0,C,-6.0,2026-05-19 21:40:00,2026-05-19 21:45:00,2026-05-19 21:40:00,0.0,False,0.666667,3.333333,True,3.333333,True,3.333333,True,0.0,0.0,0.0,True,0.0,True,0.0,True,0.0,True,3.333333,True,3.333333,True,3.333333,True,0.0,0.0,0.0,True,0.0,True,0.0,True,0.0,True,3.333333,True,3.333333,True,3.333333,True,0.0,0.0,0.0,True,0.0,True,0.0,True,0.0,True,0,,lead-in under 10 min,False
202605192158,C1.4,C,-5.853872,2026-05-19 21:58:00,2026-05-19 22:03:00,2026-05-19 21:49:00,9.0,False,0.875,13.333333,True,13.333333,True,13.333333,True,0.0,0.0,0.0,True,0.0,True,0.0,True,0.0,True,13.333333,True,13.333333,True,13.333333,True,0.0,0.0,0.0,True,0.0,True,0.0,True,0.0,True,13.333333,True,13.333333,True,13.333333,True,0.0,0.0,0.0,True,0.0,True,0.0,True,0.0,True,5,-0.004209,lead-in under 10 min,False
202605200412,C1.0,C,-6.0,2026-05-20 04:12:00,2026-05-20 04:43:00,2026-05-20 03:12:00,60.0,True,0.978261,73.333333,False,71.333333,False,71.333333,False,-2.0,-2.0,-4.0,False,-2.0,False,-16.0,True,-16.0,True,73.333333,False,71.333333,False,71.333333,False,-2.0,-2.0,-73.333333,False,-2.0,False,-2.0,False,-16.0,True,73.333333,False,0.0,False,71.333333,False,-73.333333,-2.0,-71.333333,False,-71.333333,False,-4.0,False,-2.0,False,15,-0.096686,,True
202605200959,C1.0,C,-6.0,2026-05-20 09:59:00,2026-05-20 10:09:00,2026-05-20 08:59:00,60.0,True,0.972222,9.333333,False,3.333333,False,3.333333,False,-6.0,-6.0,0.0,False,-6.0,False,-6.0,False,-56.0,False,9.333333,False,3.333333,False,3.333333,False,-6.0,-6.0,-2.0,False,-6.0,False,-6.0,False,-56.0,False,9.333333,False,3.333333,False,3.333333,False,-6.0,-6.0,-2.0,False,-2.0,False,-6.0,False,-56.0,False,15,-0.119637,,True
202605211309,C5.5,C,-5.259637,2026-05-21 13:09:00,2026-05-21 13:21:00,2026-05-21 12:09:00,60.0,True,0.972973,11.333333,False,7.333333,False,7.333333,False,-4.0,-4.0,-2.0,False,-4.0,False,-8.0,False,-28.0,False,11.333333,False,7.333333,False,7.333333,False,-4.0,-4.0,-4.0,False,-4.0,False,-8.0,False,-32.0,False,11.333333,False,5.333333,False,7.333333,False,-6.0,-4.0,-4.0,False,-2.0,False,-8.0,False,-52.0,False,15,-0.096962,,True
202605211804,C8.3,C,-5.080922,2026-05-21 18:04:00,2026-05-21 18:14:00,2026-05-21 17:04:00,60.0,True,0.972222,58.333333,False,24.333333,False,6.333333,False,-34.0,-52.0,-34.0,False,0.0,False,-10.0,True,0.0,True,58.333333,False,58.333333,False,58.333333,False,0.0,0.0,-52.0,False,0.0,False,-10.0,True,0.0,True,58.333333,False,24.333333,False,6.333333,False,-34.0,-52.0,0.0,False,-34.0,False,0.0,False,0.0,True,15,-0.066459,,True
202605211819,C9.5,C,-5.022276,2026-05-21 18:19:00,2026-05-21 18:25:00,2026-05-21 18:19:00,0.0,False,0.75,5.333333,True,5.333333,True,5.333333,True,0.0,0.0,0.0,True,0.0,True,0.0,True,0.0,True,5.333333,True,5.333333,True,5.333333,True,0.0,0.0,0.0,True,0.0,True,0.0,True,0.0,True,5.333333,True,5.333333,True,5.333333,True,0.0,0.0,0.0,True,0.0,True,0.0,True,0.0,True,0,,lead-in under 10 min,False
202605212304,C1.3,C,-5.886057,2026-05-21 23:04:00,2026-05-21 23:10:00,2026-05-21 22:04:00,60.0,True,0.823529,44.333333,False,26.333333,False,10.333333,False,-18.0,-34.0,16.0,False,20.0,True,0.0,True,0.0,True,64.333333,True,40.333333,False,40.333333,False,-24.0,-24.0,0.0,False,-4.0,False,0.0,True,0.0,True,44.333333,False,64.333333,True,40.333333,False,20.0,-4.0,-10.333333,False,-4.0,False,0.0,True,0.0,True,13,-0.045675,alert already on (left-censored),False
202605220022,C2.8,C,-5.552842,2026-05-22 00:22:00,2026-05-22 00:32:00,2026-05-21 23:22:00,60.0,True,0.0,0.0,False,0.0,False,0.0,False,0.0,0.0,0.0,False,0.0,False,0.0,False,0.0,False,0.0,False,0.0,False,0.0,False,0.0,0.0,0.0,False,0.0,False,0.0,False,0.0,False,0.0,False,0.0,False,0.0,False,0.0,0.0,0.0,False,0.0,False,0.0,False,0.0,False,0,,common coverage under 80%,False
202605220323,C1.9,C,-5.721246,2026-05-22 03:23:00,2026-05-22 03:34:00,2026-05-22 02:23:00,60.0,True,0.0,0.0,False,0.0,False,0.0,False,0.0,0.0,0.0,False,0.0,False,0.0,False,0.0,False,0.0,False,0.0,False,0.0,False,0.0,0.0,0.0,False,0.0,False,0.0,False,0.0,False,0.0,False,0.0,False,0.0,False,0.0,0.0,0.0,False,0.0,False,0.0,False,0.0,False,0,,common coverage under 80%,False
202605220438,C1.3,C,-5.886057,2026-05-22 04:38:00,2026-05-22 04:50:00,2026-05-22 03:49:00,49.0,False,0.0,0.0,False,0.0,False,0.0,False,0.0,0.0,0.0,False,0.0,False,0.0,False,0.0,False,0.0,False,0.0,False,0.0,False,0.0,0.0,0.0,False,0.0,False,0.0,False,0.0,False,0.0,False,0.0,False,0.0,False,0.0,0.0,0.0,False,0.0,False,0.0,False,0.0,False,0,,common coverage under 80%,False
202605220452,C1.9,C,-5.721246,2026-05-22 04:52:00,2026-05-22 04:59:00,2026-05-22 04:52:00,0.0,False,0.0,0.0,False,0.0,False,0.0,False,0.0,0.0,0.0,False,0.0,False,0.0,False,0.0,False,0.0,False,0.0,False,0.0,False,0.0,0.0,0.0,False,0.0,False,0.0,False,0.0,False,0.0,False,0.0,False,0.0,False,0.0,0.0,0.0,False,0.0,False,0.0,False,0.0,False,0,,lead-in under 10 min,False
202605220640,C2.1,C,-5.677781,2026-05-22 06:40:00,2026-05-22 06:52:00,2026-05-22 05:40:00,60.0,True,0.0,0.0,False,0.0,False,0.0,False,0.0,0.0,0.0,False,0.0,False,0.0,False,0.0,False,0.0,False,0.0,False,0.0,False,0.0,0.0,0.0,False,0.0,False,0.0,False,0.0,False,0.0,False,0.0,False,0.0,False,0.0,0.0,0.0,False,0.0,False,0.0,False,0.0,False,0,,common coverage under 80%,False
202605220928,C1.1,C,-5.958607,2026-05-22 09:28:00,2026-05-22 09:36:00,2026-05-22 08:28:00,60.0,True,0.0,0.0,False,0.0,False,0.0,False,0.0,0.0,0.0,False,0.0,False,0.0,False,0.0,False,0.0,False,0.0,False,0.0,False,0.0,0.0,0.0,False,0.0,False,0.0,False,0.0,False,0.0,False,0.0,False,0.0,False,0.0,0.0,0.0,False,0.0,False,0.0,False,0.0,False,0,,common coverage under 80%,False
202605220949,C1.3,C,-5.886057,2026-05-22 09:49:00,2026-05-22 10:01:00,2026-05-22 09:49:00,0.0,False,0.0,0.0,False,0.0,False,0.0,False,0.0,0.0,0.0,False,0.0,False,0.0,False,0.0,False,0.0,False,0.0,False,0.0,False,0.0,0.0,0.0,False,0.0,False,0.0,False,0.0,False,0.0,False,0.0,False,0.0,False,0.0,0.0,0.0,False,0.0,False,0.0,False,0.0,False,0,,lead-in under 10 min,False
202605221003,M2.3,M,-4.638272,2026-05-22 10:03:00,2026-05-22 10:29:00,2026-05-22 10:03:00,0.0,False,0.0,0.0,False,0.0,False,0.0,False,0.0,0.0,0.0,False,0.0,False,0.0,False,0.0,False,0.0,False,0.0,False,0.0,False,0.0,0.0,0.0,False,0.0,False,0.0,False,0.0,False,0.0,False,0.0,False,0.0,False,0.0,0.0,0.0,False,0.0,False,0.0,False,0.0,False,0,,lead-in under 10 min,False
202605221255,C1.5,C,-5.823909,2026-05-22 12:55:00,2026-05-22 13:01:00,2026-05-22 11:55:00,60.0,True,0.0,0.0,False,0.0,False,0.0,False,0.0,0.0,0.0,False,0.0,False,0.0,False,0.0,False,0.0,False,0.0,False,0.0,False,0.0,0.0,0.0,False,0.0,False,0.0,False,0.0,False,0.0,False,0.0,False,0.0,False,0.0,0.0,0.0,False,0.0,False,0.0,False,0.0,False,0,,common coverage under 80%,False
202605222011,C1.1,C,-5.958607,2026-05-22 20:11:00,2026-05-22 20:18:00,2026-05-22 19:11:00,60.0,True,0.0,0.0,False,0.0,False,0.0,False,0.0,0.0,0.0,False,0.0,False,0.0,False,0.0,False,0.0,False,0.0,False,0.0,False,0.0,0.0,0.0,False,0.0,False,0.0,False,0.0,False,0.0,False,0.0,False,0.0,False,0.0,0.0,0.0,False,0.0,False,0.0,False,0.0,False,0,,common coverage under 80%,False
202605222125,C1.5,C,-5.823909,2026-05-22 21:25:00,2026-05-22 21:33:00,2026-05-22 20:35:00,50.0,False,0.0,0.0,False,0.0,False,0.0,False,0.0,0.0,0.0,False,0.0,False,0.0,False,0.0,False,0.0,False,0.0,False,0.0,False,0.0,0.0,0.0,False,0.0,False,0.0,False,0.0,False,0.0,False,0.0,False,0.0,False,0.0,0.0,0.0,False,0.0,False,0.0,False,0.0,False,0,,common coverage under 80%,False
202605222252,C1.3,C,-5.886057,2026-05-22 22:52:00,2026-05-22 22:55:00,2026-05-22 21:52:00,60.0,True,0.0,0.0,False,0.0,False,0.0,False,0.0,0.0,0.0,False,0.0,False,0.0,False,0.0,False,0.0,False,0.0,False,0.0,False,0.0,0.0,0.0,False,0.0,False,0.0,False,0.0,False,0.0,False,0.0,False,0.0,False,0.0,0.0,0.0,False,0.0,False,0.0,False,0.0,False,0,,common coverage under 80%,False
202605222333,C1.6,C,-5.79588,2026-05-22 23:33:00,2026-05-22 23:50:00,2026-05-22 22:58:00,35.0,False,0.0,0.0,False,0.0,False,0.0,False,0.0,0.0,0.0,False,0.0,False,0.0,False,0.0,False,0.0,False,0.0,False,0.0,False,0.0,0.0,0.0,False,0.0,False,0.0,False,0.0,False,0.0,False,0.0,False,0.0,False,0.0,0.0,0.0,False,0.0,False,0.0,False,0.0,False,0,,common coverage under 80%,False
202605230217,C1.6,C,-5.79588,2026-05-23 02:17:00,2026-05-23 02:24:00,2026-05-23 01:17:00,60.0,True,0.382353,16.333333,False,12.333333,False,2.333333,False,-4.0,-14.0,0.0,False,-4.0,False,-6.0,False,2.0,True,22.333333,False,12.333333,False,16.333333,False,-10.0,-6.0,-2.0,False,-4.0,False,-2.0,False,0.0,True,22.333333,False,20.333333,False,24.333333,True,-2.0,2.0,-2.0,False,-6.0,False,0.0,True,0.0,True,9,-0.035787,common coverage under 80%,False
202605230322,C1.3,C,-5.886057,2026-05-23 03:22:00,2026-05-23 03:27:00,2026-05-23 02:29:00,53.0,False,0.966667,57.333333,True,57.333333,True,57.333333,True,0.0,0.0,-56.0,True,0.0,True,0.0,True,0.0,True,57.333333,True,57.333333,True,57.333333,True,0.0,0.0,-56.0,True,0.0,True,0.0,True,0.0,True,57.333333,True,1.333333,False,57.333333,True,-56.0,0.0,-56.0,True,-56.0,True,0.0,True,0.0,True,15,-0.040124,alert already on (left-censored),False
202605230346,C1.4,C,-5.853872,2026-05-23 03:46:00,2026-05-23 03:50:00,2026-05-23 03:32:00,14.0,False,0.9,0.333333,False,0.333333,False,0.333333,False,0.0,0.0,0.0,False,0.0,False,0.0,False,-16.0,True,0.333333,False,0.333333,False,0.333333,False,0.0,0.0,0.0,False,0.0,False,0.0,False,0.0,False,0.333333,False,0.333333,False,0.333333,False,0.0,0.0,0.0,False,0.0,False,0.0,False,0.0,False,7,-0.043632,,True
202605230535,C3.6,C,-5.443697,2026-05-23 05:35:00,2026-05-23 05:48:00,2026-05-23 04:35:00,60.0,True,1.0,6.333333,False,6.333333,False,6.333333,False,0.0,0.0,0.0,False,0.0,False,28.0,False,28.0,False,6.333333,False,6.333333,False,6.333333,False,0.0,0.0,0.0,False,0.0,False,0.0,False,28.0,False,6.333333,False,6.333333,False,6.333333,False,0.0,0.0,0.0,False,0.0,False,0.0,False,0.0,False,15,-0.034449,,True
202605230711,C2.1,C,-5.677781,2026-05-23 07:11:00,2026-05-23 07:17:00,2026-05-23 06:11:00,60.0,True,0.970588,59.333333,False,59.333333,False,59.333333,False,0.0,0.0,56.0,False,0.0,False,0.0,False,0.0,False,3.333333,False,59.333333,False,3.333333,False,56.0,0.0,2.0,False,56.0,False,56.0,False,0.0,False,1.333333,False,3.333333,False,3.333333,False,2.0,2.0,1.333333,False,0.0,False,2.0,False,2.0,False,15,-0.027547,,True
202605230910,C1.9,C,-5.721246,2026-05-23 09:10:00,2026-05-23 09:13:00,2026-05-23 08:10:00,60.0,True,0.96875,1.333333,False,1.333333,False,0.0,False,0.0,-1.333333,0.0,False,0.0,False,0.0,False,0.0,False,1.333333,False,1.333333,False,0.0,False,0.0,-1.333333,0.0,False,0.0,False,0.0,False,0.0,False,0.0,False,1.333333,False,0.0,False,1.333333,0.0,0.0,False,0.0,False,0.0,False,0.0,False,15,-0.097971,,True
202605231135,C2.9,C,-5.537602,2026-05-23 11:35:00,2026-05-23 11:44:00,2026-05-23 10:35:00,60.0,True,1.0,6.333333,False,8.333333,False,2.333333,False,2.0,-4.0,6.0,False,2.0,False,0.0,False,-24.0,False,8.333333,False,8.333333,False,6.333333,False,0.0,-2.0,6.0,False,0.0,False,0.0,False,-20.0,False,8.333333,False,8.333333,False,8.333333,False,0.0,0.0,0.0,False,2.0,False,-18.0,False,-20.0,False,15,-0.043213,,True
202605231402,C2.3,C,-5.638272,2026-05-23 14:02:00,2026-05-23 14:11:00,2026-05-23 13:02:00,60.0,True,0.971429,57.333333,False,1.333333,False,57.333333,False,-56.0,0.0,0.0,False,0.0,False,0.0,False,0.0,False,7.333333,False,1.333333,False,57.333333,False,-6.0,50.0,0.0,False,-4.0,False,36.0,False,0.0,False,23.333333,False,1.333333,False,23.333333,False,-22.0,0.0,0.0,False,-20.0,False,-20.0,False,-8.0,False,15,-0.031262,,True
202605231708,C1.8,C,-5.744727,2026-05-23 17:08:00,2026-05-23 17:14:00,2026-05-23 16:08:00,60.0,True,0.970588,22.333333,False,58.333333,False,56.333333,False,36.0,34.0,36.0,False,36.0,False,36.0,False,40.0,False,22.333333,False,58.333333,False,58.333333,False,36.0,36.0,0.0,False,36.0,False,36.0,False,36.0,False,22.333333,False,58.333333,False,58.333333,False,36.0,36.0,0.0,False,36.0,False,36.0,False,36.0,False,15,-0.035529,,True
202605231734,C2.0,C,-5.69897,2026-05-23 17:34:00,2026-05-23 17:46:00,2026-05-23 17:19:00,15.0,False,1.0,26.333333,True,26.333333,True,26.333333,True,0.0,0.0,0.0,True,0.0,True,0.0,True,0.0,True,26.333333,True,26.333333,True,26.333333,True,0.0,0.0,0.0,True,0.0,True,0.0,True,0.0,True,26.333333,True,26.333333,True,26.333333,True,0.0,0.0,-20.0,True,0.0,True,0.0,True,0.0,True,8,-0.031096,alert already on (left-censored),False
202605231907,C2.7,C,-5.568636,2026-05-23 19:07:00,2026-05-23 19:32:00,2026-05-23 18:07:00,60.0,True,1.0,64.333333,False,62.333333,False,64.333333,False,-2.0,0.0,0.0,False,-2.0,False,4.0,False,4.0,False,64.333333,False,62.333333,False,64.333333,False,-2.0,0.0,-2.0,False,-2.0,False,-2.0,False,4.0,False,20.333333,False,24.333333,False,64.333333,False,4.0,44.0,0.0,False,2.0,False,38.0,False,0.0,False,15,-0.045648,,True
202605231945,C2.8,C,-5.552842,2026-05-23 19:45:00,2026-05-23 19:55:00,2026-05-23 19:45:00,0.0,False,0.833333,9.333333,True,7.333333,False,5.333333,False,-2.0,-4.0,-4.0,True,0.0,True,0.0,True,0.0,True,9.333333,True,3.333333,False,5.333333,False,-6.0,-4.0,-6.0,True,-6.0,True,-2.0,True,0.0,True,9.333333,True,3.333333,False,3.333333,False,-6.0,-6.0,0.0,False,-6.0,True,-6.0,True,-2.0,True,0,,lead-in under 10 min,False
202605232100,C2.9,C,-5.537602,2026-05-23 21:00:00,2026-05-23 21:05:00,2026-05-23 20:02:00,58.0,False,0.96875,1.333333,False,61.333333,True,61.333333,True,60.0,60.0,60.0,True,60.0,True,60.0,True,60.0,True,1.333333,False,61.333333,True,61.333333,True,60.0,60.0,0.0,False,60.0,True,60.0,True,60.0,True,1.333333,False,1.333333,False,61.333333,True,0.0,60.0,0.0,False,0.0,False,60.0,True,60.0,True,15,-0.075271,,True
202605232157,C5.5,C,-5.259637,2026-05-23 21:57:00,2026-05-23 22:04:00,2026-05-23 21:12:00,45.0,False,0.962963,50.333333,True,50.333333,True,50.333333,True,0.0,0.0,0.0,True,0.0,True,0.0,True,0.0,True,50.333333,True,50.333333,True,50.333333,True,0.0,0.0,0.0,True,0.0,True,0.0,True,0.0,True,50.333333,True,50.333333,True,50.333333,True,0.0,0.0,0.0,True,0.0,True,0.0,True,0.0,True,15,-0.059998,alert already on (left-censored),False
202605232223,C2.6,C,-5.585027,2026-05-23 22:23:00,2026-05-23 22:32:00,2026-05-23 22:07:00,16.0,False,1.0,24.333333,True,24.333333,True,24.333333,True,0.0,0.0,0.0,True,0.0,True,0.0,True,0.0,True,24.333333,True,24.333333,True,24.333333,True,0.0,0.0,0.0,True,0.0,True,0.0,True,0.0,True,24.333333,True,24.333333,True,24.333333,True,0.0,0.0,0.0,True,0.0,True,0.0,True,0.0,True,8,-0.064804,alert already on (left-censored),False
202605232343,C4.7,C,-5.327902,2026-05-23 23:43:00,2026-05-23 23:59:00,2026-05-23 22:53:00,50.0,False,0.970588,13.333333,False,47.333333,False,65.333333,True,34.0,52.0,34.0,False,10.0,False,2.0,False,8.0,False,13.333333,False,47.333333,False,65.333333,True,34.0,52.0,-6.0,False,34.0,False,4.0,False,2.0,False,9.333333,False,47.333333,False,65.333333,True,38.0,56.0,-2.0,False,38.0,False,36.0,False,46.0,False,15,-0.0228,,True
202605240048,C3.5,C,-5.455932,2026-05-24 00:48:00,2026-05-24 01:04:00,2026-05-24 00:11:00,37.0,False,1.0,52.333333,True,52.333333,True,52.333333,True,0.0,0.0,0.0,False,0.0,True,0.0,True,0.0,True,52.333333,True,52.333333,True,52.333333,True,0.0,0.0,-2.0,False,0.0,True,0.0,True,0.0,True,12.333333,False,10.333333,False,12.333333,False,-2.0,0.0,0.0,False,0.0,False,-2.0,False,40.0,True,15,-0.09926,,True
202605240218,C3.4,C,-5.468521,2026-05-24 02:18:00,2026-05-24 02:25:00,2026-05-24 01:18:00,60.0,True,0.970588,39.333333,False,19.333333,False,19.333333,False,-20.0,-20.0,0.0,False,4.0,False,4.0,False,-18.0,False,39.333333,False,19.333333,False,19.333333,False,-20.0,-20.0,0.0,False,-20.0,False,4.0,False,24.0,False,19.333333,False,19.333333,False,19.333333,False,0.0,0.0,-8.0,False,0.0,False,22.0,False,4.0,False,15,-0.038444,,True
202605240233,C3.7,C,-5.431798,2026-05-24 02:33:00,2026-05-24 02:37:00,2026-05-24 02:30:00,3.0,False,0.75,5.333333,True,5.333333,True,5.333333,True,0.0,0.0,0.0,True,0.0,True,0.0,True,0.0,True,5.333333,True,5.333333,True,5.333333,True,0.0,0.0,0.0,True,0.0,True,0.0,True,0.0,True,5.333333,True,5.333333,True,5.333333,True,0.0,0.0,-4.0,True,0.0,True,0.0,True,0.0,True,1,,lead-in under 10 min,False
202605250051,C3.7,C,-5.431798,2026-05-25 00:51:00,2026-05-25 01:04:00,2026-05-24 23:51:00,60.0,True,0.972973,62.333333,False,62.333333,False,62.333333,False,0.0,0.0,0.0,False,0.0,False,0.0,False,4.0,False,62.333333,False,62.333333,False,62.333333,False,0.0,0.0,0.0,False,0.0,False,0.0,False,4.0,False,62.333333,False,62.333333,False,62.333333,False,0.0,0.0,-56.0,False,0.0,False,0.0,False,4.0,False,15,-0.017186,,True
202605250641,C1.7,C,-5.769551,2026-05-25 06:41:00,2026-05-25 06:53:00,2026-05-25 05:41:00,60.0,True,0.972973,67.333333,False,51.333333,False,49.333333,False,-16.0,-18.0,0.0,False,-16.0,False,0.0,True,0.0,True,71.333333,True,51.333333,False,71.333333,True,-20.0,0.0,-16.0,False,-20.0,True,0.0,True,0.0,True,71.333333,True,71.333333,True,71.333333,True,0.0,0.0,-16.0,False,0.0,True,0.0,True,0.0,True,15,-0.07043,alert already on (left-censored),False
202605260711,C2.4,C,-5.619789,2026-05-26 07:11:00,2026-05-26 07:17:00,2026-05-26 06:11:00,60.0,True,0.970588,1.333333,False,1.333333,False,1.333333,False,0.0,0.0,0.0,False,-38.0,False,-16.0,False,8.0,False,55.333333,False,39.333333,False,63.333333,False,-16.0,8.0,0.0,False,0.0,False,8.0,False,10.0,True,65.333333,True,65.333333,True,65.333333,True,0.0,0.0,0.0,False,8.0,False,0.0,True,0.0,True,15,0.017785,alert already on (left-censored),False
202605261230,C9.7,C,-5.013228,2026-05-26 12:30:00,2026-05-26 12:38:00,2026-05-26 11:30:00,60.0,True,0.942857,66.333333,True,66.333333,True,66.333333,True,0.0,0.0,-2.0,True,0.0,True,0.0,True,0.0,True,66.333333,True,66.333333,True,66.333333,True,0.0,0.0,0.0,True,0.0,True,0.0,True,0.0,True,66.333333,True,66.333333,True,66.333333,True,0.0,0.0,0.0,True,0.0,True,0.0,True,0.0,True,15,0.048575,alert already on (left-censored),False
202605261350,C1.6,C,-5.79588,2026-05-26 13:50:00,2026-05-26 14:00:00,2026-05-26 12:50:00,60.0,True,0.972222,4.333333,False,4.333333,False,4.333333,False,0.0,0.0,2.0,False,0.0,False,-2.0,False,-2.0,False,2.333333,False,4.333333,False,4.333333,False,2.0,2.0,2.0,False,2.0,False,2.0,False,0.0,False,2.333333,False,2.333333,False,2.333333,False,0.0,0.0,0.0,False,0.0,False,2.0,False,2.0,False,15,-0.025058,,True
202605262010,C2.5,C,-5.60206,2026-05-26 20:10:00,2026-05-26 20:19:00,2026-05-26 19:10:00,60.0,True,0.971429,31.333333,False,31.333333,False,15.333333,False,0.0,-16.0,-14.0,False,-36.0,True,-36.0,True,-2.0,True,67.333333,True,31.333333,False,31.333333,False,-36.0,-36.0,-14.0,False,-36.0,True,-34.0,True,-2.0,True,67.333333,True,31.333333,False,67.333333,True,-36.0,0.0,-14.0,False,-36.0,True,-2.0,True,0.0,True,15,-0.035133,alert already on (left-censored),False
202605262040,C1.7,C,-5.769551,2026-05-26 20:40:00,2026-05-26 20:48:00,2026-05-26 20:24:00,16.0,False,0.923077,4.333333,False,4.333333,False,4.333333,False,0.0,0.0,-2.0,False,0.0,False,0.0,False,0.0,False,4.333333,False,2.333333,False,4.333333,False,-2.0,0.0,0.0,False,-2.0,False,0.0,False,0.0,False,2.333333,False,2.333333,False,4.333333,False,0.0,2.0,2.0,False,0.0,False,0.0,False,0.0,False,8,-0.045835,,True
202605262051,C1.8,C,-5.744727,2026-05-26 20:51:00,2026-05-26 20:56:00,2026-05-26 20:51:00,0.0,False,1.0,4.333333,True,4.333333,True,4.333333,True,0.0,0.0,0.0,True,0.0,True,0.0,True,0.0,True,4.333333,True,4.333333,True,4.333333,True,0.0,0.0,0.0,True,0.0,True,0.0,True,0.0,True,4.333333,True,4.333333,True,4.333333,True,0.0,0.0,0.0,True,0.0,True,0.0,True,0.0,True,0,,lead-in under 10 min,False
202605262339,C4.7,C,-5.327902,2026-05-26 23:39:00,2026-05-26 23:49:00,2026-05-26 22:39:00,60.0,True,0.972222,17.333333,False,25.333333,False,17.333333,False,8.0,0.0,8.0,False,6.0,False,18.0,False,12.0,False,19.333333,False,25.333333,False,17.333333,False,6.0,-2.0,8.0,False,6.0,False,18.0,False,14.0,False,17.333333,False,57.333333,False,25.333333,False,40.0,8.0,8.0,False,32.0,False,32.0,False,14.0,False,15,0.034298,,True
202605270149,C1.9,C,-5.721246,2026-05-27 01:49:00,2026-05-27 01:59:00,2026-05-27 00:49:00,60.0,True,0.972222,5.333333,False,5.333333,False,5.333333,False,0.0,0.0,0.0,False,0.0,False,0.0,False,0.0,False,5.333333,False,5.333333,False,5.333333,False,0.0,0.0,0.0,False,0.0,False,0.0,False,0.0,False,5.333333,False,5.333333,False,5.333333,False,0.0,0.0,0.0,False,0.0,False,0.0,False,0.0,False,15,-0.012459,,True
202605271207,C3.4,C,-5.468521,2026-05-27 12:07:00,2026-05-27 12:16:00,2026-05-27 11:07:00,60.0,True,0.971429,54.333333,False,8.333333,False,14.333333,False,-46.0,-40.0,2.0,False,-40.0,False,-50.0,False,-42.0,False,64.333333,False,8.333333,False,14.333333,False,-56.0,-50.0,0.0,False,-46.0,False,-50.0,False,-42.0,False,54.333333,False,8.333333,False,14.333333,False,-46.0,-40.0,0.0,False,-46.0,False,-50.0,False,-50.0,False,14,-0.081262,,True
202605271320,C2.8,C,-5.552842,2026-05-27 13:20:00,2026-05-27 13:23:00,2026-05-27 12:20:00,60.0,True,0.96875,1.333333,False,55.333333,False,1.333333,False,54.0,0.0,54.0,False,54.0,False,54.0,False,0.0,False,1.333333,False,1.333333,False,1.333333,False,0.0,0.0,0.0,False,0.0,False,54.0,False,54.0,False,1.333333,False,1.333333,False,1.333333,False,0.0,0.0,0.0,False,0.0,False,0.0,False,0.0,False,15,0.02374,,True
202605280958,C1.8,C,-5.744727,2026-05-28 09:58:00,2026-05-28 10:09:00,2026-05-28 08:58:00,60.0,True,0.0,0.0,False,0.0,False,0.0,False,0.0,0.0,0.0,False,0.0,False,0.0,False,0.0,False,0.0,False,0.0,False,0.0,False,0.0,0.0,0.0,False,0.0,False,0.0,False,0.0,False,0.0,False,0.0,False,0.0,False,0.0,0.0,0.0,False,0.0,False,0.0,False,0.0,False,0,,common coverage under 80%,False
202605281509,C3.1,C,-5.508638,2026-05-28 15:09:00,2026-05-28 15:16:00,2026-05-28 14:09:00,60.0,True,1.0,2.333333,False,2.333333,False,2.333333,False,0.0,0.0,0.0,False,0.0,False,0.0,False,-46.0,False,2.333333,False,2.333333,False,2.333333,False,0.0,0.0,0.0,False,0.0,False,0.0,False,-46.0,False,2.333333,False,2.333333,False,2.333333,False,0.0,0.0,2.0,False,0.0,False,0.0,False,-52.0,True,15,-0.044491,,True
202605281628,C1.4,C,-5.853872,2026-05-28 16:28:00,2026-05-28 16:37:00,2026-05-28 15:28:00,60.0,True,0.971429,1.333333,False,1.333333,False,1.333333,False,0.0,0.0,0.0,False,-2.0,False,-2.0,False,-2.0,False,1.333333,False,1.333333,False,1.333333,False,0.0,0.0,-1.333333,False,0.0,False,0.0,False,0.0,False,1.333333,False,0.0,False,1.333333,False,-1.333333,0.0,-1.333333,False,-1.333333,False,-1.333333,False,0.0,False,15,-0.021715,,True
202605290450,C6.0,C,-5.221849,2026-05-29 04:50:00,2026-05-29 05:08:00,2026-05-29 03:50:00,60.0,True,0.975,40.333333,False,36.333333,False,36.333333,False,-4.0,-4.0,0.0,False,0.0,False,-26.0,True,-4.0,True,76.333333,True,36.333333,False,42.333333,False,-40.0,-34.0,0.0,False,-6.0,False,-26.0,True,-4.0,True,76.333333,True,50.333333,False,48.333333,False,-26.0,-28.0,-4.0,False,-34.0,True,-10.0,True,0.0,True,15,-0.049472,alert already on (left-censored),False
202605290524,C7.6,C,-5.119186,2026-05-29 05:24:00,2026-05-29 05:37:00,2026-05-29 05:24:00,0.0,False,0.857143,11.333333,True,11.333333,True,11.333333,True,0.0,0.0,0.0,True,0.0,True,0.0,True,0.0,True,11.333333,True,11.333333,True,11.333333,True,0.0,0.0,0.0,True,0.0,True,0.0,True,0.0,True,11.333333,True,11.333333,True,11.333333,True,0.0,0.0,0.0,True,0.0,True,0.0,True,0.0,True,0,,lead-in under 10 min,False
202605290640,M1.1,M,-4.958607,2026-05-29 06:40:00,2026-05-29 07:04:00,2026-05-29 05:50:00,50.0,False,0.973684,72.333333,True,72.333333,True,72.333333,True,0.0,0.0,0.0,True,0.0,True,0.0,True,0.0,True,72.333333,True,72.333333,True,72.333333,True,0.0,0.0,0.0,True,0.0,True,0.0,True,0.0,True,72.333333,True,72.333333,True,72.333333,True,0.0,0.0,-52.0,True,0.0,True,0.0,True,0.0,True,15,0.050553,alert already on (left-censored),False
202605291541,C1.2,C,-5.920819,2026-05-29 15:41:00,2026-05-29 15:53:00,2026-05-29 14:41:00,60.0,True,0.972973,57.333333,False,7.333333,False,7.333333,False,-50.0,-50.0,0.0,False,-50.0,False,4.0,False,-8.0,False,57.333333,False,7.333333,False,7.333333,False,-50.0,-50.0,-50.0,False,-50.0,False,-8.0,False,-8.0,False,69.333333,False,7.333333,False,55.333333,False,-62.0,-14.0,-50.0,False,-62.0,False,-10.0,True,-10.0,True,15,-0.057577,,True
202605291901,C1.1,C,-5.958607,2026-05-29 19:01:00,2026-05-29 19:09:00,2026-05-29 18:01:00,60.0,True,0.971429,1.333333,False,1.333333,False,1.333333,False,0.0,0.0,0.0,False,0.0,False,-16.0,True,-16.0,True,51.333333,False,1.333333,False,1.333333,False,-50.0,-50.0,0.0,False,0.0,False,-16.0,True,-16.0,True,1.333333,False,1.333333,False,1.333333,False,0.0,0.0,0.0,False,0.0,False,-66.0,True,-16.0,True,15,-0.07627,,True
202605291928,C1.6,C,-5.79588,2026-05-29 19:28:00,2026-05-29 19:33:00,2026-05-29 19:14:00,14.0,False,0.9,1.333333,False,1.333333,False,1.333333,False,0.0,0.0,0.0,False,0.0,False,0.0,False,0.0,False,1.333333,False,1.333333,False,1.333333,False,0.0,0.0,0.0,False,0.0,False,0.0,False,0.0,False,1.333333,False,1.333333,False,1.333333,False,0.0,0.0,0.0,False,0.0,False,0.0,False,0.0,False,7,-0.070828,,True
202605291936,C3.0,C,-5.522879,2026-05-29 19:36:00,2026-05-29 19:47:00,2026-05-29 19:36:00,0.0,False,0.833333,9.333333,True,9.333333,True,9.333333,True,0.0,0.0,0.0,True,0.0,True,0.0,True,0.0,True,9.333333,True,9.333333,True,9.333333,True,0.0,0.0,0.0,True,0.0,True,0.0,True,0.0,True,9.333333,True,9.333333,True,9.333333,True,0.0,0.0,0.0,True,0.0,True,0.0,True,0.0,True,0,,lead-in under 10 min,False
202605292111,C2.0,C,-5.69897,2026-05-29 21:11:00,2026-05-29 21:29:00,2026-05-29 20:11:00,60.0,True,0.975,13.333333,False,13.333333,False,13.333333,False,0.0,0.0,0.0,False,0.0,False,2.0,False,2.0,False,13.333333,False,13.333333,False,13.333333,False,0.0,0.0,2.0,False,0.0,False,0.0,False,0.0,False,11.333333,False,13.333333,False,11.333333,False,2.0,0.0,0.0,False,0.0,False,2.0,False,2.0,False,15,-0.014655,,True
202605300235,C1.3,C,-5.886057,2026-05-30 02:35:00,2026-05-30 02:40:00,2026-05-30 01:35:00,60.0,True,1.0,54.333333,False,54.333333,False,54.333333,False,0.0,0.0,0.0,False,0.0,False,10.0,True,2.0,True,54.333333,False,54.333333,False,54.333333,False,0.0,0.0,0.0,False,0.0,False,0.0,False,2.0,True,54.333333,False,54.333333,False,54.333333,False,0.0,0.0,0.0,False,0.0,False,0.0,False,10.0,True,15,-0.052595,,True
202605300729,C3.9,C,-5.408935,2026-05-30 07:29:00,2026-05-30 07:47:00,2026-05-30 06:29:00,60.0,True,0.975,41.333333,False,39.333333,False,41.333333,False,-2.0,0.0,-30.0,False,-32.0,False,-2.0,False,-2.0,False,71.333333,False,39.333333,False,41.333333,False,-32.0,-30.0,-30.0,False,-32.0,False,-2.0,False,-2.0,False,69.333333,False,39.333333,False,41.333333,False,-30.0,-28.0,-28.0,False,-30.0,False,-2.0,False,4.0,True,15,-0.060295,,True
202605300840,C1.8,C,-5.744727,2026-05-30 08:40:00,2026-05-30 08:52:00,2026-05-30 07:59:00,41.0,False,1.0,4.333333,False,6.333333,False,6.333333,False,2.0,2.0,0.0,False,-46.0,True,-46.0,True,-46.0,True,4.333333,False,4.333333,False,4.333333,False,0.0,0.0,2.0,False,0.0,False,2.0,False,2.0,False,2.333333,False,2.333333,False,2.333333,False,0.0,0.0,0.0,False,0.0,False,2.0,False,2.0,False,15,-0.041344,,True
202605301145,C4.7,C,-5.327902,2026-05-30 11:45:00,2026-05-30 11:53:00,2026-05-30 10:45:00,60.0,True,0.971429,1.333333,False,1.333333,False,1.333333,False,0.0,0.0,0.0,False,0.0,False,0.0,False,0.0,False,1.333333,False,1.333333,False,1.333333,False,0.0,0.0,0.0,False,0.0,False,0.0,False,0.0,False,1.333333,False,1.333333,False,1.333333,False,0.0,0.0,0.0,False,0.0,False,-8.0,False,18.0,False,15,-0.044885,,True
202605301437,C1.1,C,-5.958607,2026-05-30 14:37:00,2026-05-30 14:48:00,2026-05-30 13:37:00,60.0,True,1.0,48.333333,False,48.333333,False,48.333333,False,0.0,0.0,0.0,False,0.0,False,0.0,False,0.0,False,48.333333,False,48.333333,False,48.333333,False,0.0,0.0,0.0,False,0.0,False,0.0,False,0.0,False,48.333333,False,48.333333,False,48.333333,False,0.0,0.0,0.0,False,0.0,False,-2.0,False,-2.0,False,15,-0.062751,,True
202605301727,C1.1,C,-5.958607,2026-05-30 17:27:00,2026-05-30 17:36:00,2026-05-30 16:27:00,60.0,True,1.0,2.333333,False,4.333333,False,2.333333,False,2.0,0.0,2.0,False,28.0,False,0.0,False,0.0,False,2.333333,False,4.333333,False,2.333333,False,2.0,0.0,0.0,False,2.0,False,0.0,False,0.0,False,2.333333,False,4.333333,False,2.333333,False,2.0,0.0,0.0,False,2.0,False,26.0,False,0.0,False,15,-0.066819,,True
202605302222,C1.1,C,-5.958607,2026-05-30 22:22:00,2026-05-30 22:28:00,2026-05-30 21:22:00,60.0,True,0.970588,48.333333,False,2.333333,False,48.333333,False,-46.0,0.0,-46.0,False,0.0,False,0.0,False,-12.0,False,48.333333,False,2.333333,False,48.333333,False,-46.0,0.0,-46.0,False,-46.0,False,0.0,False,0.0,False,48.333333,False,2.333333,False,48.333333,False,-46.0,0.0,0.0,False,-46.0,False,-46.0,False,0.0,False,15,-0.055702,,True
202605302231,C1.2,C,-5.920819,2026-05-30 22:31:00,2026-05-30 22:37:00,2026-05-30 22:31:00,0.0,False,0.75,5.333333,True,5.333333,True,5.333333,True,0.0,0.0,0.0,True,0.0,True,0.0,True,0.0,True,5.333333,True,5.333333,True,5.333333,True,0.0,0.0,0.0,True,0.0,True,0.0,True,0.0,True,5.333333,True,5.333333,True,5.333333,True,0.0,0.0,0.0,True,0.0,True,0.0,True,0.0,True,0,,lead-in under 10 min,False
202605310159,C3.1,C,-5.508638,2026-05-31 01:59:00,2026-05-31 02:09:00,2026-05-31 00:59:00,60.0,True,0.0,0.0,False,0.0,False,0.0,False,0.0,0.0,0.0,False,0.0,False,0.0,False,0.0,False,0.0,False,0.0,False,0.0,False,0.0,0.0,0.0,False,0.0,False,0.0,False,0.0,False,0.0,False,0.0,False,0.0,False,0.0,0.0,0.0,False,0.0,False,0.0,False,0.0,False,0,,common coverage under 80%,False
202605310253,C1.2,C,-5.920819,2026-05-31 02:53:00,2026-05-31 03:05:00,2026-05-31 02:12:00,41.0,False,0.0,0.0,False,0.0,False,0.0,False,0.0,0.0,0.0,False,0.0,False,0.0,False,0.0,False,0.0,False,0.0,False,0.0,False,0.0,0.0,0.0,False,0.0,False,0.0,False,0.0,False,0.0,False,0.0,False,0.0,False,0.0,0.0,0.0,False,0.0,False,0.0,False,0.0,False,0,,common coverage under 80%,False
202605310422,C1.5,C,-5.823909,2026-05-31 04:22:00,2026-05-31 04:36:00,2026-05-31 03:22:00,60.0,True,0.0,0.0,False,0.0,False,0.0,False,0.0,0.0,0.0,False,0.0,False,0.0,False,0.0,False,0.0,False,0.0,False,0.0,False,0.0,0.0,0.0,False,0.0,False,0.0,False,0.0,False,0.0,False,0.0,False,0.0,False,0.0,0.0,0.0,False,0.0,False,0.0,False,0.0,False,0,,common coverage under 80%,False
202605310444,C1.8,C,-5.744727,2026-05-31 04:44:00,2026-05-31 04:49:00,2026-05-31 04:44:00,0.0,False,0.0,0.0,False,0.0,False,0.0,False,0.0,0.0,0.0,False,0.0,False,0.0,False,0.0,False,0.0,False,0.0,False,0.0,False,0.0,0.0,0.0,False,0.0,False,0.0,False,0.0,False,0.0,False,0.0,False,0.0,False,0.0,0.0,0.0,False,0.0,False,0.0,False,0.0,False,0,,lead-in under 10 min,False
202605310802,C1.2,C,-5.920819,2026-05-31 08:02:00,2026-05-31 08:07:00,2026-05-31 07:02:00,60.0,True,0.0,0.0,False,0.0,False,0.0,False,0.0,0.0,0.0,False,0.0,False,0.0,False,0.0,False,0.0,False,0.0,False,0.0,False,0.0,0.0,0.0,False,0.0,False,0.0,False,0.0,False,0.0,False,0.0,False,0.0,False,0.0,0.0,0.0,False,0.0,False,0.0,False,0.0,False,0,,common coverage under 80%,False
202605310859,C1.1,C,-5.958607,2026-05-31 08:59:00,2026-05-31 09:10:00,2026-05-31 08:10:00,49.0,False,0.0,0.0,False,0.0,False,0.0,False,0.0,0.0,0.0,False,0.0,False,0.0,False,0.0,False,0.0,False,0.0,False,0.0,False,0.0,0.0,0.0,False,0.0,False,0.0,False,0.0,False,0.0,False,0.0,False,0.0,False,0.0,0.0,0.0,False,0.0,False,0.0,False,0.0,False,0,,common coverage under 80%,False
202605311012,C1.0,C,-6.0,2026-05-31 10:12:00,2026-05-31 10:14:00,2026-05-31 09:27:00,45.0,False,0.0,0.0,False,0.0,False,0.0,False,0.0,0.0,0.0,False,0.0,False,0.0,False,0.0,False,0.0,False,0.0,False,0.0,False,0.0,0.0,0.0,False,0.0,False,0.0,False,0.0,False,0.0,False,0.0,False,0.0,False,0.0,0.0,0.0,False,0.0,False,0.0,False,0.0,False,0,,common coverage under 80%,False
202605311239,C1.0,C,-6.0,2026-05-31 12:39:00,2026-05-31 12:43:00,2026-05-31 11:39:00,60.0,True,0.0,0.0,False,0.0,False,0.0,False,0.0,0.0,0.0,False,0.0,False,0.0,False,0.0,False,0.0,False,0.0,False,0.0,False,0.0,0.0,0.0,False,0.0,False,0.0,False,0.0,False,0.0,False,0.0,False,0.0,False,0.0,0.0,0.0,False,0.0,False,0.0,False,0.0,False,0,,common coverage under 80%,False
202605311246,C1.1,C,-5.958607,2026-05-31 12:46:00,2026-05-31 12:51:00,2026-05-31 12:46:00,0.0,False,0.0,0.0,False,0.0,False,0.0,False,0.0,0.0,0.0,False,0.0,False,0.0,False,0.0,False,0.0,False,0.0,False,0.0,False,0.0,0.0,0.0,False,0.0,False,0.0,False,0.0,False,0.0,False,0.0,False,0.0,False,0.0,0.0,0.0,False,0.0,False,0.0,False,0.0,False,0,,lead-in under 10 min,False
202605311756,C1.6,C,-5.79588,2026-05-31 17:56:00,2026-05-31 18:10:00,2026-05-31 16:56:00,60.0,True,0.973684,10.333333,False,10.333333,False,8.333333,False,0.0,-2.0,0.0,False,0.0,False,0.0,False,0.0,False,10.333333,False,10.333333,False,8.333333,False,0.0,-2.0,0.0,False,0.0,False,0.0,False,0.0,False,10.333333,False,10.333333,False,8.333333,False,0.0,-2.0,0.0,False,0.0,False,0.0,False,0.0,False,15,-0.097972,,True
202605311831,C1.7,C,-5.769551,2026-05-31 18:31:00,2026-05-31 18:36:00,2026-05-31 18:28:00,3.0,False,0.8,6.333333,True,2.333333,False,2.333333,False,-4.0,-4.0,-4.0,True,-4.0,True,-4.0,True,-4.0,True,2.333333,False,2.333333,False,2.333333,False,0.0,0.0,0.0,False,0.0,False,-4.0,True,-4.0,True,0.333333,False,2.333333,False,2.333333,False,2.0,2.0,0.0,False,2.0,False,2.0,False,2.0,False,1,,lead-in under 10 min,False
202605311939,C1.5,C,-5.823909,2026-05-31 19:39:00,2026-05-31 19:43:00,2026-05-31 18:39:00,60.0,True,0.969697,63.333333,True,1.333333,False,63.333333,True,-62.0,0.0,-62.0,True,-62.0,True,-62.0,True,-62.0,True,63.333333,True,1.333333,False,63.333333,True,-62.0,0.0,-62.0,True,-62.0,True,-62.0,True,-62.0,True,63.333333,True,1.333333,False,1.333333,False,-62.0,-62.0,-62.0,True,-62.0,True,-62.0,True,-62.0,True,15,-0.022395,alert already on (left-censored),False
202605312142,C1.9,C,-5.721246,2026-05-31 21:42:00,2026-05-31 21:53:00,2026-05-31 20:42:00,60.0,True,0.972222,15.333333,False,7.333333,False,5.333333,False,-8.0,-10.0,0.0,False,-8.0,False,-8.0,False,-8.0,False,7.333333,False,7.333333,False,5.333333,False,0.0,-2.0,0.0,False,0.0,False,-8.0,False,-8.0,False,5.333333,False,5.333333,False,5.333333,False,0.0,0.0,0.0,False,0.0,False,2.0,False,2.0,False,15,-0.057446,,True
202606010511,C1.5,C,-5.823909,2026-06-01 05:11:00,2026-06-01 05:19:00,2026-06-01 04:11:00,60.0,True,0.971429,37.333333,False,37.333333,False,1.333333,False,0.0,-36.0,36.0,False,0.0,False,6.0,False,-10.0,False,37.333333,False,37.333333,False,1.333333,False,0.0,-36.0,0.0,False,0.0,False,6.0,False,-10.0,False,27.333333,False,37.333333,False,1.333333,False,10.0,-26.0,0.0,False,10.0,False,18.0,False,2.0,True,15,-0.03708,,True
202606020228,C1.1,C,-5.958607,2026-06-02 02:28:00,2026-06-02 02:33:00,2026-06-02 01:28:00,60.0,True,0.969697,21.333333,False,21.333333,False,21.333333,False,0.0,0.0,0.0,False,0.0,False,0.0,False,0.0,False,21.333333,False,21.333333,False,21.333333,False,0.0,0.0,0.0,False,0.0,False,0.0,False,0.0,False,21.333333,False,21.333333,False,21.333333,False,0.0,0.0,0.0,False,0.0,False,0.0,False,0.0,False,15,-0.051651,,True
202606020240,C1.8,C,-5.744727,2026-06-02 02:40:00,2026-06-02 02:50:00,2026-06-02 02:37:00,3.0,False,1.0,12.333333,True,6.333333,False,6.333333,False,-6.0,-6.0,-6.0,True,-4.0,True,-4.0,True,0.0,True,12.333333,True,6.333333,False,6.333333,False,-6.0,-6.0,-6.0,True,-6.0,True,-4.0,True,0.0,True,12.333333,True,8.333333,False,6.333333,False,-4.0,-6.0,-6.0,True,-6.0,True,-4.0,True,0.0,True,2,,lead-in under 10 min,False
202606020411,C1.4,C,-5.853872,2026-06-02 04:11:00,2026-06-02 04:23:00,2026-06-02 03:11:00,60.0,True,0.972973,9.333333,False,7.333333,False,5.333333,False,-2.0,-4.0,2.0,False,-2.0,False,0.0,False,46.0,False,5.333333,False,7.333333,False,5.333333,False,2.0,0.0,0.0,False,2.0,False,-2.0,False,46.0,False,5.333333,False,5.333333,False,5.333333,False,0.0,0.0,0.0,False,0.0,False,0.0,False,2.0,False,15,-0.053616,,True
202606020442,M1.2,M,-4.920819,2026-06-02 04:42:00,2026-06-02 04:45:00,2026-06-02 04:35:00,7.0,False,0.833333,9.333333,True,9.333333,True,9.333333,True,0.0,0.0,0.0,True,0.0,True,0.0,True,0.0,True,9.333333,True,9.333333,True,9.333333,True,0.0,0.0,0.0,False,0.0,True,0.0,True,0.0,True,0.0,False,1.333333,False,0.0,False,1.333333,0.0,1.333333,False,1.333333,False,8.0,True,8.0,True,4,,lead-in under 10 min,False
202606020646,C3.1,C,-5.508638,2026-06-02 06:46:00,2026-06-02 06:59:00,2026-06-02 05:46:00,60.0,True,0.972973,13.333333,False,9.333333,False,7.333333,False,-4.0,-6.0,-6.0,False,-4.0,False,-4.0,False,-4.0,False,13.333333,False,9.333333,False,7.333333,False,-4.0,-6.0,0.0,False,-4.0,False,-4.0,False,-4.0,False,7.333333,False,7.333333,False,5.333333,False,0.0,-2.0,0.0,False,0.0,False,-2.0,False,0.0,False,15,0.048171,,True
202606020751,C1.2,C,-5.920819,2026-06-02 07:51:00,2026-06-02 07:55:00,2026-06-02 07:05:00,46.0,False,0.961538,49.333333,True,1.333333,False,49.333333,True,-48.0,0.0,-48.0,True,-48.0,True,-48.0,True,-48.0,True,49.333333,True,1.333333,False,49.333333,True,-48.0,0.0,-48.0,True,-48.0,True,-48.0,True,-48.0,True,49.333333,True,1.333333,False,49.333333,True,-48.0,0.0,-49.333333,True,-48.0,True,-48.0,True,-48.0,True,15,-0.014189,alert already on (left-censored),False
202606020821,C1.4,C,-5.853872,2026-06-02 08:21:00,2026-06-02 08:29:00,2026-06-02 07:59:00,22.0,False,0.9375,29.333333,True,29.333333,True,29.333333,True,0.0,0.0,-28.0,True,0.0,True,0.0,True,0.0,True,29.333333,True,29.333333,True,29.333333,True,0.0,0.0,-28.0,True,0.0,True,0.0,True,0.0,True,29.333333,True,1.333333,False,29.333333,True,-28.0,0.0,0.0,False,-28.0,True,0.0,True,0.0,True,11,-0.023925,alert already on (left-censored),False
202606020831,C3.7,C,-5.431798,2026-06-02 08:31:00,2026-06-02 08:44:00,2026-06-02 08:31:00,0.0,False,1.0,12.333333,True,12.333333,True,12.333333,True,0.0,0.0,0.0,True,0.0,True,0.0,True,0.0,True,12.333333,True,12.333333,True,12.333333,True,0.0,0.0,0.0,True,0.0,True,0.0,True,0.0,True,12.333333,True,12.333333,True,12.333333,True,0.0,0.0,0.0,True,0.0,True,0.0,True,0.0,True,0,,lead-in under 10 min,False
202606020951,M1.2,M,-4.920819,2026-06-02 09:51:00,2026-06-02 10:05:00,2026-06-02 08:57:00,54.0,False,0.971429,67.333333,True,67.333333,True,67.333333,True,0.0,0.0,0.0,True,0.0,True,0.0,True,0.0,True,67.333333,True,67.333333,True,67.333333,True,0.0,0.0,0.0,True,0.0,True,0.0,True,0.0,True,67.333333,True,67.333333,True,67.333333,True,0.0,0.0,-60.0,True,0.0,True,0.0,True,0.0,True,15,-0.041753,alert already on (left-censored),False
202606021057,C4.3,C,-5.366532,2026-06-02 10:57:00,2026-06-02 11:02:00,2026-06-02 10:19:00,38.0,False,1.0,42.333333,True,42.333333,True,42.333333,True,0.0,0.0,0.0,True,0.0,True,0.0,True,0.0,True,42.333333,True,42.333333,True,42.333333,True,0.0,0.0,0.0,True,0.0,True,0.0,True,0.0,True,42.333333,True,42.333333,True,42.333333,True,0.0,0.0,42.0,True,42.0,True,0.0,True,0.0,True,15,-0.034675,alert already on (left-censored),False
202606021353,C2.3,C,-5.638272,2026-06-02 13:53:00,2026-06-02 13:58:00,2026-06-02 12:53:00,60.0,True,1.0,46.333333,False,46.333333,False,2.333333,False,0.0,-44.0,-44.0,False,-2.0,False,-2.0,False,-2.0,False,48.333333,False,46.333333,False,24.333333,False,-2.0,-24.0,-44.0,False,-2.0,False,-2.0,False,-2.0,False,48.333333,False,44.333333,False,40.333333,False,-4.0,-8.0,-44.0,False,-6.0,False,-2.0,False,-2.0,False,15,0.001253,,True
202606021631,M3.3,M,-4.481486,2026-06-02 16:31:00,2026-06-02 16:50:00,2026-06-02 15:31:00,60.0,True,1.0,28.333333,False,16.333333,False,12.333333,False,-12.0,-16.0,2.0,False,-8.0,False,4.0,False,2.0,False,46.333333,False,46.333333,False,46.333333,False,0.0,0.0,-10.0,False,0.0,False,2.0,False,2.0,False,48.333333,False,50.333333,False,48.333333,False,2.0,0.0,-32.0,False,2.0,False,2.0,False,16.0,False,15,-0.033933,,True
202606021807,C2.9,C,-5.537602,2026-06-02 18:07:00,2026-06-02 18:13:00,2026-06-02 17:07:00,60.0,True,0.970588,3.333333,False,3.333333,False,3.333333,False,0.0,0.0,2.0,False,0.0,False,0.0,False,28.0,False,1.333333,False,3.333333,False,1.333333,False,2.0,0.0,2.0,False,2.0,False,0.0,False,0.0,False,1.333333,False,3.333333,False,1.333333,False,2.0,0.0,2.0,False,2.0,False,2.0,False,2.0,False,15,-0.013396,,True
202606021835,C2.4,C,-5.619789,2026-06-02 18:35:00,2026-06-02 18:41:00,2026-06-02 18:18:00,17.0,False,0.916667,17.333333,False,17.333333,False,17.333333,False,0.0,0.0,0.0,False,0.0,False,0.0,False,0.0,False,17.333333,False,17.333333,False,17.333333,False,0.0,0.0,14.0,False,0.0,False,0.0,False,0.0,False,3.333333,False,17.333333,False,15.333333,False,14.0,12.0,2.0,False,14.0,False,14.0,False,14.0,False,8,-0.024755,,True
202606022024,C4.2,C,-5.376751,2026-06-02 20:24:00,2026-06-02 20:39:00,2026-06-02 19:24:00,60.0,True,0.973684,67.333333,False,73.333333,True,67.333333,False,6.0,0.0,6.0,True,4.0,True,4.0,True,0.0,True,67.333333,False,73.333333,True,67.333333,False,6.0,0.0,0.0,False,6.0,True,4.0,True,4.0,True,9.333333,False,73.333333,True,39.333333,False,64.0,30.0,-2.0,False,64.0,True,64.0,True,6.0,True,15,-0.028764,alert already on (left-censored),False
202606030022,C4.0,C,-5.39794,2026-06-03 00:22:00,2026-06-03 00:46:00,2026-06-02 23:22:00,60.0,True,0.953488,64.333333,False,64.333333,False,64.333333,False,0.0,0.0,0.0,False,2.0,False,4.0,False,0.0,True,64.333333,False,66.333333,False,64.333333,False,2.0,0.0,0.0,False,2.0,False,12.0,True,0.0,True,70.333333,False,82.333333,True,82.333333,True,12.0,12.0,0.0,False,14.0,True,0.0,True,0.0,True,14,0.014165,alert already on (left-censored),False
202606030111,C2.0,C,-5.69897,2026-06-03 01:11:00,2026-06-03 01:15:00,2026-06-03 00:56:00,15.0,False,0.9,1.333333,False,17.333333,True,1.333333,False,16.0,0.0,2.0,False,16.0,True,16.0,True,0.0,True,1.333333,False,17.333333,True,1.333333,False,16.0,0.0,2.0,False,16.0,True,16.0,True,16.0,True,1.333333,False,3.333333,False,1.333333,False,2.0,0.0,2.0,False,2.0,False,16.0,True,16.0,True,7,0.060206,,True
202606030122,M9.3,M,-4.031517,2026-06-03 01:22:00,2026-06-03 01:36:00,2026-06-03 01:18:00,4.0,False,0.9,10.333333,False,12.333333,False,10.333333,False,2.0,0.0,2.0,False,2.0,False,6.0,True,6.0,True,10.333333,False,16.333333,True,10.333333,False,6.0,0.0,2.0,False,6.0,True,6.0,True,6.0,True,10.333333,False,16.333333,True,10.333333,False,6.0,0.0,2.0,False,6.0,True,6.0,True,6.0,True,2,,lead-in under 10 min,False
202606030324,C1.8,C,-5.744727,2026-06-03 03:24:00,2026-06-03 03:34:00,2026-06-03 02:24:00,60.0,True,0.972222,4.333333,False,58.333333,False,4.333333,False,54.0,0.0,48.0,False,54.0,False,56.0,False,64.0,True,4.333333,False,58.333333,False,4.333333,False,54.0,0.0,0.0,False,54.0,False,56.0,False,64.0,True,4.333333,False,58.333333,False,4.333333,False,54.0,0.0,0.0,False,48.0,False,54.0,False,64.0,True,15,0.059007,,True
202606030450,C2.1,C,-5.677781,2026-06-03 04:50:00,2026-06-03 04:55:00,2026-06-03 03:50:00,60.0,True,0.969697,23.333333,False,61.333333,False,1.333333,False,38.0,-22.0,60.0,False,40.0,True,6.0,True,4.0,True,23.333333,False,63.333333,True,1.333333,False,40.0,-22.0,60.0,False,40.0,True,6.0,True,4.0,True,1.333333,False,63.333333,True,1.333333,False,62.0,0.0,62.0,True,62.0,True,62.0,True,40.0,True,15,0.088275,alert already on (left-censored),False
202606030649,M7.7,M,-4.113509,2026-06-03 06:49:00,2026-06-03 07:00:00,2026-06-03 05:49:00,60.0,True,1.0,8.333333,False,70.333333,True,42.333333,False,62.0,34.0,38.0,False,26.0,True,26.0,True,26.0,True,8.333333,False,70.333333,True,42.333333,False,62.0,34.0,62.0,True,62.0,True,28.0,True,26.0,True,8.333333,False,70.333333,True,6.333333,False,62.0,-2.0,64.0,True,62.0,True,62.0,True,62.0,True,15,0.219597,alert already on (left-censored),False
202606031053,C2.4,C,-5.619789,2026-06-03 10:53:00,2026-06-03 10:59:00,2026-06-03 09:53:00,60.0,True,0.970588,61.333333,False,65.333333,True,61.333333,False,4.0,0.0,2.0,False,4.0,True,2.0,True,2.0,True,63.333333,False,65.333333,True,61.333333,False,2.0,-2.0,4.0,True,2.0,True,2.0,True,0.0,True,63.333333,False,65.333333,True,65.333333,True,2.0,2.0,4.0,True,2.0,True,0.0,True,0.0,True,15,0.245909,alert already on (left-censored),False
202606031119,X1.0,X,-4.0,2026-06-03 11:19:00,2026-06-03 11:28:00,2026-06-03 11:08:00,11.0,False,0.909091,18.333333,True,18.333333,True,16.333333,False,0.0,-2.0,0.0,True,0.0,True,0.0,True,0.0,True,18.333333,True,18.333333,True,16.333333,False,0.0,-2.0,0.0,True,0.0,True,0.0,True,0.0,True,16.333333,False,18.333333,True,16.333333,False,2.0,0.0,2.0,True,2.0,True,0.0,True,0.0,True,5,0.084869,alert already on (left-censored),False
202606031526,C1.7,C,-5.769551,2026-06-03 15:26:00,2026-06-03 15:36:00,2026-06-03 14:26:00,60.0,True,0.972222,4.333333,False,4.333333,False,4.333333,False,0.0,0.0,0.0,False,0.0,False,-58.0,False,0.0,False,58.333333,False,4.333333,False,62.333333,False,-54.0,4.0,0.0,False,-12.0,False,-58.0,False,0.0,False,58.333333,False,4.333333,False,66.333333,False,-54.0,8.0,0.0,False,-54.0,False,4.0,False,0.0,True,15,-0.048,,True
202606031921,C1.5,C,-5.823909,2026-06-03 19:21:00,2026-06-03 19:26:00,2026-06-03 18:21:00,60.0,True,1.0,50.333333,False,50.333333,False,50.333333,False,0.0,0.0,0.0,False,0.0,False,2.0,False,6.0,False,52.333333,False,50.333333,False,50.333333,False,-2.0,-2.0,0.0,False,-2.0,False,12.0,True,2.0,True,62.333333,False,64.333333,True,64.333333,True,2.0,2.0,0.0,False,2.0,True,0.0,True,0.0,True,15,-0.053945,alert already on (left-censored),False
202606032046,C1.8,C,-5.744727,2026-06-03 20:46:00,2026-06-03 20:52:00,2026-06-03 19:46:00,60.0,True,0.970588,0.333333,False,22.333333,False,0.333333,False,22.0,0.0,22.0,False,22.0,False,56.0,False,32.0,False,0.333333,False,22.333333,False,0.333333,False,22.0,0.0,0.0,False,22.0,False,22.0,False,56.0,False,0.333333,False,0.333333,False,0.333333,False,0.0,0.0,0.0,False,0.0,False,22.0,False,22.0,False,15,-0.10244,,True
202606032327,C5.1,C,-5.29243,2026-06-03 23:27:00,2026-06-03 23:43:00,2026-06-03 22:27:00,60.0,True,0.435897,61.333333,False,0.0,False,0.0,False,-61.333333,-61.333333,0.0,False,-14.0,False,2.0,False,2.0,False,0.0,False,47.333333,False,0.0,False,47.333333,0.0,0.0,False,47.333333,False,6.0,False,2.0,False,0.0,False,59.333333,False,47.333333,False,59.333333,47.333333,0.0,False,47.333333,False,20.0,False,20.0,False,2,,common coverage under 80%,False
202606040154,C1.8,C,-5.744727,2026-06-04 01:54:00,2026-06-04 02:00:00,2026-06-04 00:54:00,60.0,True,0.0,0.0,False,0.0,False,0.0,False,0.0,0.0,0.0,False,0.0,False,0.0,False,0.0,False,0.0,False,0.0,False,0.0,False,0.0,0.0,0.0,False,0.0,False,0.0,False,0.0,False,0.0,False,0.0,False,0.0,False,0.0,0.0,0.0,False,0.0,False,0.0,False,0.0,False,0,,common coverage under 80%,False
202606040341,C2.6,C,-5.585027,2026-06-04 03:41:00,2026-06-04 03:57:00,2026-06-04 02:41:00,60.0,True,0.0,0.0,False,0.0,False,0.0,False,0.0,0.0,0.0,False,0.0,False,0.0,False,0.0,False,0.0,False,0.0,False,0.0,False,0.0,0.0,0.0,False,0.0,False,0.0,False,0.0,False,0.0,False,0.0,False,0.0,False,0.0,0.0,0.0,False,0.0,False,0.0,False,0.0,False,0,,common coverage under 80%,False
202606040616,C1.2,C,-5.920819,2026-06-04 06:16:00,2026-06-04 06:23:00,2026-06-04 05:16:00,60.0,True,0.0,0.0,False,0.0,False,0.0,False,0.0,0.0,0.0,False,0.0,False,0.0,False,0.0,False,0.0,False,0.0,False,0.0,False,0.0,0.0,0.0,False,0.0,False,0.0,False,0.0,False,0.0,False,0.0,False,0.0,False,0.0,0.0,0.0,False,0.0,False,0.0,False,0.0,False,0,,common coverage under 80%,False
202606040631,C1.5,C,-5.823909,2026-06-04 06:31:00,2026-06-04 06:38:00,2026-06-04 06:30:00,1.0,False,0.0,0.0,False,0.0,False,0.0,False,0.0,0.0,0.0,False,0.0,False,0.0,False,0.0,False,0.0,False,0.0,False,0.0,False,0.0,0.0,0.0,False,0.0,False,0.0,False,0.0,False,0.0,False,0.0,False,0.0,False,0.0,0.0,0.0,False,0.0,False,0.0,False,0.0,False,0,,lead-in under 10 min,False
202606041250,C1.5,C,-5.823909,2026-06-04 12:50:00,2026-06-04 12:58:00,2026-06-04 11:50:00,60.0,True,0.0,0.0,False,0.0,False,0.0,False,0.0,0.0,0.0,False,0.0,False,0.0,False,0.0,False,0.0,False,0.0,False,0.0,False,0.0,0.0,0.0,False,0.0,False,0.0,False,0.0,False,0.0,False,0.0,False,0.0,False,0.0,0.0,0.0,False,0.0,False,0.0,False,0.0,False,0,,common coverage under 80%,False
202606041554,C1.6,C,-5.79588,2026-06-04 15:54:00,2026-06-04 15:58:00,2026-06-04 14:54:00,60.0,True,0.0,0.0,False,0.0,False,0.0,False,0.0,0.0,0.0,False,0.0,False,0.0,False,0.0,False,0.0,False,0.0,False,0.0,False,0.0,0.0,0.0,False,0.0,False,0.0,False,0.0,False,0.0,False,0.0,False,0.0,False,0.0,0.0,0.0,False,0.0,False,0.0,False,0.0,False,0,,common coverage under 80%,False
202606041625,C1.8,C,-5.744727,2026-06-04 16:25:00,2026-06-04 16:35:00,2026-06-04 16:06:00,19.0,False,0.0,0.0,False,0.0,False,0.0,False,0.0,0.0,0.0,False,0.0,False,0.0,False,0.0,False,0.0,False,0.0,False,0.0,False,0.0,0.0,0.0,False,0.0,False,0.0,False,0.0,False,0.0,False,0.0,False,0.0,False,0.0,0.0,0.0,False,0.0,False,0.0,False,0.0,False,0,,common coverage under 80%,False
202606042337,C1.5,C,-5.823909,2026-06-04 23:37:00,2026-06-04 23:42:00,2026-06-04 22:37:00,60.0,True,0.0,0.0,False,0.0,False,0.0,False,0.0,0.0,0.0,False,0.0,False,0.0,False,0.0,False,0.0,False,0.0,False,0.0,False,0.0,0.0,0.0,False,0.0,False,0.0,False,0.0,False,0.0,False,0.0,False,0.0,False,0.0,0.0,0.0,False,0.0,False,0.0,False,0.0,False,0,,common coverage under 80%,False
202606050154,C1.5,C,-5.823909,2026-06-05 01:54:00,2026-06-05 02:08:00,2026-06-05 00:54:00,60.0,True,0.131579,8.333333,True,8.333333,True,8.333333,True,0.0,0.0,0.0,True,0.0,True,0.0,True,0.0,True,8.333333,True,8.333333,True,8.333333,True,0.0,0.0,0.0,True,0.0,True,0.0,True,0.0,True,8.333333,True,8.333333,True,8.333333,True,0.0,0.0,0.0,True,0.0,True,0.0,True,0.0,True,0,,common coverage under 80%,False
202606050217,C1.4,C,-5.853872,2026-06-05 02:17:00,2026-06-05 02:21:00,2026-06-05 02:17:00,0.0,False,0.666667,3.333333,True,3.333333,True,1.333333,False,0.0,-2.0,-2.0,True,0.0,True,0.0,True,0.0,True,3.333333,True,3.333333,True,1.333333,False,0.0,-2.0,-2.0,True,0.0,True,0.0,True,0.0,True,3.333333,True,3.333333,True,1.333333,False,0.0,-2.0,0.0,False,0.0,True,0.0,True,0.0,True,0,,lead-in under 10 min,False
202606051140,C1.7,C,-5.769551,2026-06-05 11:40:00,2026-06-05 11:47:00,2026-06-05 10:40:00,60.0,True,0.970588,59.333333,False,57.333333,False,57.333333,False,-2.0,-2.0,-50.0,False,-2.0,False,-2.0,False,-2.0,False,59.333333,False,57.333333,False,59.333333,False,-2.0,0.0,-50.0,False,-2.0,False,-2.0,False,-2.0,False,59.333333,False,9.333333,False,59.333333,False,-50.0,0.0,-56.0,False,-50.0,False,-2.0,False,-8.0,True,15,-0.084777,,True
202606051151,C1.9,C,-5.721246,2026-06-05 11:51:00,2026-06-05 11:54:00,2026-06-05 11:51:00,0.0,False,1.0,2.333333,True,2.333333,True,2.333333,True,0.0,0.0,0.0,True,0.0,True,0.0,True,0.0,True,2.333333,True,2.333333,True,2.333333,True,0.0,0.0,0.0,True,0.0,True,0.0,True,0.0,True,2.333333,True,2.333333,True,2.333333,True,0.0,0.0,0.0,True,0.0,True,0.0,True,0.0,True,0,,lead-in under 10 min,False
202606051320,C1.5,C,-5.823909,2026-06-05 13:20:00,2026-06-05 13:25:00,2026-06-05 12:20:00,60.0,True,0.969697,1.333333,False,1.333333,False,1.333333,False,0.0,0.0,0.0,False,-34.0,False,-50.0,False,-16.0,False,1.333333,False,1.333333,False,1.333333,False,0.0,0.0,0.0,False,0.0,False,-34.0,False,-50.0,False,1.333333,False,1.333333,False,1.333333,False,0.0,0.0,0.0,False,0.0,False,0.0,False,0.0,False,15,-0.098155,,True
202606051452,C4.1,C,-5.387216,2026-06-05 14:52:00,2026-06-05 15:03:00,2026-06-05 13:52:00,60.0,True,0.972222,7.333333,False,7.333333,False,7.333333,False,0.0,0.0,0.0,False,62.0,True,62.0,True,0.0,True,7.333333,False,7.333333,False,7.333333,False,0.0,0.0,0.0,False,0.0,False,62.0,True,62.0,True,7.333333,False,7.333333,False,7.333333,False,0.0,0.0,0.0,False,0.0,False,0.0,False,62.0,True,15,-0.098993,,True
202606051510,C3.9,C,-5.408935,2026-06-05 15:10:00,2026-06-05 15:13:00,2026-06-05 15:10:00,0.0,False,0.5,1.333333,True,1.333333,True,1.333333,True,0.0,0.0,0.0,True,0.0,True,0.0,True,0.0,True,1.333333,True,1.333333,True,1.333333,True,0.0,0.0,0.0,True,0.0,True,0.0,True,0.0,True,1.333333,True,1.333333,True,1.333333,True,0.0,0.0,0.0,True,0.0,True,0.0,True,0.0,True,0,,lead-in under 10 min,False
202606051815,C1.4,C,-5.853872,2026-06-05 18:15:00,2026-06-05 18:22:00,2026-06-05 17:15:00,60.0,True,1.0,66.333333,True,66.333333,True,48.333333,False,0.0,-18.0,0.0,False,0.0,True,0.0,True,0.0,True,66.333333,True,66.333333,True,64.333333,False,0.0,-2.0,-18.0,True,0.0,True,0.0,True,0.0,True,66.333333,True,66.333333,True,64.333333,False,0.0,-2.0,-4.0,True,0.0,True,0.0,True,0.0,True,15,-0.042747,alert already on (left-censored),False
202606051831,C3.8,C,-5.420216,2026-06-05 18:31:00,2026-06-05 18:54:00,2026-06-05 18:28:00,3.0,False,0.928571,24.333333,True,24.333333,True,24.333333,True,0.0,0.0,0.0,True,0.0,True,0.0,True,0.0,True,24.333333,True,24.333333,True,24.333333,True,0.0,0.0,0.0,True,0.0,True,0.0,True,0.0,True,24.333333,True,24.333333,True,24.333333,True,0.0,0.0,0.0,True,0.0,True,0.0,True,0.0,True,1,,lead-in under 10 min,False
202606052218,C4.7,C,-5.327902,2026-06-05 22:18:00,2026-06-05 22:45:00,2026-06-05 21:18:00,60.0,True,0.977273,77.333333,False,77.333333,False,77.333333,False,0.0,0.0,0.0,False,0.0,False,-8.0,True,-4.0,True,85.333333,True,77.333333,False,77.333333,False,-8.0,-8.0,0.0,False,0.0,False,-4.0,True,0.0,True,85.333333,True,85.333333,True,83.333333,False,0.0,-2.0,0.0,False,0.0,True,0.0,True,0.0,True,15,-0.043833,alert already on (left-censored),False
202606060352,C2.1,C,-5.677781,2026-06-06 03:52:00,2026-06-06 03:59:00,2026-06-06 02:52:00,60.0,True,0.970588,49.333333,False,59.333333,False,1.333333,False,10.0,-48.0,0.0,False,0.0,False,0.0,False,2.0,False,59.333333,False,59.333333,False,1.333333,False,0.0,-58.0,0.0,False,0.0,False,0.0,False,2.0,False,59.333333,False,59.333333,False,59.333333,False,0.0,0.0,0.0,False,0.0,False,0.0,False,0.0,False,15,-0.035478,,True
202606060410,C1.7,C,-5.769551,2026-06-06 04:10:00,2026-06-06 04:16:00,2026-06-06 04:10:00,0.0,False,0.75,4.333333,True,4.333333,True,4.333333,True,0.0,0.0,0.0,True,0.0,True,0.0,True,0.0,True,4.333333,True,4.333333,True,4.333333,True,0.0,0.0,0.0,True,0.0,True,0.0,True,0.0,True,4.333333,True,4.333333,True,4.333333,True,0.0,0.0,-2.0,True,0.0,True,0.0,True,0.0,True,0,,lead-in under 10 min,False
202606060623,C3.1,C,-5.508638,2026-06-06 06:23:00,2026-06-06 06:30:00,2026-06-06 05:23:00,60.0,True,1.0,2.333333,False,2.333333,False,2.333333,False,0.0,0.0,0.0,False,0.0,False,0.0,False,-4.0,False,2.333333,False,2.333333,False,2.333333,False,0.0,0.0,0.0,False,0.0,False,0.0,False,-4.0,False,2.333333,False,2.333333,False,6.333333,False,0.0,4.0,0.0,False,0.0,False,0.0,False,16.0,False,15,-0.042524,,True
202606061149,C1.8,C,-5.744727,2026-06-06 11:49:00,2026-06-06 11:57:00,2026-06-06 10:49:00,60.0,True,0.971429,67.333333,True,9.333333,False,67.333333,True,-58.0,0.0,-62.0,True,-58.0,True,0.0,True,0.0,True,67.333333,True,9.333333,False,67.333333,True,-58.0,0.0,-62.0,True,-58.0,True,0.0,True,0.0,True,67.333333,True,9.333333,False,67.333333,True,-58.0,0.0,-62.0,True,-58.0,True,0.0,True,0.0,True,15,-0.040457,alert already on (left-censored),False
202606061304,C8.8,C,-5.055517,2026-06-06 13:04:00,2026-06-06 13:18:00,2026-06-06 12:04:00,60.0,True,0.973684,8.333333,False,8.333333,False,8.333333,False,0.0,0.0,0.0,False,0.0,False,0.0,False,4.0,False,8.333333,False,8.333333,False,8.333333,False,0.0,0.0,0.0,False,0.0,False,0.0,False,0.0,False,8.333333,False,8.333333,False,8.333333,False,0.0,0.0,2.0,False,2.0,False,0.0,False,0.0,False,15,-0.073544,,True
202606061340,M1.8,M,-4.744727,2026-06-06 13:40:00,2026-06-06 14:01:00,2026-06-06 13:29:00,11.0,False,0.941176,31.333333,True,31.333333,True,31.333333,True,0.0,0.0,0.0,True,0.0,True,0.0,True,0.0,True,31.333333,True,31.333333,True,31.333333,True,0.0,0.0,0.0,True,0.0,True,0.0,True,0.0,True,31.333333,True,31.333333,True,31.333333,True,0.0,0.0,-14.0,True,0.0,True,0.0,True,0.0,True,6,-0.032831,alert already on (left-censored),False
202606070145,C2.0,C,-5.69897,2026-06-07 01:45:00,2026-06-07 01:53:00,2026-06-07 00:45:00,60.0,True,0.971429,63.333333,False,63.333333,False,59.333333,False,0.0,-4.0,6.0,False,0.0,False,0.0,False,2.0,False,63.333333,False,63.333333,False,63.333333,False,0.0,0.0,4.0,False,0.0,False,0.0,False,2.0,False,63.333333,False,65.333333,False,63.333333,False,2.0,0.0,4.0,False,2.0,False,2.0,True,0.0,True,15,-0.010676,,True
202606070221,C1.9,C,-5.721246,2026-06-07 02:21:00,2026-06-07 02:30:00,2026-06-07 02:00:00,21.0,False,0.9375,28.333333,True,28.333333,True,28.333333,True,0.0,0.0,0.0,True,0.0,True,0.0,True,0.0,True,28.333333,True,28.333333,True,28.333333,True,0.0,0.0,0.0,True,0.0,True,0.0,True,0.0,True,28.333333,True,28.333333,True,28.333333,True,0.0,0.0,-26.0,True,0.0,True,0.0,True,0.0,True,10,-0.098602,alert already on (left-censored),False
202606070238,C1.9,C,-5.721246,2026-06-07 02:38:00,2026-06-07 02:43:00,2026-06-07 02:38:00,0.0,False,0.666667,3.333333,True,3.333333,True,3.333333,True,0.0,0.0,0.0,True,0.0,True,0.0,True,0.0,True,3.333333,True,3.333333,True,3.333333,True,0.0,0.0,0.0,True,0.0,True,0.0,True,0.0,True,3.333333,True,3.333333,True,3.333333,True,0.0,0.0,0.0,True,0.0,True,0.0,True,0.0,True,0,,lead-in under 10 min,False
202606070410,C3.3,C,-5.481486,2026-06-07 04:10:00,2026-06-07 04:19:00,2026-06-07 03:10:00,60.0,True,0.971429,5.333333,False,5.333333,False,3.333333,False,0.0,-2.0,2.0,False,0.0,False,38.0,False,0.0,False,3.333333,False,5.333333,False,3.333333,False,2.0,0.0,2.0,False,2.0,False,58.0,False,58.0,False,3.333333,False,5.333333,False,3.333333,False,2.0,0.0,0.0,False,2.0,False,2.0,False,4.0,False,15,-0.065472,,True
202606070527,C1.7,C,-5.769551,2026-06-07 05:27:00,2026-06-07 05:33:00,2026-06-07 04:27:00,60.0,True,0.970588,1.333333,False,1.333333,False,1.333333,False,0.0,0.0,1.333333,False,-64.0,True,-64.0,True,-64.0,True,0.0,False,1.333333,False,0.0,False,1.333333,0.0,1.333333,False,1.333333,False,1.333333,False,-64.0,True,0.0,False,1.333333,False,0.0,False,1.333333,0.0,0.0,False,1.333333,False,1.333333,False,1.333333,False,15,-0.083692,,True
202606070541,C2.5,C,-5.60206,2026-06-07 05:41:00,2026-06-07 05:49:00,2026-06-07 05:36:00,5.0,False,0.857143,11.333333,True,3.333333,False,3.333333,False,-8.0,-8.0,-8.0,True,-8.0,True,-8.0,True,-4.0,True,11.333333,True,3.333333,False,3.333333,False,-8.0,-8.0,-8.0,True,-8.0,True,-8.0,True,-8.0,True,1.333333,False,3.333333,False,3.333333,False,2.0,2.0,2.0,False,2.0,False,-8.0,True,-8.0,True,2,,lead-in under 10 min,False
202606070636,C1.7,C,-5.769551,2026-06-07 06:36:00,2026-06-07 06:44:00,2026-06-07 05:59:00,37.0,False,1.0,44.333333,True,44.333333,True,44.333333,True,0.0,0.0,0.0,True,0.0,True,0.0,True,0.0,True,44.333333,True,44.333333,True,44.333333,True,0.0,0.0,0.0,True,0.0,True,0.0,True,0.0,True,44.333333,True,44.333333,True,44.333333,True,0.0,0.0,0.0,True,0.0,True,0.0,True,0.0,True,15,-0.00147,alert already on (left-censored),False
202606070755,C1.5,C,-5.823909,2026-06-07 07:55:00,2026-06-07 08:01:00,2026-06-07 06:55:00,60.0,True,0.970588,65.333333,True,3.333333,False,65.333333,True,-62.0,0.0,-62.0,True,0.0,True,0.0,True,0.0,True,65.333333,True,3.333333,False,65.333333,True,-62.0,0.0,-2.0,False,-62.0,True,0.0,True,0.0,True,3.333333,False,1.333333,False,65.333333,True,-2.0,62.0,0.0,False,-2.0,False,0.0,False,62.0,True,15,-0.041138,,True
202606070816,C2.4,C,-5.619789,2026-06-07 08:16:00,2026-06-07 08:26:00,2026-06-07 08:08:00,8.0,False,0.9,16.333333,True,16.333333,True,16.333333,True,0.0,0.0,0.0,True,0.0,True,0.0,True,0.0,True,16.333333,True,16.333333,True,16.333333,True,0.0,0.0,0.0,True,0.0,True,0.0,True,0.0,True,16.333333,True,16.333333,True,16.333333,True,0.0,0.0,0.0,True,0.0,True,0.0,True,0.0,True,4,,lead-in under 10 min,False
202606070917,C1.6,C,-5.79588,2026-06-07 09:17:00,2026-06-07 09:28:00,2026-06-07 08:30:00,47.0,False,0.966667,6.333333,False,6.333333,False,6.333333,False,0.0,0.0,2.0,False,0.0,False,-38.0,False,-36.0,True,6.333333,False,6.333333,False,4.333333,False,0.0,-2.0,2.0,False,2.0,False,0.0,False,-38.0,False,4.333333,False,6.333333,False,4.333333,False,2.0,0.0,2.0,False,2.0,False,2.0,False,2.0,False,15,-0.024145,,True
202606071321,C1.4,C,-5.853872,2026-06-07 13:21:00,2026-06-07 13:30:00,2026-06-07 12:21:00,60.0,True,1.0,38.333333,False,38.333333,False,4.333333,False,0.0,-34.0,0.0,False,16.0,False,-2.0,False,-10.0,True,38.333333,False,38.333333,False,4.333333,False,0.0,-34.0,0.0,False,0.0,False,-2.0,False,0.0,True,38.333333,False,54.333333,False,36.333333,False,16.0,-2.0,0.0,False,0.0,False,0.0,True,0.0,True,15,-0.038228,,True
202606071342,C1.5,C,-5.823909,2026-06-07 13:42:00,2026-06-07 13:45:00,2026-06-07 13:42:00,0.0,False,0.5,1.333333,True,1.333333,True,1.333333,True,0.0,0.0,0.0,True,0.0,True,0.0,True,0.0,True,1.333333,True,1.333333,True,1.333333,True,0.0,0.0,0.0,True,0.0,True,0.0,True,0.0,True,1.333333,True,1.333333,True,1.333333,True,0.0,0.0,0.0,True,0.0,True,0.0,True,0.0,True,0,,lead-in under 10 min,False
202606071350,C2.1,C,-5.677781,2026-06-07 13:50:00,2026-06-07 13:58:00,2026-06-07 13:48:00,2.0,False,0.833333,8.333333,True,8.333333,True,8.333333,True,0.0,0.0,0.0,True,0.0,True,0.0,True,0.0,True,8.333333,True,8.333333,True,8.333333,True,0.0,0.0,-2.0,True,0.0,True,0.0,True,0.0,True,8.333333,True,4.333333,False,8.333333,True,-4.0,0.0,-4.0,True,-4.0,True,-2.0,True,0.0,True,1,,lead-in under 10 min,False
202606071541,C1.7,C,-5.769551,2026-06-07 15:41:00,2026-06-07 15:58:00,2026-06-07 14:41:00,60.0,True,1.0,12.333333,False,12.333333,False,12.333333,False,0.0,0.0,0.0,False,0.0,False,-2.0,False,-40.0,False,12.333333,False,12.333333,False,10.333333,False,0.0,-2.0,0.0,False,0.0,False,0.0,False,0.0,False,12.333333,False,12.333333,False,10.333333,False,0.0,-2.0,0.0,False,0.0,False,0.0,False,0.0,False,15,-0.063829,,True
202606071640,C1.7,C,-5.769551,2026-06-07 16:40:00,2026-06-07 16:51:00,2026-06-07 16:09:00,31.0,False,0.954545,41.333333,True,41.333333,True,41.333333,True,0.0,0.0,0.0,True,0.0,True,0.0,True,0.0,True,41.333333,True,41.333333,True,41.333333,True,0.0,0.0,-34.0,True,0.0,True,0.0,True,0.0,True,41.333333,True,7.333333,False,7.333333,False,-34.0,-34.0,-36.0,True,-34.0,True,-34.0,True,-34.0,True,15,-0.08693,alert already on (left-censored),False
202606071855,C1.2,C,-5.920819,2026-06-07 18:55:00,2026-06-07 19:02:00,2026-06-07 17:55:00,60.0,True,1.0,66.333333,True,2.333333,False,66.333333,True,-64.0,0.0,-66.0,True,-64.0,True,0.0,True,0.0,True,66.333333,True,2.333333,False,66.333333,True,-64.0,0.0,-66.0,True,-64.0,True,-64.0,True,0.0,True,66.333333,True,0.333333,False,0.333333,False,-66.0,-66.0,-64.0,False,-66.0,True,-64.0,True,-64.0,True,15,-0.105677,alert already on (left-censored),False
202606071927,C1.3,C,-5.886057,2026-06-07 19:27:00,2026-06-07 19:33:00,2026-06-07 19:06:00,21.0,False,0.928571,25.333333,True,1.333333,False,1.333333,False,-24.0,-24.0,-24.0,True,-24.0,True,-24.0,True,-24.0,True,25.333333,True,1.333333,False,1.333333,False,-24.0,-24.0,-24.0,True,-24.0,True,-24.0,True,-24.0,True,25.333333,True,1.333333,False,1.333333,False,-24.0,-24.0,1.333333,False,-24.0,True,-24.0,True,-24.0,True,10,-0.089736,alert already on (left-censored),False
202606080214,C3.1,C,-5.508638,2026-06-08 02:14:00,2026-06-08 02:28:00,2026-06-08 01:14:00,60.0,True,0.973684,60.333333,False,60.333333,False,60.333333,False,0.0,0.0,0.0,False,0.0,False,8.0,False,0.0,False,62.333333,False,60.333333,False,60.333333,False,-2.0,-2.0,-22.0,False,0.0,False,6.0,False,0.0,False,64.333333,False,70.333333,False,70.333333,False,6.0,6.0,-6.0,False,0.0,False,0.0,False,0.0,True,15,-0.072324,,True
202606080236,C7.2,C,-5.142668,2026-06-08 02:36:00,2026-06-08 02:49:00,2026-06-08 02:36:00,0.0,False,0.857143,11.333333,True,11.333333,True,11.333333,True,0.0,0.0,0.0,True,0.0,True,0.0,True,0.0,True,11.333333,True,11.333333,True,11.333333,True,0.0,0.0,0.0,True,0.0,True,0.0,True,0.0,True,11.333333,True,11.333333,True,11.333333,True,0.0,0.0,0.0,True,0.0,True,0.0,True,0.0,True,0,,lead-in under 10 min,False
202606080413,C1.6,C,-5.79588,2026-06-08 04:13:00,2026-06-08 04:21:00,2026-06-08 03:13:00,60.0,True,0.971429,1.333333,False,3.333333,False,1.333333,False,2.0,0.0,0.0,False,0.0,False,62.0,False,62.0,False,1.333333,False,1.333333,False,1.333333,False,0.0,0.0,0.0,False,0.0,False,2.0,False,0.0,False,1.333333,False,1.333333,False,1.333333,False,0.0,0.0,0.0,False,0.0,False,0.0,False,0.0,False,15,-0.06385,,True
202606080500,C4.5,C,-5.346787,2026-06-08 05:00:00,2026-06-08 05:10:00,2026-06-08 04:28:00,32.0,False,0.954545,38.333333,False,40.333333,True,40.333333,True,2.0,2.0,34.0,True,0.0,True,0.0,True,0.0,True,6.333333,False,40.333333,True,40.333333,True,34.0,34.0,34.0,True,34.0,True,2.0,True,0.0,True,6.333333,False,40.333333,True,40.333333,True,34.0,34.0,2.0,False,34.0,True,34.0,True,34.0,True,15,-0.038688,alert already on (left-censored),False
202606080631,C1.5,C,-5.823909,2026-06-08 06:31:00,2026-06-08 06:38:00,2026-06-08 05:31:00,60.0,True,1.0,0.333333,False,0.333333,False,0.333333,False,0.0,0.0,0.0,False,0.0,False,-4.0,False,50.0,False,0.333333,False,0.333333,False,0.333333,False,0.0,0.0,0.0,False,0.0,False,0.0,False,54.0,False,0.333333,False,0.333333,False,0.333333,False,0.0,0.0,0.0,False,0.0,False,0.0,False,0.0,False,15,-0.020455,,True
202606080821,C1.3,C,-5.886057,2026-06-08 08:21:00,2026-06-08 08:29:00,2026-06-08 07:21:00,60.0,True,0.971429,1.333333,False,53.333333,False,1.333333,False,52.0,0.0,52.0,False,-12.0,False,-6.0,False,-4.0,False,1.333333,False,53.333333,False,1.333333,False,52.0,0.0,0.0,False,52.0,False,-12.0,False,-6.0,False,1.333333,False,1.333333,False,1.333333,False,0.0,0.0,0.0,False,0.0,False,24.0,False,24.0,False,15,-0.044132,,True
202606081235,C1.4,C,-5.853872,2026-06-08 12:35:00,2026-06-08 12:41:00,2026-06-08 11:35:00,60.0,True,0.970588,57.333333,False,33.333333,False,65.333333,True,-24.0,8.0,0.0,False,-32.0,True,0.0,True,0.0,True,65.333333,True,33.333333,False,65.333333,True,-32.0,0.0,0.0,False,-32.0,True,0.0,True,0.0,True,65.333333,True,37.333333,False,65.333333,True,-28.0,0.0,0.0,False,-32.0,True,0.0,True,0.0,True,15,-0.029538,alert already on (left-censored),False
202606081729,C1.3,C,-5.886057,2026-06-08 17:29:00,2026-06-08 17:33:00,2026-06-08 16:29:00,60.0,True,0.969697,41.333333,False,41.333333,False,41.333333,False,0.0,0.0,40.0,False,0.0,False,-12.0,False,-4.0,True,41.333333,False,41.333333,False,41.333333,False,0.0,0.0,-38.0,False,0.0,False,-12.0,False,-4.0,True,41.333333,False,47.333333,False,41.333333,False,6.0,0.0,-38.0,False,0.0,False,-4.0,True,0.0,True,15,-0.046292,,True
202606090032,C1.3,C,-5.886057,2026-06-09 00:32:00,2026-06-09 00:40:00,2026-06-08 23:32:00,60.0,True,0.0,0.0,False,0.0,False,0.0,False,0.0,0.0,0.0,False,0.0,False,0.0,False,0.0,False,0.0,False,0.0,False,0.0,False,0.0,0.0,0.0,False,0.0,False,0.0,False,0.0,False,0.0,False,0.0,False,0.0,False,0.0,0.0,0.0,False,0.0,False,0.0,False,0.0,False,0,,common coverage under 80%,False
202606090054,C1.3,C,-5.886057,2026-06-09 00:54:00,2026-06-09 01:03:00,2026-06-09 00:45:00,9.0,False,0.0,0.0,False,0.0,False,0.0,False,0.0,0.0,0.0,False,0.0,False,0.0,False,0.0,False,0.0,False,0.0,False,0.0,False,0.0,0.0,0.0,False,0.0,False,0.0,False,0.0,False,0.0,False,0.0,False,0.0,False,0.0,0.0,0.0,False,0.0,False,0.0,False,0.0,False,0,,lead-in under 10 min,False
202606090153,C1.5,C,-5.823909,2026-06-09 01:53:00,2026-06-09 02:04:00,2026-06-09 01:06:00,47.0,False,0.0,0.0,False,0.0,False,0.0,False,0.0,0.0,0.0,False,0.0,False,0.0,False,0.0,False,0.0,False,0.0,False,0.0,False,0.0,0.0,0.0,False,0.0,False,0.0,False,0.0,False,0.0,False,0.0,False,0.0,False,0.0,0.0,0.0,False,0.0,False,0.0,False,0.0,False,0,,common coverage under 80%,False
202606090232,C1.7,C,-5.769551,2026-06-09 02:32:00,2026-06-09 02:36:00,2026-06-09 02:11:00,21.0,False,0.0,0.0,False,0.0,False,0.0,False,0.0,0.0,0.0,False,0.0,False,0.0,False,0.0,False,0.0,False,0.0,False,0.0,False,0.0,0.0,0.0,False,0.0,False,0.0,False,0.0,False,0.0,False,0.0,False,0.0,False,0.0,0.0,0.0,False,0.0,False,0.0,False,0.0,False,0,,common coverage under 80%,False
202606090416,C4.5,C,-5.346787,2026-06-09 04:16:00,2026-06-09 04:23:00,2026-06-09 03:16:00,60.0,True,0.0,0.0,False,0.0,False,0.0,False,0.0,0.0,0.0,False,0.0,False,0.0,False,0.0,False,0.0,False,0.0,False,0.0,False,0.0,0.0,0.0,False,0.0,False,0.0,False,0.0,False,0.0,False,0.0,False,0.0,False,0.0,0.0,0.0,False,0.0,False,0.0,False,0.0,False,0,,common coverage under 80%,False
202606090522,C1.3,C,-5.886057,2026-06-09 05:22:00,2026-06-09 05:28:00,2026-06-09 04:28:00,54.0,False,0.0,0.0,False,0.0,False,0.0,False,0.0,0.0,0.0,False,0.0,False,0.0,False,0.0,False,0.0,False,0.0,False,0.0,False,0.0,0.0,0.0,False,0.0,False,0.0,False,0.0,False,0.0,False,0.0,False,0.0,False,0.0,0.0,0.0,False,0.0,False,0.0,False,0.0,False,0,,common coverage under 80%,False
202606090551,C1.4,C,-5.853872,2026-06-09 05:51:00,2026-06-09 05:58:00,2026-06-09 05:32:00,19.0,False,0.0,0.0,False,0.0,False,0.0,False,0.0,0.0,0.0,False,0.0,False,0.0,False,0.0,False,0.0,False,0.0,False,0.0,False,0.0,0.0,0.0,False,0.0,False,0.0,False,0.0,False,0.0,False,0.0,False,0.0,False,0.0,0.0,0.0,False,0.0,False,0.0,False,0.0,False,0,,common coverage under 80%,False
202606090601,C2.6,C,-5.585027,2026-06-09 06:01:00,2026-06-09 06:06:00,2026-06-09 06:01:00,0.0,False,0.0,0.0,False,0.0,False,0.0,False,0.0,0.0,0.0,False,0.0,False,0.0,False,0.0,False,0.0,False,0.0,False,0.0,False,0.0,0.0,0.0,False,0.0,False,0.0,False,0.0,False,0.0,False,0.0,False,0.0,False,0.0,0.0,0.0,False,0.0,False,0.0,False,0.0,False,0,,lead-in under 10 min,False
202606090628,C3.0,C,-5.522879,2026-06-09 06:28:00,2026-06-09 06:47:00,2026-06-09 06:09:00,19.0,False,0.0,0.0,False,0.0,False,0.0,False,0.0,0.0,0.0,False,0.0,False,0.0,False,0.0,False,0.0,False,0.0,False,0.0,False,0.0,0.0,0.0,False,0.0,False,0.0,False,0.0,False,0.0,False,0.0,False,0.0,False,0.0,0.0,0.0,False,0.0,False,0.0,False,0.0,False,0,,common coverage under 80%,False
202606090657,C3.2,C,-5.49485,2026-06-09 06:57:00,2026-06-09 07:00:00,2026-06-09 06:57:00,0.0,False,0.0,0.0,False,0.0,False,0.0,False,0.0,0.0,0.0,False,0.0,False,0.0,False,0.0,False,0.0,False,0.0,False,0.0,False,0.0,0.0,0.0,False,0.0,False,0.0,False,0.0,False,0.0,False,0.0,False,0.0,False,0.0,0.0,0.0,False,0.0,False,0.0,False,0.0,False,0,,lead-in under 10 min,False
202606090904,C1.5,C,-5.823909,2026-06-09 09:04:00,2026-06-09 09:11:00,2026-06-09 08:04:00,60.0,True,0.0,0.0,False,0.0,False,0.0,False,0.0,0.0,0.0,False,0.0,False,0.0,False,0.0,False,0.0,False,0.0,False,0.0,False,0.0,0.0,0.0,False,0.0,False,0.0,False,0.0,False,0.0,False,0.0,False,0.0,False,0.0,0.0,0.0,False,0.0,False,0.0,False,0.0,False,0,,common coverage under 80%,False
202606090939,C1.3,C,-5.886057,2026-06-09 09:39:00,2026-06-09 09:46:00,2026-06-09 09:14:00,25.0,False,0.0,0.0,False,0.0,False,0.0,False,0.0,0.0,0.0,False,0.0,False,0.0,False,0.0,False,0.0,False,0.0,False,0.0,False,0.0,0.0,0.0,False,0.0,False,0.0,False,0.0,False,0.0,False,0.0,False,0.0,False,0.0,0.0,0.0,False,0.0,False,0.0,False,0.0,False,0,,common coverage under 80%,False
202606091247,C1.2,C,-5.920819,2026-06-09 12:47:00,2026-06-09 13:02:00,2026-06-09 11:47:00,60.0,True,0.0,0.0,False,0.0,False,0.0,False,0.0,0.0,0.0,False,0.0,False,0.0,False,0.0,False,0.0,False,0.0,False,0.0,False,0.0,0.0,0.0,False,0.0,False,0.0,False,0.0,False,0.0,False,0.0,False,0.0,False,0.0,0.0,0.0,False,0.0,False,0.0,False,0.0,False,0,,common coverage under 80%,False
202606091322,C1.3,C,-5.886057,2026-06-09 13:22:00,2026-06-09 13:34:00,2026-06-09 13:22:00,0.0,False,0.0,0.0,False,0.0,False,0.0,False,0.0,0.0,0.0,False,0.0,False,0.0,False,0.0,False,0.0,False,0.0,False,0.0,False,0.0,0.0,0.0,False,0.0,False,0.0,False,0.0,False,0.0,False,0.0,False,0.0,False,0.0,0.0,0.0,False,0.0,False,0.0,False,0.0,False,0,,lead-in under 10 min,False
202606091902,C2.3,C,-5.638272,2026-06-09 19:02:00,2026-06-09 19:18:00,2026-06-09 18:02:00,60.0,True,0.0,0.0,False,0.0,False,0.0,False,0.0,0.0,0.0,False,0.0,False,0.0,False,0.0,False,0.0,False,0.0,False,0.0,False,0.0,0.0,0.0,False,0.0,False,0.0,False,0.0,False,0.0,False,0.0,False,0.0,False,0.0,0.0,0.0,False,0.0,False,0.0,False,0.0,False,0,,common coverage under 80%,False
202606091935,C1.6,C,-5.79588,2026-06-09 19:35:00,2026-06-09 19:43:00,2026-06-09 19:25:00,10.0,False,0.0,0.0,False,0.0,False,0.0,False,0.0,0.0,0.0,False,0.0,False,0.0,False,0.0,False,0.0,False,0.0,False,0.0,False,0.0,0.0,0.0,False,0.0,False,0.0,False,0.0,False,0.0,False,0.0,False,0.0,False,0.0,0.0,0.0,False,0.0,False,0.0,False,0.0,False,0,,common coverage under 80%,False
202606092010,C1.3,C,-5.886057,2026-06-09 20:10:00,2026-06-09 20:13:00,2026-06-09 19:50:00,20.0,False,0.0,0.0,False,0.0,False,0.0,False,0.0,0.0,0.0,False,0.0,False,0.0,False,0.0,False,0.0,False,0.0,False,0.0,False,0.0,0.0,0.0,False,0.0,False,0.0,False,0.0,False,0.0,False,0.0,False,0.0,False,0.0,0.0,0.0,False,0.0,False,0.0,False,0.0,False,0,,common coverage under 80%,False
202606092059,C1.8,C,-5.744727,2026-06-09 20:59:00,2026-06-09 21:10:00,2026-06-09 20:17:00,42.0,False,0.0,0.0,False,0.0,False,0.0,False,0.0,0.0,0.0,False,0.0,False,0.0,False,0.0,False,0.0,False,0.0,False,0.0,False,0.0,0.0,0.0,False,0.0,False,0.0,False,0.0,False,0.0,False,0.0,False,0.0,False,0.0,0.0,0.0,False,0.0,False,0.0,False,0.0,False,0,,common coverage under 80%,False
202606092117,C2.0,C,-5.69897,2026-06-09 21:17:00,2026-06-09 21:33:00,2026-06-09 21:17:00,0.0,False,0.0,0.0,False,0.0,False,0.0,False,0.0,0.0,0.0,False,0.0,False,0.0,False,0.0,False,0.0,False,0.0,False,0.0,False,0.0,0.0,0.0,False,0.0,False,0.0,False,0.0,False,0.0,False,0.0,False,0.0,False,0.0,0.0,0.0,False,0.0,False,0.0,False,0.0,False,0,,lead-in under 10 min,False
202606100051,C2.6,C,-5.585027,2026-06-10 00:51:00,2026-06-10 00:59:00,2026-06-09 23:51:00,60.0,True,0.0,0.0,False,0.0,False,0.0,False,0.0,0.0,0.0,False,0.0,False,0.0,False,0.0,False,0.0,False,0.0,False,0.0,False,0.0,0.0,0.0,False,0.0,False,0.0,False,0.0,False,0.0,False,0.0,False,0.0,False,0.0,0.0,0.0,False,0.0,False,0.0,False,0.0,False,0,,common coverage under 80%,False
202606100128,C1.0,C,-6.0,2026-06-10 01:28:00,2026-06-10 01:33:00,2026-06-10 01:01:00,27.0,False,0.0,0.0,False,0.0,False,0.0,False,0.0,0.0,0.0,False,0.0,False,0.0,False,0.0,False,0.0,False,0.0,False,0.0,False,0.0,0.0,0.0,False,0.0,False,0.0,False,0.0,False,0.0,False,0.0,False,0.0,False,0.0,0.0,0.0,False,0.0,False,0.0,False,0.0,False,0,,common coverage under 80%,False
202606101317,C1.5,C,-5.823909,2026-06-10 13:17:00,2026-06-10 13:26:00,2026-06-10 12:17:00,60.0,True,1.0,30.333333,False,32.333333,False,30.333333,False,2.0,0.0,2.0,False,2.0,False,-2.0,False,-2.0,False,30.333333,False,32.333333,False,30.333333,False,2.0,0.0,0.0,False,2.0,False,0.0,False,-2.0,False,30.333333,False,32.333333,False,30.333333,False,2.0,0.0,0.0,False,0.0,False,2.0,False,0.0,False,15,-0.075874,,True
202606102330,C6.7,C,-5.173925,2026-06-10 23:30:00,2026-06-11 00:02:00,2026-06-10 22:30:00,60.0,True,0.978723,80.333333,False,80.333333,False,80.333333,False,0.0,0.0,2.0,False,0.0,False,0.0,False,0.0,False,80.333333,False,80.333333,False,80.333333,False,0.0,0.0,2.0,False,0.0,False,0.0,False,0.0,False,78.333333,False,80.333333,False,80.333333,False,2.0,2.0,2.0,False,2.0,False,0.0,False,0.0,False,15,-0.082015,,True
202606110037,C6.2,C,-5.207608,2026-06-11 00:37:00,2026-06-11 00:44:00,2026-06-11 00:37:00,0.0,False,1.0,6.333333,True,6.333333,True,6.333333,True,0.0,0.0,0.0,True,0.0,True,0.0,True,0.0,True,6.333333,True,6.333333,True,6.333333,True,0.0,0.0,0.0,True,0.0,True,0.0,True,0.0,True,6.333333,True,6.333333,True,6.333333,True,0.0,0.0,0.0,True,0.0,True,0.0,True,0.0,True,0,,lead-in under 10 min,False
202606110638,C1.2,C,-5.920819,2026-06-11 06:38:00,2026-06-11 06:47:00,2026-06-11 05:38:00,60.0,True,0.971429,3.333333,False,55.333333,False,3.333333,False,52.0,0.0,52.0,False,52.0,False,0.0,False,12.0,True,21.333333,False,55.333333,False,3.333333,False,34.0,-18.0,52.0,False,34.0,False,12.0,True,12.0,True,21.333333,False,67.333333,True,21.333333,False,46.0,0.0,52.0,False,46.0,True,12.0,True,12.0,True,15,0.017647,alert already on (left-censored),False
202606110800,C1.5,C,-5.823909,2026-06-11 08:00:00,2026-06-11 08:07:00,2026-06-11 07:00:00,60.0,True,0.970588,1.333333,False,51.333333,False,1.333333,False,50.0,0.0,2.0,False,50.0,False,52.0,False,52.0,False,1.333333,False,3.333333,False,1.333333,False,2.0,0.0,2.0,False,2.0,False,50.0,False,50.0,False,1.333333,False,3.333333,False,1.333333,False,2.0,0.0,0.0,False,0.0,False,2.0,False,2.0,False,15,-0.053393,,True
202606110822,C9.0,C,-5.045757,2026-06-11 08:22:00,2026-06-11 08:28:00,2026-06-11 08:11:00,11.0,False,1.0,16.333333,True,2.333333,False,2.333333,False,-14.0,-14.0,-14.0,True,-14.0,True,-14.0,True,-14.0,True,16.333333,True,2.333333,False,2.333333,False,-14.0,-14.0,-14.0,True,-14.0,True,-14.0,True,-14.0,True,16.333333,True,2.333333,False,2.333333,False,-14.0,-14.0,-14.0,True,-14.0,True,-14.0,True,-14.0,True,6,-0.061655,alert already on (left-censored),False
202606111124,C1.3,C,-5.886057,2026-06-11 11:24:00,2026-06-11 11:36:00,2026-06-11 10:24:00,60.0,True,0.972973,48.333333,False,6.333333,False,6.333333,False,-42.0,-42.0,0.0,False,-42.0,False,0.0,False,-12.0,False,48.333333,False,6.333333,False,6.333333,False,-42.0,-42.0,0.0,False,-42.0,False,0.0,False,-12.0,False,48.333333,False,6.333333,False,6.333333,False,-42.0,-42.0,0.0,False,-42.0,False,-12.0,False,-12.0,False,15,-0.050998,,True
202606111706,C1.1,C,-5.958607,2026-06-11 17:06:00,2026-06-11 17:14:00,2026-06-11 16:06:00,60.0,True,0.971429,66.333333,True,2.333333,False,10.333333,False,-64.0,-56.0,-8.0,False,-26.0,True,-26.0,True,-26.0,True,66.333333,True,2.333333,False,10.333333,False,-64.0,-56.0,-8.0,False,-64.0,True,-26.0,True,-26.0,True,44.333333,False,2.333333,False,10.333333,False,-42.0,-34.0,-8.0,False,-42.0,False,-60.0,True,-26.0,True,15,-0.072625,,True
202606112005,C1.1,C,-5.958607,2026-06-11 20:05:00,2026-06-11 20:18:00,2026-06-11 19:05:00,60.0,True,1.0,32.333333,False,10.333333,False,10.333333,False,-22.0,-22.0,0.0,False,-22.0,False,-20.0,False,-4.0,False,32.333333,False,10.333333,False,10.333333,False,-22.0,-22.0,0.0,False,-22.0,False,-22.0,False,-20.0,False,18.333333,False,10.333333,False,10.333333,False,-8.0,-8.0,0.0,False,0.0,False,-22.0,False,-14.0,False,15,-0.045948,,True
202606112132,C1.5,C,-5.823909,2026-06-11 21:32:00,2026-06-11 21:40:00,2026-06-11 20:41:00,51.0,False,1.0,14.333333,False,2.333333,False,2.333333,False,-12.0,-12.0,0.0,False,-16.0,False,-48.0,False,-40.0,False,14.333333,False,2.333333,False,2.333333,False,-12.0,-12.0,0.0,False,-4.0,False,-16.0,False,-48.0,False,2.333333,False,2.333333,False,2.333333,False,0.0,0.0,0.0,False,0.0,False,0.0,False,-4.0,False,15,-0.109281,,True
202606120204,C5.2,C,-5.283997,2026-06-12 02:04:00,2026-06-12 02:14:00,2026-06-12 01:04:00,60.0,True,0.0,0.0,False,0.0,False,0.0,False,0.0,0.0,0.0,False,0.0,False,0.0,False,0.0,False,0.0,False,0.0,False,0.0,False,0.0,0.0,0.0,False,0.0,False,0.0,False,0.0,False,0.0,False,0.0,False,0.0,False,0.0,0.0,0.0,False,0.0,False,0.0,False,0.0,False,0,,common coverage under 80%,False
202606120225,C2.0,C,-5.69897,2026-06-12 02:25:00,2026-06-12 02:35:00,2026-06-12 02:18:00,7.0,False,0.0,0.0,False,0.0,False,0.0,False,0.0,0.0,0.0,False,0.0,False,0.0,False,0.0,False,0.0,False,0.0,False,0.0,False,0.0,0.0,0.0,False,0.0,False,0.0,False,0.0,False,0.0,False,0.0,False,0.0,False,0.0,0.0,0.0,False,0.0,False,0.0,False,0.0,False,0,,lead-in under 10 min,False
202606121212,C1.0,C,-6.0,2026-06-12 12:12:00,2026-06-12 12:18:00,2026-06-12 11:12:00,60.0,True,0.941176,2.333333,False,2.333333,False,2.333333,False,0.0,0.0,0.0,False,0.0,False,0.0,False,34.0,False,2.333333,False,2.333333,False,2.333333,False,0.0,0.0,0.0,False,0.0,False,0.0,False,0.0,False,2.333333,False,2.333333,False,2.333333,False,0.0,0.0,0.0,False,0.0,False,0.0,False,0.0,False,14,-0.084708,,True
202606130200,C1.8,C,-5.744727,2026-06-13 02:00:00,2026-06-13 02:17:00,2026-06-13 01:00:00,60.0,True,0.974359,73.333333,False,73.333333,False,73.333333,False,0.0,0.0,0.0,False,0.0,False,0.0,False,0.0,False,73.333333,False,73.333333,False,73.333333,False,0.0,0.0,0.0,False,0.0,False,0.0,False,0.0,False,73.333333,False,73.333333,False,73.333333,False,0.0,0.0,2.0,False,0.0,False,2.0,True,2.0,True,15,-0.033744,,True
202606131240,C2.4,C,-5.619789,2026-06-13 12:40:00,2026-06-13 13:09:00,2026-06-13 11:40:00,60.0,True,0.955556,23.333333,False,23.333333,False,23.333333,False,0.0,0.0,0.0,False,0.0,False,-60.0,False,0.0,False,23.333333,False,23.333333,False,23.333333,False,0.0,0.0,-4.0,False,0.0,False,-2.0,False,0.0,False,23.333333,False,23.333333,False,23.333333,False,0.0,0.0,-4.0,False,-2.0,False,0.0,False,32.0,False,15,-0.068497,,True
202606140848,C1.5,C,-5.823909,2026-06-14 08:48:00,2026-06-14 08:55:00,2026-06-14 07:48:00,60.0,True,0.970588,1.333333,False,0.0,False,1.333333,False,-1.333333,0.0,-1.333333,False,2.0,False,2.0,False,2.0,False,1.333333,False,0.0,False,1.333333,False,-1.333333,0.0,0.0,False,-1.333333,False,-1.333333,False,2.0,False,0.0,False,0.0,False,1.333333,False,0.0,1.333333,0.0,False,0.0,False,0.0,False,0.0,False,15,-0.040637,,True
202606141231,C1.0,C,-6.0,2026-06-14 12:31:00,2026-06-14 12:36:00,2026-06-14 11:31:00,60.0,True,0.969697,38.333333,False,18.333333,False,18.333333,False,-20.0,-20.0,0.0,False,-20.0,False,-24.0,False,-24.0,False,38.333333,False,18.333333,False,18.333333,False,-20.0,-20.0,0.0,False,-20.0,False,-20.0,False,-24.0,False,18.333333,False,18.333333,False,18.333333,False,0.0,0.0,0.0,False,0.0,False,0.0,False,-20.0,False,15,-0.090644,,True
202606141250,C1.2,C,-5.920819,2026-06-14 12:50:00,2026-06-14 13:02:00,2026-06-14 12:39:00,11.0,False,1.0,22.333333,True,22.333333,True,22.333333,True,0.0,0.0,0.0,True,0.0,True,0.0,True,0.0,True,22.333333,True,22.333333,True,22.333333,True,0.0,0.0,0.0,True,0.0,True,0.0,True,0.0,True,22.333333,True,22.333333,True,22.333333,True,0.0,0.0,0.0,True,0.0,True,0.0,True,0.0,True,6,-0.198704,alert already on (left-censored),False
202606150150,C1.7,C,-5.769551,2026-06-15 01:50:00,2026-06-15 02:13:00,2026-06-15 00:50:00,60.0,True,0.97619,17.333333,False,17.333333,False,15.333333,False,0.0,-2.0,0.0,False,0.0,False,-30.0,False,-2.0,False,17.333333,False,17.333333,False,15.333333,False,0.0,-2.0,0.0,False,0.0,False,-30.0,False,-30.0,False,17.333333,False,17.333333,False,15.333333,False,0.0,-2.0,0.0,False,0.0,False,-28.0,False,-28.0,False,15,-0.053533,,True
202606150731,C1.0,C,-6.0,2026-06-15 07:31:00,2026-06-15 07:38:00,2026-06-15 06:31:00,60.0,True,1.0,36.333333,False,36.333333,False,36.333333,False,0.0,0.0,0.0,False,0.0,False,-16.0,False,-16.0,False,36.333333,False,36.333333,False,36.333333,False,0.0,0.0,0.0,False,0.0,False,-12.0,False,-12.0,False,36.333333,False,36.333333,False,52.333333,False,0.0,16.0,0.0,False,0.0,False,-12.0,False,0.0,False,15,-0.040458,,True
202606150948,C1.7,C,-5.769551,2026-06-15 09:48:00,2026-06-15 09:56:00,2026-06-15 08:48:00,60.0,True,0.971429,64.333333,False,62.333333,False,62.333333,False,-2.0,-2.0,0.0,False,2.0,True,2.0,True,0.0,True,64.333333,False,62.333333,False,62.333333,False,-2.0,-2.0,-2.0,False,-2.0,False,2.0,True,2.0,True,62.333333,False,62.333333,False,60.333333,False,0.0,-2.0,-2.0,False,-2.0,False,0.0,False,-2.0,False,15,-0.049962,,True
202606151144,C1.4,C,-5.853872,2026-06-15 11:44:00,2026-06-15 11:52:00,2026-06-15 10:44:00,60.0,True,0.971429,4.333333,False,4.333333,False,4.333333,False,0.0,0.0,0.0,False,0.0,False,0.0,False,0.0,False,4.333333,False,4.333333,False,4.333333,False,0.0,0.0,0.0,False,0.0,False,0.0,False,0.0,False,4.333333,False,4.333333,False,4.333333,False,0.0,0.0,0.0,False,0.0,False,0.0,False,0.0,False,15,-0.034029,,True
202606151846,C1.9,C,-5.721246,2026-06-15 18:46:00,2026-06-15 18:51:00,2026-06-15 17:46:00,60.0,True,0.969697,47.333333,False,31.333333,False,45.333333,False,-16.0,-2.0,-4.0,False,-16.0,False,-10.0,False,-24.0,False,47.333333,False,31.333333,False,45.333333,False,-16.0,-2.0,-4.0,False,-16.0,False,-10.0,False,-24.0,False,47.333333,False,31.333333,False,45.333333,False,-16.0,-2.0,-30.0,False,-20.0,False,-16.0,False,-24.0,False,15,-0.08221,,True
202606160043,C1.6,C,-5.79588,2026-06-16 00:43:00,2026-06-16 00:48:00,2026-06-15 23:43:00,60.0,True,0.969697,56.333333,False,56.333333,False,54.333333,False,0.0,-2.0,0.0,False,-4.0,False,-4.0,False,0.0,True,60.333333,False,56.333333,False,54.333333,False,-4.0,-6.0,-44.0,False,0.0,False,-4.0,False,-8.0,True,56.333333,False,12.333333,False,54.333333,False,-44.0,-2.0,0.0,False,-44.0,False,-4.0,False,-4.0,False,15,-0.073071,,True
202606161528,C1.0,C,-6.0,2026-06-16 15:28:00,2026-06-16 15:32:00,2026-06-16 14:28:00,60.0,True,0.969697,62.333333,True,0.333333,False,0.333333,False,-62.0,-62.0,0.0,False,0.0,True,0.0,True,0.0,True,62.333333,True,0.333333,False,0.333333,False,-62.0,-62.0,0.0,False,-62.0,True,0.0,True,0.0,True,0.333333,False,0.333333,False,0.333333,False,0.0,0.0,0.0,False,0.0,False,0.0,False,0.0,True,15,-0.104013,,True
202606170513,C1.1,C,-5.958607,2026-06-17 05:13:00,2026-06-17 05:20:00,2026-06-17 04:13:00,60.0,True,0.0,0.0,False,0.0,False,0.0,False,0.0,0.0,0.0,False,0.0,False,0.0,False,0.0,False,0.0,False,0.0,False,0.0,False,0.0,0.0,0.0,False,0.0,False,0.0,False,0.0,False,0.0,False,0.0,False,0.0,False,0.0,0.0,0.0,False,0.0,False,0.0,False,0.0,False,0,,common coverage under 80%,False
202606171208,C1.1,C,-5.958607,2026-06-17 12:08:00,2026-06-17 12:28:00,2026-06-17 11:08:00,60.0,True,0.0,0.0,False,0.0,False,0.0,False,0.0,0.0,0.0,False,0.0,False,0.0,False,0.0,False,0.0,False,0.0,False,0.0,False,0.0,0.0,0.0,False,0.0,False,0.0,False,0.0,False,0.0,False,0.0,False,0.0,False,0.0,0.0,0.0,False,0.0,False,0.0,False,0.0,False,0,,common coverage under 80%,False
202606171457,C2.5,C,-5.60206,2026-06-17 14:57:00,2026-06-17 15:06:00,2026-06-17 13:57:00,60.0,True,0.0,0.0,False,0.0,False,0.0,False,0.0,0.0,0.0,False,0.0,False,0.0,False,0.0,False,0.0,False,0.0,False,0.0,False,0.0,0.0,0.0,False,0.0,False,0.0,False,0.0,False,0.0,False,0.0,False,0.0,False,0.0,0.0,0.0,False,0.0,False,0.0,False,0.0,False,0,,common coverage under 80%,False
202606180738,C1.0,C,-6.0,2026-06-18 07:38:00,2026-06-18 07:46:00,2026-06-18 06:38:00,60.0,True,0.971429,12.333333,False,14.333333,False,14.333333,False,2.0,2.0,2.0,False,0.0,False,0.0,False,0.0,False,12.333333,False,14.333333,False,14.333333,False,2.0,2.0,0.0,False,2.0,False,2.0,False,0.0,False,12.333333,False,12.333333,False,14.333333,False,0.0,2.0,0.0,False,0.0,False,2.0,False,2.0,False,15,-0.081883,,True
202606181142,C1.7,C,-5.769551,2026-06-18 11:42:00,2026-06-18 11:50:00,2026-06-18 10:42:00,60.0,True,0.971429,60.333333,False,32.333333,False,32.333333,False,-28.0,-28.0,0.0,False,-28.0,False,-28.0,False,-28.0,False,60.333333,False,32.333333,False,32.333333,False,-28.0,-28.0,0.0,False,-28.0,False,-28.0,False,-28.0,False,32.333333,False,32.333333,False,32.333333,False,0.0,0.0,-2.0,False,0.0,False,0.0,False,0.0,False,15,-0.186773,,True
202606182149,C1.2,C,-5.920819,2026-06-18 21:49:00,2026-06-18 22:04:00,2026-06-18 20:49:00,60.0,True,1.0,10.333333,False,10.333333,False,10.333333,False,0.0,0.0,0.0,False,0.0,False,0.0,False,0.0,False,10.333333,False,10.333333,False,10.333333,False,0.0,0.0,0.0,False,0.0,False,0.0,False,0.0,False,10.333333,False,10.333333,False,10.333333,False,0.0,0.0,0.0,False,0.0,False,0.0,False,0.0,False,15,-0.035735,,True
202606191926,C4.2,C,-5.376751,2026-06-19 19:26:00,2026-06-19 19:38:00,2026-06-19 18:26:00,60.0,True,0.972973,52.333333,False,18.333333,False,8.333333,False,-34.0,-44.0,-30.0,False,-36.0,False,-44.0,False,-10.0,False,54.333333,False,18.333333,False,8.333333,False,-36.0,-46.0,-30.0,False,-36.0,False,-36.0,False,-44.0,False,38.333333,False,8.333333,False,8.333333,False,-30.0,-30.0,0.0,False,-22.0,False,-36.0,False,-44.0,False,15,-0.104919,,True
202606200126,M1.3,M,-4.886057,2026-06-20 01:26:00,2026-06-20 01:51:00,2026-06-20 00:26:00,60.0,True,0.976744,29.333333,False,29.333333,False,29.333333,False,0.0,0.0,0.0,False,2.0,False,2.0,False,0.0,False,29.333333,False,29.333333,False,29.333333,False,0.0,0.0,0.0,False,0.0,False,2.0,False,2.0,False,29.333333,False,29.333333,False,29.333333,False,0.0,0.0,0.0,False,0.0,False,0.0,False,2.0,False,15,-0.132583,,True
202606200259,C1.4,C,-5.853872,2026-06-20 02:59:00,2026-06-20 03:07:00,2026-06-20 02:04:00,55.0,False,0.96875,61.333333,True,61.333333,True,61.333333,True,0.0,0.0,0.0,True,0.0,True,0.0,True,0.0,True,0.0,False,61.333333,True,61.333333,True,61.333333,61.333333,61.333333,True,61.333333,True,0.0,True,0.0,True,0.0,False,61.333333,True,61.333333,True,61.333333,61.333333,0.0,False,61.333333,True,61.333333,True,61.333333,True,15,-0.006456,alert already on (left-censored),False
202606201115,C1.9,C,-5.721246,2026-06-20 11:15:00,2026-06-20 11:27:00,2026-06-20 10:15:00,60.0,True,0.972973,57.333333,False,57.333333,False,55.333333,False,0.0,-2.0,2.0,False,0.0,False,-14.0,True,-14.0,True,57.333333,False,57.333333,False,55.333333,False,0.0,-2.0,0.0,False,0.0,False,-14.0,True,-14.0,True,57.333333,False,57.333333,False,57.333333,False,0.0,0.0,0.0,False,0.0,False,-14.0,True,-14.0,True,15,-0.146774,,True
202606201206,C1.9,C,-5.721246,2026-06-20 12:06:00,2026-06-20 12:20:00,2026-06-20 11:33:00,33.0,False,0.75,46.333333,True,46.333333,True,46.333333,True,0.0,0.0,0.0,True,0.0,True,0.0,True,0.0,True,46.333333,True,46.333333,True,46.333333,True,0.0,0.0,0.0,True,0.0,True,0.0,True,0.0,True,46.333333,True,46.333333,True,46.333333,True,0.0,0.0,-38.0,True,0.0,True,0.0,True,0.0,True,11,-0.085077,common coverage under 80%,False
202606201450,M1.0,M,-5.0,2026-06-20 14:50:00,2026-06-20 15:00:00,2026-06-20 13:50:00,60.0,True,0.972222,64.333333,False,2.333333,False,2.333333,False,-62.0,-62.0,0.0,False,-58.0,False,0.0,False,0.0,False,64.333333,False,2.333333,False,2.333333,False,-62.0,-62.0,-4.0,False,-26.0,False,-36.0,False,-34.0,False,30.333333,False,6.333333,False,34.333333,False,-24.0,4.0,-26.0,False,-28.0,False,-4.0,False,0.0,False,15,-0.08173,,True
202606202122,C4.8,C,-5.318759,2026-06-20 21:22:00,2026-06-20 21:45:00,2026-06-20 20:22:00,60.0,True,0.97619,23.333333,False,23.333333,False,15.333333,False,0.0,-8.0,2.0,False,0.0,False,0.0,False,-4.0,False,23.333333,False,23.333333,False,15.333333,False,0.0,-8.0,2.0,False,0.0,False,0.0,False,-4.0,False,23.333333,False,23.333333,False,15.333333,False,0.0,-8.0,0.0,False,2.0,False,0.0,False,-2.0,False,15,-0.065177,,True
202606202301,C1.3,C,-5.886057,2026-06-20 23:01:00,2026-06-20 23:06:00,2026-06-20 22:05:00,56.0,False,1.0,60.333333,True,60.333333,True,60.333333,True,0.0,0.0,0.0,True,0.0,True,0.0,True,0.0,True,60.333333,True,60.333333,True,60.333333,True,0.0,0.0,0.0,True,0.0,True,0.0,True,0.0,True,60.333333,True,60.333333,True,60.333333,True,0.0,0.0,0.0,True,0.0,True,0.0,True,0.0,True,15,0.076725,alert already on (left-censored),False
202606210101,C1.1,C,-5.958607,2026-06-21 01:01:00,2026-06-21 01:06:00,2026-06-21 00:01:00,60.0,True,1.0,2.333333,False,2.333333,False,0.333333,False,0.0,-2.0,0.0,False,0.0,False,-50.0,False,-50.0,False,2.333333,False,2.333333,False,0.333333,False,0.0,-2.0,0.0,False,0.0,False,0.0,False,0.0,False,2.333333,False,2.333333,False,0.333333,False,0.0,-2.0,0.0,False,-2.0,False,0.0,False,0.0,False,15,-0.028261,,True
202606210225,M2.6,M,-4.585027,2026-06-21 02:25:00,2026-06-21 02:46:00,2026-06-21 01:25:00,60.0,True,1.0,16.333333,False,10.333333,False,10.333333,False,-6.0,-6.0,-2.0,False,-52.0,False,2.0,False,2.0,False,12.333333,False,10.333333,False,10.333333,False,-2.0,-2.0,-2.0,False,-2.0,False,-52.0,False,-52.0,False,10.333333,False,10.333333,False,10.333333,False,0.0,0.0,2.0,False,0.0,False,0.0,False,-2.0,False,15,-0.02213,,True
202606210831,C1.1,C,-5.958607,2026-06-21 08:31:00,2026-06-21 08:38:00,2026-06-21 07:31:00,60.0,True,1.0,28.333333,False,28.333333,False,28.333333,False,0.0,0.0,0.0,False,2.0,False,2.0,False,0.0,True,38.333333,False,28.333333,False,28.333333,False,-10.0,-10.0,0.0,False,-10.0,False,2.0,False,26.0,True,28.333333,False,50.333333,False,28.333333,False,22.0,0.0,0.0,False,12.0,False,28.0,True,28.0,True,15,0.016639,,True
202606211807,C2.6,C,-5.585027,2026-06-21 18:07:00,2026-06-21 18:18:00,2026-06-21 17:07:00,60.0,True,1.0,70.333333,True,70.333333,True,70.333333,True,0.0,0.0,0.0,True,0.0,True,0.0,True,0.0,True,70.333333,True,70.333333,True,70.333333,True,0.0,0.0,0.0,True,0.0,True,0.0,True,0.0,True,70.333333,True,70.333333,True,70.333333,True,0.0,0.0,64.0,False,0.0,True,0.0,True,0.0,True,15,-0.097085,alert already on (left-censored),False
202606211917,M6.8,M,-4.167491,2026-06-21 19:17:00,2026-06-21 19:29:00,2026-06-21 18:21:00,56.0,False,0.971429,67.333333,True,5.333333,False,5.333333,False,-62.0,-62.0,-62.0,True,-62.0,True,0.0,True,0.0,True,67.333333,True,5.333333,False,5.333333,False,-62.0,-62.0,-62.0,True,-62.0,True,0.0,True,0.0,True,67.333333,True,5.333333,False,5.333333,False,-62.0,-62.0,-62.0,True,-62.0,True,-62.0,True,-62.0,True,15,-0.049853,alert already on (left-censored),False
202606212230,C2.6,C,-5.585027,2026-06-21 22:30:00,2026-06-21 22:34:00,2026-06-21 21:30:00,60.0,True,0.969697,2.333333,False,2.333333,False,2.333333,False,0.0,0.0,0.0,False,0.0,False,0.0,False,0.0,False,2.333333,False,2.333333,False,2.333333,False,0.0,0.0,0.0,False,0.0,False,0.0,False,0.0,False,2.333333,False,2.333333,False,2.333333,False,0.0,0.0,0.0,False,0.0,False,0.0,False,0.0,False,15,-0.024487,,True
202606232201,C3.8,C,-5.420216,2026-06-23 22:01:00,2026-06-23 22:24:00,2026-06-23 21:01:00,60.0,True,1.0,68.333333,False,68.333333,False,60.333333,False,0.0,-8.0,-14.0,False,-2.0,False,2.0,False,0.0,False,78.333333,False,80.333333,False,80.333333,False,2.0,2.0,-4.0,False,10.0,False,2.0,True,0.0,True,80.333333,False,82.333333,True,82.333333,True,2.0,2.0,-2.0,False,2.0,True,0.0,True,0.0,True,15,-0.011566,alert already on (left-censored),False
202606232303,C6.0,C,-5.221849,2026-06-23 23:03:00,2026-06-23 23:14:00,2026-06-23 22:50:00,13.0,False,0.923077,18.333333,False,20.333333,False,18.333333,False,2.0,0.0,4.0,False,2.0,False,2.0,False,2.0,False,18.333333,False,20.333333,False,16.333333,False,2.0,-2.0,2.0,False,2.0,False,2.0,False,2.0,False,16.333333,False,18.333333,False,16.333333,False,2.0,0.0,14.0,False,2.0,False,2.0,False,4.0,False,6,0.106683,,True
202606232318,C8.7,C,-5.060481,2026-06-23 23:18:00,2026-06-23 23:25:00,2026-06-23 23:18:00,0.0,False,0.75,5.333333,True,5.333333,True,5.333333,True,0.0,0.0,0.0,True,0.0,True,0.0,True,0.0,True,5.333333,True,5.333333,True,5.333333,True,0.0,0.0,0.0,True,0.0,True,0.0,True,0.0,True,5.333333,True,5.333333,True,5.333333,True,0.0,0.0,0.0,True,0.0,True,0.0,True,0.0,True,0,,lead-in under 10 min,False
202606240034,C3.5,C,-5.455932,2026-06-24 00:34:00,2026-06-24 01:04:00,2026-06-23 23:34:00,60.0,True,0.956522,26.333333,False,26.333333,False,26.333333,False,0.0,0.0,-2.0,False,62.0,True,38.0,True,38.0,True,26.333333,False,26.333333,False,30.333333,False,0.0,4.0,-2.0,False,0.0,False,38.0,True,36.0,True,26.333333,False,26.333333,False,48.333333,False,0.0,22.0,-2.0,False,-2.0,False,-24.0,False,36.0,True,15,-0.045112,,True
202606240328,C1.9,C,-5.721246,2026-06-24 03:28:00,2026-06-24 03:40:00,2026-06-24 02:28:00,60.0,True,0.972973,68.333333,False,40.333333,False,44.333333,False,-28.0,-24.0,30.0,False,-22.0,False,0.0,False,0.0,False,68.333333,False,46.333333,False,44.333333,False,-22.0,-24.0,20.0,False,-22.0,False,0.0,False,0.0,False,44.333333,False,48.333333,False,46.333333,False,4.0,2.0,6.0,False,2.0,False,4.0,False,-18.0,False,15,0.005445,,True
202606240344,C2.7,C,-5.568636,2026-06-24 03:44:00,2026-06-24 03:53:00,2026-06-24 03:44:00,0.0,False,0.8,7.333333,True,7.333333,True,7.333333,True,0.0,0.0,0.0,True,0.0,True,0.0,True,0.0,True,7.333333,True,7.333333,True,7.333333,True,0.0,0.0,0.0,True,0.0,True,0.0,True,0.0,True,7.333333,True,7.333333,True,7.333333,True,0.0,0.0,0.0,True,0.0,True,0.0,True,0.0,True,0,,lead-in under 10 min,False
202606240640,C2.6,C,-5.585027,2026-06-24 06:40:00,2026-06-24 06:51:00,2026-06-24 05:40:00,60.0,True,0.972222,47.333333,False,47.333333,False,15.333333,False,0.0,-32.0,22.0,False,-4.0,False,-2.0,False,2.0,False,51.333333,False,49.333333,False,41.333333,False,-2.0,-10.0,-22.0,False,-4.0,False,-2.0,False,-4.0,False,51.333333,False,49.333333,False,43.333333,False,-2.0,-8.0,-6.0,False,-2.0,False,-2.0,False,-4.0,False,15,-0.013448,,True
202606240707,C3.5,C,-5.455932,2026-06-24 07:07:00,2026-06-24 07:11:00,2026-06-24 06:57:00,10.0,False,0.875,13.333333,True,13.333333,True,13.333333,True,0.0,0.0,0.0,True,0.0,True,0.0,True,0.0,True,13.333333,True,13.333333,True,13.333333,True,0.0,0.0,0.0,True,0.0,True,0.0,True,0.0,True,13.333333,True,13.333333,True,13.333333,True,0.0,0.0,0.0,True,0.0,True,0.0,True,0.0,True,5,-0.036529,alert already on (left-censored),False
202606240856,C1.9,C,-5.721246,2026-06-24 08:56:00,2026-06-24 09:03:00,2026-06-24 07:56:00,60.0,True,0.970588,21.333333,False,21.333333,False,21.333333,False,0.0,0.0,0.0,False,-4.0,False,-4.0,False,0.0,False,21.333333,False,21.333333,False,21.333333,False,0.0,0.0,0.0,False,0.0,False,-4.0,False,-4.0,False,21.333333,False,21.333333,False,21.333333,False,0.0,0.0,0.0,False,0.0,False,0.0,False,0.0,False,15,-0.043391,,True
202606240908,C1.8,C,-5.744727,2026-06-24 09:08:00,2026-06-24 09:11:00,2026-06-24 09:08:00,0.0,False,0.5,1.333333,True,1.333333,True,1.333333,True,0.0,0.0,0.0,True,0.0,True,0.0,True,0.0,True,1.333333,True,1.333333,True,1.333333,True,0.0,0.0,0.0,True,0.0,True,0.0,True,0.0,True,1.333333,True,1.333333,True,1.333333,True,0.0,0.0,0.0,True,0.0,True,0.0,True,0.0,True,0,,lead-in under 10 min,False
202606240958,C1.8,C,-5.744727,2026-06-24 09:58:00,2026-06-24 10:03:00,2026-06-24 09:15:00,43.0,False,0.96,47.333333,True,37.333333,False,47.333333,True,-10.0,0.0,-10.0,True,-10.0,True,0.0,True,0.0,True,47.333333,True,37.333333,False,47.333333,True,-10.0,0.0,-14.0,True,-10.0,True,-10.0,True,0.0,True,47.333333,True,37.333333,False,1.333333,False,-10.0,-46.0,-14.0,True,-10.0,True,-10.0,True,0.0,True,15,-0.025254,alert already on (left-censored),False
202606241428,C3.8,C,-5.420216,2026-06-24 14:28:00,2026-06-24 14:41:00,2026-06-24 13:28:00,60.0,True,0.972973,71.333333,True,67.333333,False,63.333333,False,-4.0,-8.0,-4.0,False,-4.0,True,0.0,True,0.0,True,71.333333,True,71.333333,True,71.333333,True,0.0,0.0,-8.0,True,0.0,True,0.0,True,0.0,True,71.333333,True,71.333333,True,71.333333,True,0.0,0.0,-8.0,True,0.0,True,0.0,True,0.0,True,15,-0.108466,alert already on (left-censored),False
202606241608,C2.6,C,-5.585027,2026-06-24 16:08:00,2026-06-24 16:15:00,2026-06-24 15:08:00,60.0,True,0.970588,5.333333,False,5.333333,False,47.333333,False,0.0,42.0,0.0,False,0.0,False,-42.0,False,-18.0,True,5.333333,False,5.333333,False,47.333333,False,0.0,42.0,0.0,False,0.0,False,0.0,False,40.0,False,5.333333,False,5.333333,False,5.333333,False,0.0,0.0,0.0,False,0.0,False,0.0,False,0.0,False,15,-0.049884,,True
202606241832,C2.5,C,-5.60206,2026-06-24 18:32:00,2026-06-24 18:42:00,2026-06-24 17:32:00,60.0,True,0.972222,66.333333,False,66.333333,False,66.333333,False,0.0,0.0,0.0,False,2.0,True,2.0,True,0.0,True,66.333333,False,68.333333,True,66.333333,False,2.0,0.0,0.0,False,2.0,True,2.0,True,0.0,True,66.333333,False,68.333333,True,66.333333,False,2.0,0.0,0.0,False,2.0,True,2.0,True,2.0,True,15,-0.007962,alert already on (left-censored),False
202606242022,C1.4,C,-5.853872,2026-06-24 20:22:00,2026-06-24 20:31:00,2026-06-24 19:22:00,60.0,True,0.971429,63.333333,False,63.333333,False,63.333333,False,0.0,0.0,-12.0,False,0.0,False,0.0,False,4.0,True,63.333333,False,63.333333,False,63.333333,False,0.0,0.0,-58.0,False,0.0,False,0.0,False,0.0,False,63.333333,False,63.333333,False,63.333333,False,0.0,0.0,-60.0,False,-12.0,False,0.0,False,0.0,False,15,-0.022309,,True
202606242202,C2.6,C,-5.585027,2026-06-24 22:02:00,2026-06-24 22:15:00,2026-06-24 21:02:00,60.0,True,0.972973,71.333333,True,71.333333,True,71.333333,True,0.0,0.0,0.0,True,0.0,True,0.0,True,0.0,True,71.333333,True,71.333333,True,71.333333,True,0.0,0.0,0.0,True,0.0,True,0.0,True,0.0,True,71.333333,True,71.333333,True,71.333333,True,0.0,0.0,0.0,True,0.0,True,0.0,True,0.0,True,15,-0.002087,alert already on (left-censored),False
202606250237,C4.0,C,-5.39794,2026-06-25 02:37:00,2026-06-25 02:54:00,2026-06-25 01:37:00,60.0,True,1.0,14.333333,False,54.333333,False,14.333333,False,40.0,0.0,26.0,False,40.0,False,36.0,False,16.0,False,14.333333,False,54.333333,False,14.333333,False,40.0,0.0,4.0,False,40.0,False,40.0,False,36.0,False,12.333333,False,38.333333,False,14.333333,False,26.0,2.0,4.0,False,6.0,False,40.0,False,38.0,False,15,-0.005273,,True
202606250532,C2.1,C,-5.677781,2026-06-25 05:32:00,2026-06-25 05:47:00,2026-06-25 04:32:00,60.0,True,0.973684,43.333333,False,43.333333,False,43.333333,False,0.0,0.0,-2.0,False,-24.0,False,-20.0,False,-20.0,False,47.333333,False,45.333333,False,43.333333,False,-2.0,-4.0,-2.0,False,-2.0,False,-16.0,False,-20.0,False,47.333333,False,45.333333,False,45.333333,False,-2.0,-2.0,0.0,False,-2.0,False,2.0,False,2.0,False,15,0.015551,,True
202606250757,C1.6,C,-5.79588,2026-06-25 07:57:00,2026-06-25 08:03:00,2026-06-25 06:57:00,60.0,True,0.970588,63.333333,False,63.333333,False,37.333333,False,0.0,-26.0,0.0,False,0.0,False,0.0,False,2.0,True,63.333333,False,63.333333,False,37.333333,False,0.0,-26.0,26.0,False,0.0,False,0.0,False,2.0,True,37.333333,False,63.333333,False,21.333333,False,26.0,-16.0,8.0,False,26.0,False,24.0,False,26.0,True,15,0.026027,,True
202606250858,C2.2,C,-5.657577,2026-06-25 08:58:00,2026-06-25 09:05:00,2026-06-25 08:14:00,44.0,False,0.961538,49.333333,True,43.333333,False,49.333333,True,-6.0,0.0,0.0,False,-6.0,True,0.0,True,0.0,True,49.333333,True,43.333333,False,49.333333,True,-6.0,0.0,0.0,False,-6.0,True,0.0,True,0.0,True,43.333333,False,49.333333,True,49.333333,True,6.0,6.0,0.0,False,2.0,False,0.0,True,0.0,True,15,0.03119,alert already on (left-censored),False
202606251327,C2.7,C,-5.568636,2026-06-25 13:27:00,2026-06-25 13:31:00,2026-06-25 12:27:00,60.0,True,0.0,0.0,False,0.0,False,0.0,False,0.0,0.0,0.0,False,0.0,False,0.0,False,0.0,False,0.0,False,0.0,False,0.0,False,0.0,0.0,0.0,False,0.0,False,0.0,False,0.0,False,0.0,False,0.0,False,0.0,False,0.0,0.0,0.0,False,0.0,False,0.0,False,0.0,False,0,,common coverage under 80%,False
202606251453,C6.5,C,-5.187087,2026-06-25 14:53:00,2026-06-25 15:03:00,2026-06-25 13:53:00,60.0,True,0.0,0.0,False,0.0,False,0.0,False,0.0,0.0,0.0,False,0.0,False,0.0,False,0.0,False,0.0,False,0.0,False,0.0,False,0.0,0.0,0.0,False,0.0,False,0.0,False,0.0,False,0.0,False,0.0,False,0.0,False,0.0,0.0,0.0,False,0.0,False,0.0,False,0.0,False,0,,common coverage under 80%,False
202606252111,C2.4,C,-5.619789,2026-06-25 21:11:00,2026-06-25 21:14:00,2026-06-25 20:11:00,60.0,True,0.0,0.0,False,0.0,False,0.0,False,0.0,0.0,0.0,False,0.0,False,0.0,False,0.0,False,0.0,False,0.0,False,0.0,False,0.0,0.0,0.0,False,0.0,False,0.0,False,0.0,False,0.0,False,0.0,False,0.0,False,0.0,0.0,0.0,False,0.0,False,0.0,False,0.0,False,0,,common coverage under 80%,False
202606252154,C2.0,C,-5.69897,2026-06-25 21:54:00,2026-06-25 22:02:00,2026-06-25 21:16:00,38.0,False,0.0,0.0,False,0.0,False,0.0,False,0.0,0.0,0.0,False,0.0,False,0.0,False,0.0,False,0.0,False,0.0,False,0.0,False,0.0,0.0,0.0,False,0.0,False,0.0,False,0.0,False,0.0,False,0.0,False,0.0,False,0.0,0.0,0.0,False,0.0,False,0.0,False,0.0,False,0,,common coverage under 80%,False
202606252335,C5.0,C,-5.30103,2026-06-25 23:35:00,2026-06-25 23:48:00,2026-06-25 22:35:00,60.0,True,0.0,0.0,False,0.0,False,0.0,False,0.0,0.0,0.0,False,0.0,False,0.0,False,0.0,False,0.0,False,0.0,False,0.0,False,0.0,0.0,0.0,False,0.0,False,0.0,False,0.0,False,0.0,False,0.0,False,0.0,False,0.0,0.0,0.0,False,0.0,False,0.0,False,0.0,False,0,,common coverage under 80%,False
202606261223,C5.7,C,-5.244125,2026-06-26 12:23:00,2026-06-26 12:48:00,2026-06-26 11:23:00,60.0,True,0.976744,72.333333,False,62.333333,False,58.333333,False,-10.0,-14.0,2.0,False,-12.0,False,4.0,False,0.0,True,74.333333,False,62.333333,False,60.333333,False,-12.0,-14.0,2.0,False,-10.0,False,4.0,False,0.0,True,58.333333,False,74.333333,False,84.333333,True,16.0,26.0,34.0,False,4.0,False,4.0,False,2.0,True,14,0.026592,,True
202606261346,C1.7,C,-5.769551,2026-06-26 13:46:00,2026-06-26 13:53:00,2026-06-26 13:04:00,42.0,False,0.96,47.333333,True,1.333333,False,1.333333,False,-46.0,-46.0,-46.0,True,-46.0,True,0.0,True,0.0,True,47.333333,True,1.333333,False,1.333333,False,-46.0,-46.0,-46.0,True,-46.0,True,-46.0,True,0.0,True,1.333333,False,1.333333,False,1.333333,False,0.0,0.0,0.0,False,0.0,False,0.0,False,-46.0,True,15,-0.03428,,True
202606261357,C3.5,C,-5.455932,2026-06-26 13:57:00,2026-06-26 14:04:00,2026-06-26 13:57:00,0.0,False,1.0,6.333333,True,6.333333,True,6.333333,True,0.0,0.0,0.0,True,0.0,True,0.0,True,0.0,True,6.333333,True,6.333333,True,6.333333,True,0.0,0.0,0.0,True,0.0,True,0.0,True,0.0,True,6.333333,True,6.333333,True,6.333333,True,0.0,0.0,-2.0,True,0.0,True,0.0,True,0.0,True,0,,lead-in under 10 min,False
202606261452,C2.0,C,-5.69897,2026-06-26 14:52:00,2026-06-26 15:01:00,2026-06-26 14:09:00,43.0,False,0.962963,51.333333,True,51.333333,True,51.333333,True,0.0,0.0,0.0,True,0.0,True,0.0,True,0.0,True,51.333333,True,51.333333,True,51.333333,True,0.0,0.0,0.0,True,0.0,True,0.0,True,0.0,True,51.333333,True,51.333333,True,51.333333,True,0.0,0.0,-48.0,True,0.0,True,0.0,True,0.0,True,15,-0.060196,alert already on (left-censored),False
202606262012,C2.4,C,-5.619789,2026-06-26 20:12:00,2026-06-26 20:21:00,2026-06-26 19:12:00,60.0,True,0.971429,63.333333,False,57.333333,False,15.333333,False,-6.0,-48.0,2.0,False,0.0,False,0.0,False,2.0,False,63.333333,False,63.333333,False,63.333333,False,0.0,0.0,2.0,False,0.0,False,4.0,True,0.0,True,67.333333,True,67.333333,True,67.333333,True,0.0,0.0,42.0,False,4.0,True,0.0,True,0.0,True,15,0.019976,alert already on (left-censored),False
202606270622,C2.3,C,-5.638272,2026-06-27 06:22:00,2026-06-27 06:26:00,2026-06-27 05:22:00,60.0,True,0.969697,44.333333,False,44.333333,False,44.333333,False,0.0,0.0,0.0,False,8.0,False,16.0,False,18.0,True,44.333333,False,54.333333,False,56.333333,False,10.0,12.0,0.0,False,10.0,False,18.0,True,18.0,True,44.333333,False,62.333333,True,62.333333,True,18.0,18.0,0.0,False,18.0,True,18.0,True,18.0,True,15,0.045036,alert already on (left-censored),False
202606270648,C2.1,C,-5.677781,2026-06-27 06:48:00,2026-06-27 06:54:00,2026-06-27 06:28:00,20.0,False,0.928571,24.333333,True,18.333333,False,18.333333,False,-6.0,-6.0,-6.0,True,-6.0,True,0.0,True,0.0,True,24.333333,True,18.333333,False,24.333333,True,-6.0,0.0,-6.0,True,-6.0,True,0.0,True,0.0,True,24.333333,True,24.333333,True,24.333333,True,0.0,0.0,0.0,False,0.0,True,0.0,True,0.0,True,10,0.04787,alert already on (left-censored),False
202606270717,C2.2,C,-5.657577,2026-06-27 07:17:00,2026-06-27 07:27:00,2026-06-27 07:06:00,11.0,False,0.909091,19.333333,True,19.333333,True,19.333333,True,0.0,0.0,0.0,True,0.0,True,0.0,True,0.0,True,19.333333,True,19.333333,True,19.333333,True,0.0,0.0,0.0,True,0.0,True,0.0,True,0.0,True,19.333333,True,19.333333,True,19.333333,True,0.0,0.0,19.333333,True,6.0,True,0.0,True,0.0,True,5,0.097105,alert already on (left-censored),False
202606270908,C3.9,C,-5.408935,2026-06-27 09:08:00,2026-06-27 09:23:00,2026-06-27 08:08:00,60.0,True,0.973684,43.333333,False,73.333333,True,43.333333,False,30.0,0.0,12.0,False,30.0,True,28.0,True,0.0,True,43.333333,False,73.333333,True,73.333333,True,30.0,30.0,12.0,False,30.0,True,28.0,True,0.0,True,37.333333,False,73.333333,True,47.333333,False,36.0,10.0,12.0,False,36.0,True,30.0,True,28.0,True,15,0.117199,alert already on (left-censored),False
202606271046,C3.1,C,-5.508638,2026-06-27 10:46:00,2026-06-27 10:53:00,2026-06-27 09:46:00,60.0,True,0.970588,0.0,False,1.333333,False,0.0,False,1.333333,0.0,0.0,False,1.333333,False,23.333333,False,29.333333,False,0.0,False,1.333333,False,0.0,False,1.333333,0.0,0.0,False,1.333333,False,23.333333,False,29.333333,False,0.0,False,0.0,False,0.0,False,0.0,0.0,0.0,False,0.0,False,1.333333,False,29.333333,False,15,-0.011446,,True
202606271215,C2.9,C,-5.537602,2026-06-27 12:15:00,2026-06-27 12:22:00,2026-06-27 11:15:00,60.0,True,0.970588,8.333333,False,54.333333,False,6.333333,False,46.0,-2.0,6.0,False,46.0,False,46.0,False,46.0,False,2.333333,False,54.333333,False,6.333333,False,52.0,4.0,8.0,False,52.0,False,46.0,False,54.0,False,0.333333,False,54.333333,False,2.333333,False,54.0,2.0,2.333333,False,54.0,False,54.0,False,62.0,False,14,0.034122,,True
202606271509,C1.9,C,-5.721246,2026-06-27 15:09:00,2026-06-27 15:16:00,2026-06-27 14:09:00,60.0,True,1.0,64.333333,False,66.333333,True,64.333333,False,2.0,0.0,2.0,True,2.0,True,2.0,True,2.0,True,64.333333,False,66.333333,True,64.333333,False,2.0,0.0,2.0,True,2.0,True,2.0,True,2.0,True,64.333333,False,66.333333,True,64.333333,False,2.0,0.0,0.0,False,2.0,True,2.0,True,2.0,True,15,-0.043134,alert already on (left-censored),False
202606272053,C7.4,C,-5.130768,2026-06-27 20:53:00,2026-06-27 21:02:00,2026-06-27 19:53:00,60.0,True,1.0,4.333333,False,68.333333,True,68.333333,True,64.0,64.0,64.0,True,64.0,True,64.0,True,64.0,True,4.333333,False,68.333333,True,68.333333,True,64.0,64.0,66.0,True,64.0,True,64.0,True,64.0,True,2.333333,False,68.333333,True,68.333333,True,66.0,66.0,2.0,False,66.0,True,66.0,True,66.0,True,15,-0.08848,alert already on (left-censored),False
202606272106,C7.4,C,-5.130768,2026-06-27 21:06:00,2026-06-27 21:11:00,2026-06-27 21:06:00,0.0,False,0.666667,3.333333,True,3.333333,True,3.333333,True,0.0,0.0,0.0,True,0.0,True,0.0,True,0.0,True,3.333333,True,3.333333,True,3.333333,True,0.0,0.0,0.0,True,0.0,True,0.0,True,0.0,True,3.333333,True,3.333333,True,3.333333,True,0.0,0.0,0.0,True,0.0,True,0.0,True,0.0,True,0,,lead-in under 10 min,False
202606280144,C4.1,C,-5.387216,2026-06-28 01:44:00,2026-06-28 01:55:00,2026-06-28 00:44:00,60.0,True,0.972222,63.333333,False,69.333333,True,63.333333,False,6.0,0.0,60.0,False,6.0,True,0.0,True,0.0,True,63.333333,False,69.333333,True,69.333333,True,6.0,6.0,66.0,True,6.0,True,0.0,True,0.0,True,63.333333,False,69.333333,True,69.333333,True,6.0,6.0,66.0,True,6.0,True,0.0,True,0.0,True,15,0.082742,alert already on (left-censored),False
202606280646,C2.3,C,-5.638272,2026-06-28 06:46:00,2026-06-28 06:54:00,2026-06-28 05:46:00,60.0,True,0.971429,62.333333,False,66.333333,True,66.333333,True,4.0,4.0,0.0,False,0.0,True,0.0,True,0.0,True,66.333333,True,66.333333,True,66.333333,True,0.0,0.0,4.0,True,0.0,True,0.0,True,0.0,True,66.333333,True,66.333333,True,66.333333,True,0.0,0.0,0.0,True,0.0,True,0.0,True,0.0,True,15,0.008156,alert already on (left-censored),False
202606280703,C2.2,C,-5.657577,2026-06-28 07:03:00,2026-06-28 07:07:00,2026-06-28 07:03:00,0.0,False,0.666667,3.333333,True,3.333333,True,3.333333,True,0.0,0.0,0.0,True,0.0,True,0.0,True,0.0,True,3.333333,True,3.333333,True,3.333333,True,0.0,0.0,0.0,True,0.0,True,0.0,True,0.0,True,3.333333,True,3.333333,True,3.333333,True,0.0,0.0,0.0,True,0.0,True,0.0,True,0.0,True,0,,lead-in under 10 min,False
202606281501,C2.7,C,-5.568636,2026-06-28 15:01:00,2026-06-28 15:09:00,2026-06-28 14:01:00,60.0,True,0.971429,67.333333,True,67.333333,True,67.333333,True,0.0,0.0,0.0,True,0.0,True,0.0,True,0.0,True,67.333333,True,67.333333,True,67.333333,True,0.0,0.0,0.0,True,0.0,True,0.0,True,0.0,True,67.333333,True,67.333333,True,67.333333,True,0.0,0.0,0.0,True,0.0,True,0.0,True,0.0,True,15,0.056045,alert already on (left-censored),False
202606282038,C2.8,C,-5.552842,2026-06-28 20:38:00,2026-06-28 20:46:00,2026-06-28 19:38:00,60.0,True,0.971429,56.333333,False,60.333333,False,50.333333,False,4.0,-6.0,2.0,False,4.0,True,2.0,True,2.0,True,64.333333,False,66.333333,True,66.333333,True,2.0,2.0,4.0,False,2.0,True,2.0,True,0.0,True,66.333333,True,66.333333,True,66.333333,True,0.0,0.0,10.0,True,0.0,True,0.0,True,0.0,True,15,0.087811,alert already on (left-censored),False
202606282050,C3.3,C,-5.481486,2026-06-28 20:50:00,2026-06-28 20:59:00,2026-06-28 20:50:00,0.0,False,0.8,7.333333,True,7.333333,True,7.333333,True,0.0,0.0,0.0,True,0.0,True,0.0,True,0.0,True,7.333333,True,7.333333,True,7.333333,True,0.0,0.0,0.0,True,0.0,True,0.0,True,0.0,True,7.333333,True,7.333333,True,7.333333,True,0.0,0.0,0.0,True,0.0,True,0.0,True,0.0,True,0,,lead-in under 10 min,False
202606282118,C9.5,C,-5.022276,2026-06-28 21:18:00,2026-06-28 21:44:00,2026-06-28 21:03:00,15.0,False,1.0,40.333333,True,40.333333,True,40.333333,True,0.0,0.0,0.0,True,0.0,True,0.0,True,0.0,True,40.333333,True,40.333333,True,40.333333,True,0.0,0.0,0.0,True,0.0,True,0.0,True,0.0,True,40.333333,True,40.333333,True,40.333333,True,0.0,0.0,0.0,True,0.0,True,0.0,True,0.0,True,8,0.002866,alert already on (left-censored),False
202606282155,C8.7,C,-5.060481,2026-06-28 21:55:00,2026-06-28 21:59:00,2026-06-28 21:55:00,0.0,False,0.666667,3.333333,True,3.333333,True,3.333333,True,0.0,0.0,0.0,True,0.0,True,0.0,True,0.0,True,3.333333,True,3.333333,True,3.333333,True,0.0,0.0,0.0,True,0.0,True,0.0,True,0.0,True,3.333333,True,3.333333,True,3.333333,True,0.0,0.0,0.0,True,0.0,True,0.0,True,0.0,True,0,,lead-in under 10 min,False
202606290032,C5.1,C,-5.29243,2026-06-29 00:32:00,2026-06-29 00:41:00,2026-06-28 23:32:00,60.0,True,0.942857,59.333333,False,59.333333,False,59.333333,False,0.0,0.0,0.0,False,0.0,False,0.0,False,0.0,False,59.333333,False,59.333333,False,59.333333,False,0.0,0.0,0.0,False,0.0,False,0.0,False,0.0,False,59.333333,False,59.333333,False,59.333333,False,0.0,0.0,0.0,False,0.0,False,0.0,False,0.0,False,15,0.038043,,True
202606290226,C3.1,C,-5.508638,2026-06-29 02:26:00,2026-06-29 02:32:00,2026-06-29 01:26:00,60.0,True,0.970588,62.333333,False,62.333333,False,62.333333,False,0.0,0.0,0.0,False,2.0,True,2.0,True,2.0,True,62.333333,False,64.333333,True,62.333333,False,2.0,0.0,-8.0,False,2.0,True,2.0,True,2.0,True,62.333333,False,64.333333,True,62.333333,False,2.0,0.0,42.0,False,2.0,True,2.0,True,2.0,True,15,-0.005209,alert already on (left-censored),False
202606290243,C3.0,C,-5.522879,2026-06-29 02:43:00,2026-06-29 02:50:00,2026-06-29 02:35:00,8.0,False,1.0,14.333333,True,14.333333,True,14.333333,True,0.0,0.0,0.0,True,0.0,True,0.0,True,0.0,True,14.333333,True,14.333333,True,14.333333,True,0.0,0.0,0.0,True,0.0,True,0.0,True,0.0,True,14.333333,True,14.333333,True,14.333333,True,0.0,0.0,0.0,True,0.0,True,0.0,True,0.0,True,4,,lead-in under 10 min,False
202606290307,C4.8,C,-5.318759,2026-06-29 03:07:00,2026-06-29 03:17:00,2026-06-29 02:56:00,11.0,False,0.909091,19.333333,True,19.333333,True,19.333333,True,0.0,0.0,-10.0,True,0.0,True,0.0,True,0.0,True,19.333333,True,19.333333,True,19.333333,True,0.0,0.0,-10.0,True,0.0,True,0.0,True,0.0,True,19.333333,True,19.333333,True,19.333333,True,0.0,0.0,-10.0,True,0.0,True,0.0,True,0.0,True,5,-0.022143,alert already on (left-censored),False
202606290322,C4.1,C,-5.387216,2026-06-29 03:22:00,2026-06-29 03:40:00,2026-06-29 03:22:00,0.0,False,0.9,16.333333,True,16.333333,True,16.333333,True,0.0,0.0,0.0,True,0.0,True,0.0,True,0.0,True,16.333333,True,16.333333,True,16.333333,True,0.0,0.0,0.0,True,0.0,True,0.0,True,0.0,True,16.333333,True,16.333333,True,16.333333,True,0.0,0.0,0.0,True,0.0,True,0.0,True,0.0,True,0,,lead-in under 10 min,False
202606290351,C4.4,C,-5.356547,2026-06-29 03:51:00,2026-06-29 03:53:00,2026-06-29 03:51:00,0.0,False,0.5,1.333333,True,1.333333,True,1.333333,True,0.0,0.0,0.0,True,0.0,True,0.0,True,0.0,True,1.333333,True,1.333333,True,1.333333,True,0.0,0.0,1.333333,True,1.333333,True,0.0,True,0.0,True,0.0,False,1.333333,True,1.333333,True,1.333333,1.333333,1.333333,True,1.333333,True,1.333333,True,1.333333,True,0,,lead-in under 10 min,False
202606290740,C6.5,C,-5.187087,2026-06-29 07:40:00,2026-06-29 07:58:00,2026-06-29 06:40:00,60.0,True,0.975,66.333333,False,66.333333,False,66.333333,False,0.0,0.0,0.0,False,10.0,True,8.0,True,0.0,True,68.333333,False,76.333333,True,76.333333,True,8.0,8.0,10.0,True,10.0,True,0.0,True,0.0,True,76.333333,True,76.333333,True,76.333333,True,0.0,0.0,10.0,True,0.0,True,0.0,True,0.0,True,15,0.070743,alert already on (left-censored),False
202606290806,C8.1,C,-5.091515,2026-06-29 08:06:00,2026-06-29 08:28:00,2026-06-29 08:06:00,0.0,False,0.916667,20.333333,True,20.333333,True,20.333333,True,0.0,0.0,0.0,True,0.0,True,0.0,True,0.0,True,20.333333,True,20.333333,True,20.333333,True,0.0,0.0,0.0,True,0.0,True,0.0,True,0.0,True,20.333333,True,20.333333,True,20.333333,True,0.0,0.0,0.0,True,0.0,True,0.0,True,0.0,True,0,,lead-in under 10 min,False
202606291120,C2.1,C,-5.677781,2026-06-29 11:20:00,2026-06-29 11:25:00,2026-06-29 10:20:00,60.0,True,0.969697,55.333333,False,53.333333,False,55.333333,False,-2.0,0.0,53.333333,False,4.0,False,4.0,False,2.0,False,55.333333,False,59.333333,False,61.333333,False,4.0,6.0,9.333333,False,4.0,False,6.0,False,4.0,True,15.333333,False,53.333333,False,63.333333,True,38.0,48.0,-4.0,False,18.0,False,8.0,False,8.0,True,15,0.03783,,True
202606291208,C1.9,C,-5.721246,2026-06-29 12:08:00,2026-06-29 12:12:00,2026-06-29 11:32:00,36.0,False,0.904762,38.333333,True,36.333333,False,38.333333,True,-2.0,0.0,-2.0,True,0.0,True,0.0,True,0.0,True,38.333333,True,38.333333,True,38.333333,True,0.0,0.0,-2.0,True,0.0,True,0.0,True,0.0,True,38.333333,True,38.333333,True,38.333333,True,0.0,0.0,-2.0,True,0.0,True,0.0,True,0.0,True,14,0.063936,alert already on (left-censored),False
202606291229,C2.5,C,-5.60206,2026-06-29 12:29:00,2026-06-29 12:34:00,2026-06-29 12:23:00,6.0,False,1.0,2.333333,False,10.333333,True,10.333333,True,8.0,8.0,8.0,True,4.0,True,4.0,True,4.0,True,2.333333,False,10.333333,True,10.333333,True,8.0,8.0,0.0,False,8.0,True,4.0,True,4.0,True,2.333333,False,10.333333,True,10.333333,True,8.0,8.0,0.0,False,8.0,True,8.0,True,4.0,True,3,,lead-in under 10 min,False
202606291721,C3.5,C,-5.455932,2026-06-29 17:21:00,2026-06-29 17:30:00,2026-06-29 16:21:00,60.0,True,1.0,58.333333,False,30.333333,False,30.333333,False,-28.0,-28.0,0.0,False,-8.0,False,10.0,True,10.0,True,58.333333,False,50.333333,False,68.333333,True,-8.0,10.0,0.0,False,-8.0,False,10.0,True,10.0,True,58.333333,False,68.333333,True,68.333333,True,10.0,10.0,0.0,False,10.0,True,10.0,True,0.0,True,15,-0.015066,alert already on (left-censored),False
202606291732,C6.1,C,-5.21467,2026-06-29 17:32:00,2026-06-29 17:40:00,2026-06-29 17:32:00,0.0,False,0.8,6.333333,True,6.333333,True,6.333333,True,0.0,0.0,0.0,True,0.0,True,0.0,True,0.0,True,6.333333,True,6.333333,True,6.333333,True,0.0,0.0,0.0,True,0.0,True,0.0,True,0.0,True,6.333333,True,6.333333,True,6.333333,True,0.0,0.0,0.0,True,0.0,True,0.0,True,0.0,True,0,,lead-in under 10 min,False
202606291928,C3.0,C,-5.522879,2026-06-29 19:28:00,2026-06-29 19:33:00,2026-06-29 18:28:00,60.0,True,0.969697,3.333333,False,9.333333,False,3.333333,False,6.0,0.0,6.0,False,6.0,False,6.0,False,6.0,False,3.333333,False,9.333333,False,3.333333,False,6.0,0.0,0.0,False,6.0,False,6.0,False,6.0,False,3.333333,False,3.333333,False,3.333333,False,0.0,0.0,0.0,False,0.0,False,6.0,False,6.0,False,15,-0.067234,,True
202606291943,C4.4,C,-5.356547,2026-06-29 19:43:00,2026-06-29 19:47:00,2026-06-29 19:38:00,5.0,False,0.8,7.333333,True,1.333333,False,7.333333,True,-6.0,0.0,-6.0,True,-6.0,True,0.0,True,0.0,True,7.333333,True,1.333333,False,7.333333,True,-6.0,0.0,0.0,False,-6.0,True,0.0,True,0.0,True,1.333333,False,1.333333,False,1.333333,False,0.0,0.0,0.0,False,0.0,False,0.0,False,-6.0,True,2,,lead-in under 10 min,False
202606292024,C3.7,C,-5.431798,2026-06-29 20:24:00,2026-06-29 20:34:00,2026-06-29 19:49:00,35.0,False,1.0,44.333333,True,44.333333,True,44.333333,True,0.0,0.0,0.0,True,0.0,True,0.0,True,0.0,True,44.333333,True,44.333333,True,44.333333,True,0.0,0.0,0.0,True,0.0,True,0.0,True,0.0,True,44.333333,True,44.333333,True,44.333333,True,0.0,0.0,-42.0,True,0.0,True,0.0,True,0.0,True,15,-0.017374,alert already on (left-censored),False
202606292056,C5.6,C,-5.251812,2026-06-29 20:56:00,2026-06-29 21:00:00,2026-06-29 20:49:00,7.0,False,1.0,10.333333,True,10.333333,True,10.333333,True,0.0,0.0,-8.0,True,0.0,True,0.0,True,0.0,True,10.333333,True,10.333333,True,10.333333,True,0.0,0.0,-8.0,True,0.0,True,0.0,True,0.0,True,10.333333,True,10.333333,True,10.333333,True,0.0,0.0,-8.0,True,0.0,True,0.0,True,0.0,True,4,,lead-in under 10 min,False
202606292113,M1.4,M,-4.853872,2026-06-29 21:13:00,2026-06-29 21:40:00,2026-06-29 21:03:00,10.0,False,1.0,36.333333,True,36.333333,True,28.333333,False,0.0,-8.0,-8.0,True,0.0,True,0.0,True,0.0,True,36.333333,True,36.333333,True,36.333333,True,0.0,0.0,-8.0,True,0.0,True,0.0,True,0.0,True,36.333333,True,36.333333,True,36.333333,True,0.0,0.0,-8.0,True,0.0,True,0.0,True,0.0,True,5,-0.022472,alert already on (left-censored),False
202606292347,C2.8,C,-5.552842,2026-06-29 23:47:00,2026-06-29 23:53:00,2026-06-29 22:47:00,60.0,True,0.970588,3.333333,False,9.333333,False,1.333333,False,6.0,-2.0,0.0,False,8.0,False,8.0,False,8.0,False,3.333333,False,11.333333,False,1.333333,False,8.0,-2.0,0.0,False,8.0,False,8.0,False,16.0,False,3.333333,False,11.333333,False,1.333333,False,8.0,-2.0,0.0,False,6.0,False,8.0,False,14.0,False,15,-0.02271,,True
202606300039,M1.3,M,-4.886057,2026-06-30 00:39:00,2026-06-30 01:16:00,2026-06-29 23:56:00,43.0,False,0.97561,32.333333,False,44.333333,False,34.333333,False,12.0,2.0,4.0,False,-30.0,True,0.0,True,0.0,True,78.333333,True,60.333333,False,34.333333,False,-18.0,-44.0,4.0,False,-18.0,True,0.0,True,0.0,True,30.333333,False,70.333333,False,34.333333,False,40.0,4.0,4.0,False,40.0,False,0.0,True,0.0,True,15,0.025516,,True
202606300311,C3.2,C,-5.49485,2026-06-30 03:11:00,2026-06-30 03:19:00,2026-06-30 02:11:00,60.0,True,0.971429,9.333333,False,9.333333,False,5.333333,False,0.0,-4.0,-2.0,False,0.0,False,30.0,False,20.0,False,9.333333,False,9.333333,False,9.333333,False,0.0,0.0,-2.0,False,0.0,False,-8.0,False,-4.0,False,9.333333,False,9.333333,False,5.333333,False,0.0,-4.0,-2.0,False,0.0,False,-8.0,False,-20.0,False,15,-0.043453,,True
202606300617,C3.8,C,-5.420216,2026-06-30 06:17:00,2026-06-30 06:33:00,2026-06-30 05:17:00,60.0,True,0.974359,71.333333,False,71.333333,False,55.333333,False,0.0,-16.0,10.0,False,2.0,False,2.0,False,4.0,True,71.333333,False,73.333333,False,71.333333,False,2.0,0.0,12.0,False,2.0,False,4.0,True,4.0,True,71.333333,False,73.333333,False,71.333333,False,2.0,0.0,2.0,False,2.0,False,4.0,True,2.0,True,15,0.061249,,True
202606300911,C2.8,C,-5.552842,2026-06-30 09:11:00,2026-06-30 09:20:00,2026-06-30 08:11:00,60.0,True,1.0,54.333333,False,54.333333,False,30.333333,False,0.0,-24.0,-24.0,False,0.0,False,0.0,False,-6.0,False,54.333333,False,54.333333,False,40.333333,False,0.0,-14.0,-14.0,False,0.0,False,0.0,False,0.0,False,40.333333,False,48.333333,False,44.333333,False,8.0,4.0,6.0,False,8.0,False,0.0,False,12.0,False,15,0.001996,,True
202606300932,C3.3,C,-5.481486,2026-06-30 09:32:00,2026-06-30 09:36:00,2026-06-30 09:32:00,0.0,False,0.666667,2.333333,True,2.333333,True,2.333333,True,0.0,0.0,0.0,True,0.0,True,0.0,True,0.0,True,2.333333,True,2.333333,True,2.333333,True,0.0,0.0,0.0,True,0.0,True,0.0,True,0.0,True,2.333333,True,2.333333,True,2.333333,True,0.0,0.0,0.0,True,0.0,True,0.0,True,0.0,True,0,,lead-in under 10 min,False
202606301220,C4.3,C,-5.366532,2026-06-30 12:20:00,2026-06-30 12:34:00,2026-06-30 11:20:00,60.0,True,0.815789,72.333333,True,72.333333,True,72.333333,True,0.0,0.0,0.0,True,0.0,True,0.0,True,0.0,True,72.333333,True,72.333333,True,72.333333,True,0.0,0.0,0.0,True,0.0,True,0.0,True,0.0,True,72.333333,True,72.333333,True,72.333333,True,0.0,0.0,0.0,True,0.0,True,0.0,True,0.0,True,9,0.088512,alert already on (left-censored),False
202606301237,M5.8,M,-4.236572,2026-06-30 12:37:00,2026-06-30 12:57:00,2026-06-30 12:37:00,0.0,False,0.909091,19.333333,True,19.333333,True,19.333333,True,0.0,0.0,0.0,True,0.0,True,0.0,True,0.0,True,19.333333,True,19.333333,True,19.333333,True,0.0,0.0,0.0,True,0.0,True,0.0,True,0.0,True,19.333333,True,19.333333,True,19.333333,True,0.0,0.0,0.0,True,0.0,True,0.0,True,0.0,True,0,,lead-in under 10 min,False
202606301623,C3.2,C,-5.49485,2026-06-30 16:23:00,2026-06-30 16:26:00,2026-06-30 15:23:00,60.0,True,1.0,52.333333,False,58.333333,False,52.333333,False,6.0,0.0,2.0,False,10.0,True,10.0,True,8.0,True,52.333333,False,62.333333,True,54.333333,False,10.0,2.0,10.0,True,10.0,True,10.0,True,8.0,True,52.333333,False,62.333333,True,60.333333,False,10.0,8.0,10.0,True,10.0,True,10.0,True,8.0,True,15,0.214221,alert already on (left-censored),False
202606301639,C5.7,C,-5.244125,2026-06-30 16:39:00,2026-06-30 16:47:00,2026-06-30 16:34:00,5.0,False,0.857143,11.333333,True,11.333333,True,11.333333,True,0.0,0.0,0.0,True,0.0,True,0.0,True,0.0,True,11.333333,True,11.333333,True,11.333333,True,0.0,0.0,0.0,True,0.0,True,0.0,True,0.0,True,11.333333,True,11.333333,True,11.333333,True,0.0,0.0,0.0,True,0.0,True,0.0,True,0.0,True,2,,lead-in under 10 min,False
202606301714,C5.0,C,-5.30103,2026-06-30 17:14:00,2026-06-30 17:26:00,2026-06-30 16:53:00,21.0,False,1.0,32.333333,True,32.333333,True,8.333333,False,0.0,-24.0,-2.0,True,0.0,True,0.0,True,0.0,True,32.333333,True,32.333333,True,8.333333,False,0.0,-24.0,-2.0,True,0.0,True,0.0,True,0.0,True,32.333333,True,32.333333,True,8.333333,False,0.0,-24.0,24.0,False,0.0,True,0.0,True,0.0,True,11,0.123585,alert already on (left-censored),False
202606301831,C4.8,C,-5.318759,2026-06-30 18:31:00,2026-06-30 18:48:00,2026-06-30 17:31:00,60.0,True,1.0,76.333333,True,76.333333,True,76.333333,True,0.0,0.0,0.0,True,0.0,True,0.0,True,0.0,True,76.333333,True,76.333333,True,76.333333,True,0.0,0.0,0.0,True,0.0,True,0.0,True,0.0,True,76.333333,True,76.333333,True,76.333333,True,0.0,0.0,0.0,True,0.0,True,0.0,True,0.0,True,15,0.123908,alert already on (left-censored),False
202606301949,C9.1,C,-5.040959,2026-06-30 19:49:00,2026-06-30 19:58:00,2026-06-30 19:00:00,49.0,False,0.966667,6.333333,False,44.333333,False,36.333333,False,38.0,30.0,38.0,False,50.0,True,20.0,True,2.0,True,6.333333,False,56.333333,True,54.333333,False,50.0,48.0,38.0,False,50.0,True,50.0,True,20.0,True,6.333333,False,56.333333,True,54.333333,False,50.0,48.0,50.0,True,50.0,True,50.0,True,50.0,True,15,0.242395,alert already on (left-censored),False
202606302034,X1.1,X,-3.958607,2026-06-30 20:34:00,2026-06-30 20:50:00,2026-06-30 20:03:00,31.0,False,1.0,46.333333,True,46.333333,True,46.333333,True,0.0,0.0,0.0,True,0.0,True,0.0,True,0.0,True,46.333333,True,46.333333,True,46.333333,True,0.0,0.0,0.0,True,0.0,True,0.0,True,0.0,True,46.333333,True,46.333333,True,10.333333,False,0.0,-36.0,-12.0,True,0.0,True,0.0,True,0.0,True,15,0.131593,alert already on (left-censored),False
202606302306,C5.1,C,-5.29243,2026-06-30 23:06:00,2026-06-30 23:18:00,2026-06-30 22:06:00,60.0,True,0.972973,8.333333,False,58.333333,False,8.333333,False,50.0,0.0,50.0,False,38.0,False,40.0,False,4.0,False,20.333333,False,58.333333,False,8.333333,False,38.0,-12.0,50.0,False,38.0,False,40.0,False,40.0,False,16.333333,False,58.333333,False,8.333333,False,42.0,-8.0,50.0,False,42.0,False,40.0,False,40.0,False,15,0.076139,,True
202607010441,C7.6,C,-5.119186,2026-07-01 04:41:00,2026-07-01 04:56:00,2026-07-01 03:41:00,60.0,True,1.0,60.333333,False,72.333333,False,60.333333,False,12.0,0.0,4.0,False,10.0,True,10.0,True,10.0,True,64.333333,False,74.333333,True,60.333333,False,10.0,-4.0,14.0,False,10.0,True,10.0,True,0.0,True,64.333333,False,74.333333,True,74.333333,True,10.0,10.0,16.0,True,14.0,True,0.0,True,0.0,True,15,0.173681,alert already on (left-censored),False
202607010619,M1.1,M,-4.958607,2026-07-01 06:19:00,2026-07-01 06:27:00,2026-07-01 05:19:00,60.0,True,0.971429,23.333333,False,23.333333,False,23.333333,False,0.0,0.0,0.0,False,0.0,False,30.0,False,34.0,False,23.333333,False,23.333333,False,23.333333,False,0.0,0.0,0.0,False,0.0,False,34.0,False,34.0,False,23.333333,False,57.333333,False,23.333333,False,34.0,0.0,0.0,False,0.0,False,34.0,False,38.0,False,15,0.019378,,True
202607010637,M1.0,M,-5.0,2026-07-01 06:37:00,2026-07-01 06:43:00,2026-07-01 06:30:00,7.0,False,0.857143,3.333333,False,3.333333,False,3.333333,False,0.0,0.0,0.0,False,0.0,False,2.0,False,-6.0,True,3.333333,False,3.333333,False,3.333333,False,0.0,0.0,0.0,False,0.0,False,2.0,False,2.0,False,3.333333,False,5.333333,False,3.333333,False,2.0,0.0,0.0,False,2.0,False,2.0,False,2.0,False,3,,lead-in under 10 min,False
202607010728,M1.5,M,-4.823909,2026-07-01 07:28:00,2026-07-01 07:35:00,2026-07-01 06:47:00,41.0,False,0.96,47.333333,True,47.333333,True,47.333333,True,0.0,0.0,-6.0,True,0.0,True,0.0,True,0.0,True,47.333333,True,47.333333,True,47.333333,True,0.0,0.0,-6.0,True,0.0,True,0.0,True,0.0,True,47.333333,True,47.333333,True,47.333333,True,0.0,0.0,-6.0,True,0.0,True,0.0,True,0.0,True,15,0.083931,alert already on (left-censored),False
202607010807,M2.5,M,-4.60206,2026-07-01 08:07:00,2026-07-01 08:17:00,2026-07-01 07:38:00,29.0,False,0.95,17.333333,False,13.333333,False,5.333333,False,-4.0,-12.0,0.0,False,10.0,False,2.0,False,2.0,False,17.333333,False,27.333333,False,25.333333,False,10.0,8.0,0.0,False,10.0,False,2.0,False,8.0,False,17.333333,False,31.333333,False,27.333333,False,14.0,10.0,0.0,False,10.0,False,16.0,False,10.0,True,14,0.040861,,True
202607010845,C4.3,C,-5.366532,2026-07-01 08:45:00,2026-07-01 08:54:00,2026-07-01 08:20:00,25.0,False,0.944444,4.333333,False,8.333333,False,8.333333,False,4.0,4.0,4.0,False,-10.0,False,-6.0,False,-8.0,True,22.333333,False,12.333333,False,12.333333,False,-10.0,-10.0,4.0,False,-10.0,False,0.0,False,0.0,False,22.333333,False,22.333333,False,22.333333,False,0.0,0.0,0.0,False,18.0,False,6.0,False,6.0,False,12,0.013028,,True
202607011004,M1.3,M,-4.886057,2026-07-01 10:04:00,2026-07-01 10:08:00,2026-07-01 09:27:00,37.0,False,1.0,22.333333,False,22.333333,False,22.333333,False,0.0,0.0,0.0,False,0.0,False,4.0,False,18.0,True,22.333333,False,22.333333,False,22.333333,False,0.0,0.0,0.0,False,0.0,False,12.0,False,18.0,True,22.333333,False,22.333333,False,22.333333,False,0.0,0.0,0.0,False,0.0,False,4.0,False,18.0,True,15,0.030051,,True
202607011422,M1.1,M,-4.958607,2026-07-01 14:22:00,2026-07-01 14:31:00,2026-07-01 13:22:00,60.0,True,0.971429,5.333333,False,67.333333,True,5.333333,False,62.0,0.0,34.0,False,62.0,True,62.0,True,62.0,True,5.333333,False,67.333333,True,9.333333,False,62.0,4.0,38.0,False,62.0,True,62.0,True,62.0,True,1.333333,False,67.333333,True,5.333333,False,66.0,4.0,38.0,False,66.0,True,66.0,True,64.0,True,15,0.170103,alert already on (left-censored),False
202607011439,M2.6,M,-4.585027,2026-07-01 14:39:00,2026-07-01 14:54:00,2026-07-01 14:36:00,3.0,False,0.9,16.333333,True,16.333333,True,16.333333,True,0.0,0.0,2.0,False,0.0,True,0.0,True,0.0,True,16.333333,True,16.333333,True,16.333333,True,0.0,0.0,2.0,False,0.0,True,0.0,True,0.0,True,10.333333,False,16.333333,True,12.333333,False,6.0,2.0,2.0,False,6.0,True,6.0,True,0.0,True,1,,lead-in under 10 min,False
202607011705,C8.2,C,-5.086186,2026-07-01 17:05:00,2026-07-01 17:12:00,2026-07-01 16:05:00,60.0,True,1.0,60.333333,False,60.333333,False,60.333333,False,0.0,0.0,0.0,False,-2.0,False,-4.0,False,-4.0,True,66.333333,True,60.333333,False,60.333333,False,-6.0,-6.0,0.0,False,-4.0,False,-4.0,True,0.0,True,66.333333,True,60.333333,False,60.333333,False,-6.0,-6.0,-2.0,False,-6.0,True,0.0,True,0.0,True,15,0.04205,alert already on (left-censored),False
202607011844,M3.5,M,-4.455932,2026-07-01 18:44:00,2026-07-01 19:43:00,2026-07-01 17:44:00,60.0,True,0.983333,65.333333,False,83.333333,False,65.333333,False,18.0,0.0,18.0,False,38.0,False,48.0,False,48.0,False,65.333333,False,103.333333,False,65.333333,False,38.0,0.0,18.0,False,38.0,False,48.0,False,52.0,True,53.333333,False,113.333333,False,65.333333,False,60.0,12.0,30.0,False,48.0,False,50.0,False,52.0,True,15,0.117513,,True
202607012015,M1.8,M,-4.744727,2026-07-01 20:15:00,2026-07-01 20:22:00,2026-07-01 19:55:00,20.0,False,1.0,26.333333,True,26.333333,True,26.333333,True,0.0,0.0,0.0,True,0.0,True,0.0,True,0.0,True,26.333333,True,26.333333,True,26.333333,True,0.0,0.0,0.0,True,0.0,True,0.0,True,0.0,True,26.333333,True,26.333333,True,26.333333,True,0.0,0.0,0.0,True,0.0,True,0.0,True,0.0,True,10,-0.02514,alert already on (left-censored),False
202607012257,M8.5,M,-4.070581,2026-07-01 22:57:00,2026-07-01 23:09:00,2026-07-01 21:57:00,60.0,True,0.972973,67.333333,False,69.333333,False,65.333333,False,2.0,-2.0,4.0,False,4.0,True,4.0,True,4.0,True,67.333333,False,71.333333,True,65.333333,False,4.0,-2.0,4.0,False,4.0,True,4.0,True,4.0,True,65.333333,False,71.333333,True,65.333333,False,6.0,0.0,4.0,False,6.0,True,6.0,True,6.0,True,15,0.150741,alert already on (left-censored),False
202607012349,M1.1,M,-4.958607,2026-07-01 23:49:00,2026-07-02 00:02:00,2026-07-01 23:13:00,36.0,False,1.0,48.333333,True,48.333333,True,6.333333,False,0.0,-42.0,-40.0,True,0.0,True,0.0,True,0.0,True,48.333333,True,48.333333,True,6.333333,False,0.0,-42.0,0.0,False,0.0,True,0.0,True,0.0,True,6.333333,False,48.333333,True,6.333333,False,42.0,0.0,0.0,False,2.0,False,42.0,True,0.0,True,15,-0.02375,alert already on (left-censored),False
202607020137,M4.2,M,-4.376751,2026-07-02 01:37:00,2026-07-02 01:56:00,2026-07-02 00:37:00,60.0,True,1.0,32.333333,False,32.333333,False,32.333333,False,0.0,0.0,18.0,False,-44.0,False,-46.0,True,-44.0,True,78.333333,True,32.333333,False,32.333333,False,-46.0,-46.0,0.0,False,-46.0,True,-46.0,True,-18.0,True,78.333333,True,32.333333,False,32.333333,False,-46.0,-46.0,0.0,False,-46.0,True,-46.0,True,-18.0,True,15,-0.022148,alert already on (left-censored),False
202607020407,C8.6,C,-5.065502,2026-07-02 04:07:00,2026-07-02 04:15:00,2026-07-02 03:07:00,60.0,True,0.971429,25.333333,False,25.333333,False,25.333333,False,0.0,0.0,0.0,False,16.0,False,30.0,False,12.0,False,25.333333,False,55.333333,False,25.333333,False,30.0,0.0,0.0,False,30.0,False,36.0,False,42.0,True,25.333333,False,53.333333,False,25.333333,False,28.0,0.0,0.0,False,0.0,False,36.0,False,42.0,True,15,0.042742,,True
202607020455,C8.5,C,-5.070581,2026-07-02 04:55:00,2026-07-02 05:01:00,2026-07-02 04:22:00,33.0,False,0.95,15.333333,False,17.333333,False,15.333333,False,2.0,0.0,0.0,False,2.0,False,-12.0,True,0.0,True,15.333333,False,27.333333,False,15.333333,False,12.0,0.0,2.0,False,12.0,False,-6.0,True,0.0,True,15.333333,False,31.333333,False,15.333333,False,16.0,0.0,14.0,False,14.0,False,18.0,False,0.0,True,15,0.077573,,True
202607020602,C5.6,C,-5.251812,2026-07-02 06:02:00,2026-07-02 06:09:00,2026-07-02 05:06:00,56.0,False,0.96875,55.333333,False,55.333333,False,55.333333,False,0.0,0.0,10.0,False,0.0,False,2.0,False,6.0,True,55.333333,False,57.333333,False,55.333333,False,2.0,0.0,10.0,False,2.0,False,6.0,True,6.0,True,55.333333,False,61.333333,True,57.333333,False,6.0,2.0,10.0,False,6.0,True,6.0,True,6.0,True,15,0.089309,alert already on (left-censored),False
202607020714,C6.3,C,-5.200659,2026-07-02 07:14:00,2026-07-02 07:22:00,2026-07-02 06:14:00,60.0,True,0.971429,60.333333,False,60.333333,False,60.333333,False,0.0,0.0,34.0,False,4.0,False,6.0,True,0.0,True,60.333333,False,66.333333,True,64.333333,False,6.0,4.0,56.0,False,6.0,True,2.0,True,0.0,True,60.333333,False,66.333333,True,66.333333,True,6.0,6.0,64.0,True,6.0,True,6.0,True,2.0,True,15,0.1089,alert already on (left-censored),False
202607021021,M2.8,M,-4.552842,2026-07-02 10:21:00,2026-07-02 10:26:00,2026-07-02 09:21:00,60.0,True,1.0,64.333333,True,64.333333,True,64.333333,True,0.0,0.0,0.0,True,0.0,True,0.0,True,0.0,True,64.333333,True,64.333333,True,64.333333,True,0.0,0.0,0.0,True,0.0,True,0.0,True,0.0,True,64.333333,True,64.333333,True,64.333333,True,0.0,0.0,0.0,True,0.0,True,0.0,True,0.0,True,15,0.028883,alert already on (left-censored),False
202607022303,M1.2,M,-4.920819,2026-07-02 23:03:00,2026-07-02 23:12:00,2026-07-02 22:03:00,60.0,True,1.0,68.333333,True,68.333333,True,68.333333,True,0.0,0.0,0.0,True,0.0,True,0.0,True,0.0,True,68.333333,True,68.333333,True,68.333333,True,0.0,0.0,0.0,True,0.0,True,0.0,True,0.0,True,68.333333,True,68.333333,True,68.333333,True,0.0,0.0,0.0,True,0.0,True,0.0,True,0.0,True,15,0.068425,alert already on (left-censored),False
202607030041,C4.3,C,-5.366532,2026-07-03 00:41:00,2026-07-03 00:47:00,2026-07-02 23:41:00,60.0,True,0.941176,57.333333,False,5.333333,False,5.333333,False,-52.0,-52.0,0.0,False,-52.0,False,0.0,False,4.0,False,57.333333,False,5.333333,False,5.333333,False,-52.0,-52.0,0.0,False,0.0,False,4.0,False,4.0,False,5.333333,False,5.333333,False,5.333333,False,0.0,0.0,0.0,False,0.0,False,56.0,False,56.0,False,15,-0.020399,,True
202607030221,C4.1,C,-5.387216,2026-07-03 02:21:00,2026-07-03 02:35:00,2026-07-03 01:21:00,60.0,True,0.973684,71.333333,False,71.333333,False,71.333333,False,0.0,0.0,-12.0,False,0.0,False,0.0,False,2.0,True,71.333333,False,71.333333,False,71.333333,False,0.0,0.0,-12.0,False,0.0,False,2.0,True,2.0,True,71.333333,False,73.333333,True,73.333333,True,2.0,2.0,52.0,False,2.0,True,2.0,True,2.0,True,15,0.102481,alert already on (left-censored),False
202607030241,C4.3,C,-5.366532,2026-07-03 02:41:00,2026-07-03 02:48:00,2026-07-03 02:41:00,0.0,False,1.0,6.333333,True,6.333333,True,6.333333,True,0.0,0.0,0.0,True,0.0,True,0.0,True,0.0,True,6.333333,True,6.333333,True,6.333333,True,0.0,0.0,0.0,True,0.0,True,0.0,True,0.0,True,6.333333,True,6.333333,True,6.333333,True,0.0,0.0,0.0,True,0.0,True,0.0,True,0.0,True,0,,lead-in under 10 min,False
202607031303,M1.4,M,-4.853872,2026-07-03 13:03:00,2026-07-03 13:13:00,2026-07-03 12:03:00,60.0,True,0.861111,57.333333,False,57.333333,False,57.333333,False,0.0,0.0,0.0,False,-4.0,True,-2.0,True,0.0,True,61.333333,True,59.333333,False,61.333333,True,-2.0,0.0,-4.0,True,-2.0,True,0.0,True,0.0,True,61.333333,True,61.333333,True,61.333333,True,0.0,0.0,-4.0,True,0.0,True,0.0,True,0.0,True,15,0.104153,alert already on (left-censored),False
202607031416,C5.7,C,-5.244125,2026-07-03 14:16:00,2026-07-03 14:24:00,2026-07-03 13:16:00,60.0,True,0.971429,66.333333,True,66.333333,True,66.333333,True,0.0,0.0,0.0,True,0.0,True,0.0,True,0.0,True,66.333333,True,66.333333,True,66.333333,True,0.0,0.0,0.0,True,0.0,True,0.0,True,0.0,True,66.333333,True,66.333333,True,66.333333,True,0.0,0.0,0.0,True,0.0,True,0.0,True,0.0,True,15,0.12658,alert already on (left-censored),False
202607031426,C6.3,C,-5.200659,2026-07-03 14:26:00,2026-07-03 14:33:00,2026-07-03 14:26:00,0.0,False,0.75,5.333333,True,5.333333,True,5.333333,True,0.0,0.0,0.0,True,0.0,True,0.0,True,0.0,True,5.333333,True,5.333333,True,5.333333,True,0.0,0.0,0.0,True,0.0,True,0.0,True,0.0,True,5.333333,True,5.333333,True,5.333333,True,0.0,0.0,0.0,True,0.0,True,0.0,True,0.0,True,0,,lead-in under 10 min,False
202607031456,C5.8,C,-5.236572,2026-07-03 14:56:00,2026-07-03 15:01:00,2026-07-03 14:35:00,21.0,False,0.928571,25.333333,True,25.333333,True,25.333333,True,0.0,0.0,0.0,True,0.0,True,0.0,True,0.0,True,25.333333,True,25.333333,True,25.333333,True,0.0,0.0,0.0,True,0.0,True,0.0,True,0.0,True,25.333333,True,25.333333,True,25.333333,True,0.0,0.0,0.0,True,0.0,True,0.0,True,0.0,True,11,0.152187,alert already on (left-censored),False
202607031632,C6.5,C,-5.187087,2026-07-03 16:32:00,2026-07-03 16:51:00,2026-07-03 15:32:00,60.0,True,0.975,63.333333,False,77.333333,True,63.333333,False,14.0,0.0,14.0,True,14.0,True,0.0,True,0.0,True,77.333333,True,77.333333,True,77.333333,True,0.0,0.0,14.0,True,0.0,True,0.0,True,0.0,True,77.333333,True,77.333333,True,77.333333,True,0.0,0.0,0.0,True,0.0,True,0.0,True,0.0,True,15,0.242772,alert already on (left-censored),False
202607031731,C6.3,C,-5.200659,2026-07-03 17:31:00,2026-07-03 17:36:00,2026-07-03 17:11:00,20.0,False,1.0,12.333333,False,24.333333,True,24.333333,True,12.0,12.0,22.0,True,12.0,True,12.0,True,12.0,True,2.333333,False,24.333333,True,24.333333,True,22.0,22.0,22.0,True,22.0,True,12.0,True,12.0,True,2.333333,False,24.333333,True,24.333333,True,22.0,22.0,24.0,True,22.0,True,22.0,True,22.0,True,10,0.143713,alert already on (left-censored),False
202607031749,M6.7,M,-4.173925,2026-07-03 17:49:00,2026-07-03 18:11:00,2026-07-03 17:41:00,8.0,False,0.9375,29.333333,True,29.333333,True,29.333333,True,0.0,0.0,0.0,True,0.0,True,0.0,True,0.0,True,29.333333,True,29.333333,True,29.333333,True,0.0,0.0,0.0,True,0.0,True,0.0,True,0.0,True,29.333333,True,29.333333,True,29.333333,True,0.0,0.0,14.0,True,0.0,True,0.0,True,0.0,True,4,,lead-in under 10 min,False
202607031857,M6.3,M,-4.200659,2026-07-03 18:57:00,2026-07-03 18:59:00,2026-07-03 18:32:00,25.0,False,0.857143,1.333333,False,25.333333,True,25.333333,True,24.0,24.0,24.0,True,24.0,True,0.0,True,0.0,True,1.333333,False,25.333333,True,25.333333,True,24.0,24.0,24.0,True,24.0,True,24.0,True,24.0,True,1.333333,False,25.333333,True,25.333333,True,24.0,24.0,24.0,True,24.0,True,24.0,True,24.0,True,11,-0.012179,alert already on (left-censored),False
202607031959,M1.5,M,-4.823909,2026-07-03 19:59:00,2026-07-03 20:08:00,2026-07-03 19:03:00,56.0,False,1.0,64.333333,True,64.333333,True,64.333333,True,0.0,0.0,0.0,True,0.0,True,0.0,True,0.0,True,64.333333,True,64.333333,True,64.333333,True,0.0,0.0,0.0,True,0.0,True,0.0,True,0.0,True,64.333333,True,64.333333,True,54.333333,False,0.0,-10.0,0.0,True,0.0,True,0.0,True,0.0,True,15,-0.134158,alert already on (left-censored),False
202607032227,C8.4,C,-5.075721,2026-07-03 22:27:00,2026-07-03 22:35:00,2026-07-03 21:27:00,60.0,True,0.971429,17.333333,False,63.333333,False,5.333333,False,46.0,-12.0,0.0,False,46.0,False,44.0,False,38.0,True,19.333333,False,63.333333,False,17.333333,False,44.0,-2.0,0.0,False,44.0,False,44.0,False,42.0,True,21.333333,False,63.333333,False,17.333333,False,42.0,-4.0,6.0,False,42.0,False,42.0,True,42.0,True,15,0.040039,,True
202607032350,M2.0,M,-4.69897,2026-07-03 23:50:00,2026-07-04 00:00:00,2026-07-03 22:50:00,60.0,True,0.972222,18.333333,False,20.333333,False,6.333333,False,2.0,-12.0,12.0,False,48.0,False,36.0,True,10.0,True,18.333333,False,68.333333,True,6.333333,False,50.0,-12.0,54.0,False,62.0,True,50.0,True,10.0,True,4.333333,False,68.333333,True,58.333333,False,64.0,54.0,62.0,False,64.0,True,64.0,True,10.0,True,15,0.079803,alert already on (left-censored),False
202607040013,M2.3,M,-4.638272,2026-07-04 00:13:00,2026-07-04 00:23:00,2026-07-04 00:05:00,8.0,False,0.9,17.333333,True,17.333333,True,17.333333,True,0.0,0.0,0.0,True,0.0,True,0.0,True,0.0,True,17.333333,True,17.333333,True,17.333333,True,0.0,0.0,0.0,True,0.0,True,0.0,True,0.0,True,17.333333,True,17.333333,True,17.333333,True,0.0,0.0,0.0,True,0.0,True,0.0,True,0.0,True,4,,lead-in under 10 min,False
202607040059,M2.1,M,-4.677781,2026-07-04 00:59:00,2026-07-04 01:13:00,2026-07-04 00:32:00,27.0,False,0.952381,7.333333,False,39.333333,True,39.333333,True,32.0,32.0,32.0,True,32.0,True,0.0,True,0.0,True,7.333333,False,39.333333,True,39.333333,True,32.0,32.0,32.0,True,32.0,True,32.0,True,32.0,True,7.333333,False,39.333333,True,39.333333,True,32.0,32.0,32.0,True,32.0,True,32.0,True,32.0,True,13,0.061954,alert already on (left-censored),False
202607040152,M1.2,M,-4.920819,2026-07-04 01:52:00,2026-07-04 02:01:00,2026-07-04 01:21:00,31.0,False,0.952381,39.333333,True,39.333333,True,39.333333,True,0.0,0.0,0.0,True,0.0,True,0.0,True,0.0,True,39.333333,True,39.333333,True,39.333333,True,0.0,0.0,0.0,True,0.0,True,0.0,True,0.0,True,39.333333,True,39.333333,True,39.333333,True,0.0,0.0,0.0,True,0.0,True,0.0,True,0.0,True,15,0.047698,alert already on (left-censored),False
202607040321,M3.7,M,-4.431798,2026-07-04 03:21:00,2026-07-04 03:32:00,2026-07-04 02:21:00,60.0,True,1.0,66.333333,False,68.333333,False,66.333333,False,2.0,0.0,0.0,False,2.0,False,2.0,False,2.0,False,66.333333,False,68.333333,False,66.333333,False,2.0,0.0,2.0,False,2.0,False,4.0,True,4.0,True,66.333333,False,70.333333,True,66.333333,False,4.0,0.0,24.0,False,4.0,True,4.0,True,4.0,True,15,-0.146327,alert already on (left-censored),False
202607040504,M1.3,M,-4.886057,2026-07-04 05:04:00,2026-07-04 05:15:00,2026-07-04 04:04:00,60.0,True,0.972222,37.333333,False,59.333333,False,33.333333,False,22.0,-4.0,0.0,False,26.0,False,26.0,False,26.0,False,37.333333,False,63.333333,False,33.333333,False,26.0,-4.0,26.0,False,26.0,False,32.0,True,32.0,True,33.333333,False,69.333333,True,33.333333,False,36.0,0.0,28.0,False,36.0,True,36.0,True,32.0,True,15,0.029959,alert already on (left-censored),False
202607040543,C9.5,C,-5.022276,2026-07-04 05:43:00,2026-07-04 05:52:00,2026-07-04 05:22:00,21.0,False,0.9375,18.333333,False,18.333333,False,18.333333,False,0.0,0.0,14.0,False,2.0,False,-6.0,True,-6.0,True,18.333333,False,22.333333,False,18.333333,False,4.0,0.0,14.0,False,4.0,False,4.0,False,0.0,True,18.333333,False,22.333333,False,18.333333,False,4.0,0.0,14.0,False,18.0,False,4.0,False,4.0,False,10,0.058491,,True
202607040612,C7.4,C,-5.130768,2026-07-04 06:12:00,2026-07-04 06:20:00,2026-07-04 05:59:00,13.0,False,1.0,20.333333,True,20.333333,True,20.333333,True,0.0,0.0,0.0,True,0.0,True,0.0,True,0.0,True,20.333333,True,20.333333,True,20.333333,True,0.0,0.0,14.0,True,0.0,True,0.0,True,0.0,True,6.333333,False,20.333333,True,20.333333,True,14.0,14.0,16.0,True,14.0,True,0.0,True,0.0,True,7,0.05771,alert already on (left-censored),False
202607040726,C5.3,C,-5.275724,2026-07-04 07:26:00,2026-07-04 07:42:00,2026-07-04 06:35:00,51.0,False,1.0,54.333333,False,66.333333,True,66.333333,True,12.0,12.0,28.0,False,6.0,True,2.0,True,0.0,True,60.333333,False,66.333333,True,66.333333,True,6.0,6.0,24.0,False,12.0,True,2.0,True,2.0,True,54.333333,False,66.333333,True,66.333333,True,12.0,12.0,24.0,False,12.0,True,2.0,True,2.0,True,15,0.067752,alert already on (left-censored),False
202607040748,M1.8,M,-4.744727,2026-07-04 07:48:00,2026-07-04 08:07:00,2026-07-04 07:48:00,0.0,False,0.9,17.333333,True,17.333333,True,17.333333,True,0.0,0.0,0.0,True,0.0,True,0.0,True,0.0,True,17.333333,True,17.333333,True,17.333333,True,0.0,0.0,0.0,True,0.0,True,0.0,True,0.0,True,17.333333,True,17.333333,True,17.333333,True,0.0,0.0,0.0,True,0.0,True,0.0,True,0.0,True,0,,lead-in under 10 min,False
202607040841,M1.0,M,-5.0,2026-07-04 08:41:00,2026-07-04 08:52:00,2026-07-04 08:14:00,27.0,False,0.95,28.333333,False,28.333333,False,24.333333,False,0.0,-4.0,4.0,False,0.0,False,0.0,False,2.0,False,28.333333,False,28.333333,False,28.333333,False,0.0,0.0,4.0,False,0.0,False,2.0,False,4.0,False,28.333333,False,30.333333,False,28.333333,False,2.0,0.0,12.0,False,2.0,False,4.0,False,6.0,False,13,0.100339,,True
202607041104,M3.2,M,-4.49485,2026-07-04 11:04:00,2026-07-04 11:12:00,2026-07-04 10:04:00,60.0,True,0.971429,64.333333,False,66.333333,True,64.333333,False,2.0,0.0,2.0,True,2.0,True,2.0,True,2.0,True,64.333333,False,66.333333,True,64.333333,False,2.0,0.0,2.0,True,2.0,True,2.0,True,2.0,True,64.333333,False,66.333333,True,64.333333,False,2.0,0.0,2.0,True,2.0,True,2.0,True,2.0,True,15,0.173102,alert already on (left-censored),False
202607041341,M3.2,M,-4.49485,2026-07-04 13:41:00,2026-07-04 13:51:00,2026-07-04 12:41:00,60.0,True,0.972222,69.333333,True,69.333333,True,21.333333,False,0.0,-48.0,46.0,False,0.0,True,0.0,True,0.0,True,31.333333,False,69.333333,True,69.333333,True,38.0,38.0,40.0,False,38.0,True,0.0,True,0.0,True,33.333333,False,69.333333,True,69.333333,True,36.0,36.0,40.0,False,36.0,True,34.0,True,32.0,True,15,0.095589,alert already on (left-censored),False
202607041426,C8.3,C,-5.080922,2026-07-04 14:26:00,2026-07-04 14:30:00,2026-07-04 13:58:00,28.0,False,0.941176,0.333333,False,30.333333,True,0.333333,False,30.0,0.0,2.0,False,30.0,True,30.0,True,28.0,True,0.333333,False,30.333333,True,0.333333,False,30.0,0.0,2.0,False,30.0,True,30.0,True,30.0,True,0.333333,False,18.333333,False,0.333333,False,18.0,0.0,0.0,False,2.0,False,30.0,True,30.0,True,14,0.015972,,True
202607041435,C8.4,C,-5.075721,2026-07-04 14:35:00,2026-07-04 14:38:00,2026-07-04 14:35:00,0.0,False,1.0,2.333333,True,2.333333,True,2.333333,True,0.0,0.0,0.0,True,0.0,True,0.0,True,0.0,True,2.333333,True,2.333333,True,2.333333,True,0.0,0.0,0.0,True,0.0,True,0.0,True,0.0,True,2.333333,True,2.333333,True,2.333333,True,0.0,0.0,-2.0,True,0.0,True,0.0,True,0.0,True,0,,lead-in under 10 min,False
202607041526,C8.0,C,-5.09691,2026-07-04 15:26:00,2026-07-04 15:34:00,2026-07-04 14:41:00,45.0,False,1.0,6.333333,False,20.333333,False,52.333333,True,14.0,46.0,6.0,False,14.0,False,46.0,True,0.0,True,6.333333,False,40.333333,False,52.333333,True,34.0,46.0,6.0,False,38.0,False,46.0,True,46.0,True,2.333333,False,40.333333,False,8.333333,False,38.0,6.0,6.0,False,38.0,False,50.0,True,50.0,True,15,0.056532,,True
202607041602,M1.1,M,-4.958607,2026-07-04 16:02:00,2026-07-04 16:06:00,2026-07-04 15:51:00,11.0,False,1.0,2.333333,False,2.333333,False,2.333333,False,0.0,0.0,0.0,False,2.0,False,12.0,True,12.0,True,2.333333,False,14.333333,True,4.333333,False,12.0,2.0,0.0,False,12.0,True,12.0,True,12.0,True,2.333333,False,14.333333,True,14.333333,True,12.0,12.0,10.0,False,12.0,True,12.0,True,10.0,True,6,0.132107,alert already on (left-censored),False
202607041656,C7.5,C,-5.124939,2026-07-04 16:56:00,2026-07-04 17:02:00,2026-07-04 16:11:00,45.0,False,1.0,50.333333,True,50.333333,True,50.333333,True,0.0,0.0,0.0,True,0.0,True,0.0,True,0.0,True,50.333333,True,50.333333,True,50.333333,True,0.0,0.0,0.0,True,0.0,True,0.0,True,0.0,True,50.333333,True,50.333333,True,50.333333,True,0.0,0.0,0.0,True,0.0,True,0.0,True,0.0,True,15,0.133599,alert already on (left-censored),False
202607041837,M1.9,M,-4.721246,2026-07-04 18:37:00,2026-07-04 18:48:00,2026-07-04 17:37:00,60.0,True,0.972222,64.333333,False,70.333333,True,68.333333,False,6.0,4.0,4.0,False,2.0,True,0.0,True,0.0,True,68.333333,False,70.333333,True,70.333333,True,2.0,2.0,16.0,True,2.0,True,0.0,True,0.0,True,68.333333,False,70.333333,True,70.333333,True,2.0,2.0,16.0,True,6.0,True,0.0,True,0.0,True,14,0.15151,alert already on (left-censored),False
202607041923,M1.5,M,-4.823909,2026-07-04 19:23:00,2026-07-04 19:36:00,2026-07-04 19:03:00,20.0,False,1.0,10.333333,False,32.333333,True,10.333333,False,22.0,0.0,2.0,False,0.0,True,0.0,True,0.0,True,12.333333,False,32.333333,True,12.333333,False,20.0,0.0,22.0,True,20.0,True,0.0,True,0.0,True,12.333333,False,32.333333,True,22.333333,False,20.0,10.0,4.0,False,22.0,True,18.0,True,0.0,True,10,0.059844,alert already on (left-censored),False
202607042029,X1.2,X,-3.920819,2026-07-04 20:29:00,2026-07-04 20:41:00,2026-07-04 19:40:00,49.0,False,0.967742,53.333333,False,51.333333,False,51.333333,False,-2.0,-2.0,-2.0,False,-4.0,True,-2.0,True,-2.0,True,59.333333,True,55.333333,False,55.333333,False,-4.0,-4.0,-2.0,False,-4.0,True,-2.0,True,0.0,True,59.333333,True,57.333333,False,55.333333,False,-2.0,-4.0,2.0,False,-2.0,True,0.0,True,0.0,True,15,0.000119,alert already on (left-censored),False
202607042216,M1.1,M,-4.958607,2026-07-04 22:16:00,2026-07-04 22:24:00,2026-07-04 21:16:00,60.0,True,0.942857,66.333333,True,66.333333,True,66.333333,True,0.0,0.0,0.0,True,0.0,True,0.0,True,0.0,True,66.333333,True,66.333333,True,66.333333,True,0.0,0.0,0.0,True,0.0,True,0.0,True,0.0,True,66.333333,True,66.333333,True,66.333333,True,0.0,0.0,0.0,True,0.0,True,0.0,True,0.0,True,14,-0.045713,alert already on (left-censored),False
202607042332,C9.3,C,-5.031517,2026-07-04 23:32:00,2026-07-04 23:41:00,2026-07-04 22:32:00,60.0,True,0.942857,51.333333,False,51.333333,False,51.333333,False,0.0,0.0,46.0,False,0.0,False,12.0,False,12.0,False,51.333333,False,63.333333,False,63.333333,False,12.0,12.0,46.0,False,12.0,False,12.0,False,12.0,False,15.333333,False,63.333333,False,63.333333,False,48.0,48.0,46.0,False,58.0,False,12.0,False,10.0,True,15,0.042404,,True
202607050024,M1.3,M,-4.886057,2026-07-05 00:24:00,2026-07-05 00:31:00,2026-07-04 23:44:00,40.0,False,0.916667,45.333333,True,45.333333,True,45.333333,True,0.0,0.0,0.0,True,0.0,True,0.0,True,0.0,True,45.333333,True,45.333333,True,45.333333,True,0.0,0.0,0.0,True,0.0,True,0.0,True,0.0,True,45.333333,True,45.333333,True,45.333333,True,0.0,0.0,0.0,True,0.0,True,0.0,True,0.0,True,14,0.067092,alert already on (left-censored),False
202607050109,C8.3,C,-5.080922,2026-07-05 01:09:00,2026-07-05 01:21:00,2026-07-05 00:36:00,33.0,False,0.913043,15.333333,False,15.333333,False,15.333333,False,0.0,0.0,2.0,False,-26.0,True,-8.0,True,0.0,True,43.333333,True,35.333333,False,35.333333,False,-8.0,-8.0,2.0,False,20.0,False,-6.0,True,0.0,True,9.333333,False,37.333333,False,37.333333,False,28.0,28.0,0.0,False,28.0,False,26.0,False,0.0,True,15,0.044159,,True
202607050316,C4.1,C,-5.387216,2026-07-05 03:16:00,2026-07-05 03:24:00,2026-07-05 02:16:00,60.0,True,0.0,0.0,False,0.0,False,0.0,False,0.0,0.0,0.0,False,0.0,False,0.0,False,0.0,False,0.0,False,0.0,False,0.0,False,0.0,0.0,0.0,False,0.0,False,0.0,False,0.0,False,0.0,False,0.0,False,0.0,False,0.0,0.0,0.0,False,0.0,False,0.0,False,0.0,False,0,,common coverage under 80%,False
202607050419,M1.3,M,-4.886057,2026-07-05 04:19:00,2026-07-05 04:32:00,2026-07-05 03:32:00,47.0,False,0.0,0.0,False,0.0,False,0.0,False,0.0,0.0,0.0,False,0.0,False,0.0,False,0.0,False,0.0,False,0.0,False,0.0,False,0.0,0.0,0.0,False,0.0,False,0.0,False,0.0,False,0.0,False,0.0,False,0.0,False,0.0,0.0,0.0,False,0.0,False,0.0,False,0.0,False,0,,common coverage under 80%,False
202607050441,M1.0,M,-5.0,2026-07-05 04:41:00,2026-07-05 04:47:00,2026-07-05 04:39:00,2.0,False,0.0,0.0,False,0.0,False,0.0,False,0.0,0.0,0.0,False,0.0,False,0.0,False,0.0,False,0.0,False,0.0,False,0.0,False,0.0,0.0,0.0,False,0.0,False,0.0,False,0.0,False,0.0,False,0.0,False,0.0,False,0.0,0.0,0.0,False,0.0,False,0.0,False,0.0,False,0,,lead-in under 10 min,False
202607050521,M2.7,M,-4.568636,2026-07-05 05:21:00,2026-07-05 05:39:00,2026-07-05 04:52:00,29.0,False,0.0,0.0,False,0.0,False,0.0,False,0.0,0.0,0.0,False,0.0,False,0.0,False,0.0,False,0.0,False,0.0,False,0.0,False,0.0,0.0,0.0,False,0.0,False,0.0,False,0.0,False,0.0,False,0.0,False,0.0,False,0.0,0.0,0.0,False,0.0,False,0.0,False,0.0,False,0,,common coverage under 80%,False
202607050610,C7.8,C,-5.107905,2026-07-05 06:10:00,2026-07-05 06:19:00,2026-07-05 05:49:00,21.0,False,0.0,0.0,False,0.0,False,0.0,False,0.0,0.0,0.0,False,0.0,False,0.0,False,0.0,False,0.0,False,0.0,False,0.0,False,0.0,0.0,0.0,False,0.0,False,0.0,False,0.0,False,0.0,False,0.0,False,0.0,False,0.0,0.0,0.0,False,0.0,False,0.0,False,0.0,False,0,,common coverage under 80%,False
202607050711,C7.7,C,-5.113509,2026-07-05 07:11:00,2026-07-05 07:15:00,2026-07-05 06:24:00,47.0,False,0.0,0.0,False,0.0,False,0.0,False,0.0,0.0,0.0,False,0.0,False,0.0,False,0.0,False,0.0,False,0.0,False,0.0,False,0.0,0.0,0.0,False,0.0,False,0.0,False,0.0,False,0.0,False,0.0,False,0.0,False,0.0,0.0,0.0,False,0.0,False,0.0,False,0.0,False,0,,common coverage under 80%,False
202607050721,C9.9,C,-5.004365,2026-07-05 07:21:00,2026-07-05 07:26:00,2026-07-05 07:17:00,4.0,False,0.0,0.0,False,0.0,False,0.0,False,0.0,0.0,0.0,False,0.0,False,0.0,False,0.0,False,0.0,False,0.0,False,0.0,False,0.0,0.0,0.0,False,0.0,False,0.0,False,0.0,False,0.0,False,0.0,False,0.0,False,0.0,0.0,0.0,False,0.0,False,0.0,False,0.0,False,0,,lead-in under 10 min,False
202607050820,C4.2,C,-5.376751,2026-07-05 08:20:00,2026-07-05 08:26:00,2026-07-05 07:31:00,49.0,False,0.0,0.0,False,0.0,False,0.0,False,0.0,0.0,0.0,False,0.0,False,0.0,False,0.0,False,0.0,False,0.0,False,0.0,False,0.0,0.0,0.0,False,0.0,False,0.0,False,0.0,False,0.0,False,0.0,False,0.0,False,0.0,0.0,0.0,False,0.0,False,0.0,False,0.0,False,0,,common coverage under 80%,False
202607050849,C5.7,C,-5.244125,2026-07-05 08:49:00,2026-07-05 08:59:00,2026-07-05 08:31:00,18.0,False,0.0,0.0,False,0.0,False,0.0,False,0.0,0.0,0.0,False,0.0,False,0.0,False,0.0,False,0.0,False,0.0,False,0.0,False,0.0,0.0,0.0,False,0.0,False,0.0,False,0.0,False,0.0,False,0.0,False,0.0,False,0.0,0.0,0.0,False,0.0,False,0.0,False,0.0,False,0,,common coverage under 80%,False
202607050915,C6.0,C,-5.221849,2026-07-05 09:15:00,2026-07-05 09:26:00,2026-07-05 09:04:00,11.0,False,0.0,0.0,False,0.0,False,0.0,False,0.0,0.0,0.0,False,0.0,False,0.0,False,0.0,False,0.0,False,0.0,False,0.0,False,0.0,0.0,0.0,False,0.0,False,0.0,False,0.0,False,0.0,False,0.0,False,0.0,False,0.0,0.0,0.0,False,0.0,False,0.0,False,0.0,False,0,,common coverage under 80%,False
202607051041,C5.2,C,-5.283997,2026-07-05 10:41:00,2026-07-05 10:53:00,2026-07-05 09:41:00,60.0,True,0.0,0.0,False,0.0,False,0.0,False,0.0,0.0,0.0,False,0.0,False,0.0,False,0.0,False,0.0,False,0.0,False,0.0,False,0.0,0.0,0.0,False,0.0,False,0.0,False,0.0,False,0.0,False,0.0,False,0.0,False,0.0,0.0,0.0,False,0.0,False,0.0,False,0.0,False,0,,common coverage under 80%,False
202607051056,M1.4,M,-4.853872,2026-07-05 10:56:00,2026-07-05 11:00:00,2026-07-05 10:56:00,0.0,False,0.0,0.0,False,0.0,False,0.0,False,0.0,0.0,0.0,False,0.0,False,0.0,False,0.0,False,0.0,False,0.0,False,0.0,False,0.0,0.0,0.0,False,0.0,False,0.0,False,0.0,False,0.0,False,0.0,False,0.0,False,0.0,0.0,0.0,False,0.0,False,0.0,False,0.0,False,0,,lead-in under 10 min,False
202607051104,C9.9,C,-5.004365,2026-07-05 11:04:00,2026-07-05 11:10:00,2026-07-05 11:02:00,2.0,False,0.0,0.0,False,0.0,False,0.0,False,0.0,0.0,0.0,False,0.0,False,0.0,False,0.0,False,0.0,False,0.0,False,0.0,False,0.0,0.0,0.0,False,0.0,False,0.0,False,0.0,False,0.0,False,0.0,False,0.0,False,0.0,0.0,0.0,False,0.0,False,0.0,False,0.0,False,0,,lead-in under 10 min,False
202607051153,C9.5,C,-5.022276,2026-07-05 11:53:00,2026-07-05 12:01:00,2026-07-05 11:30:00,23.0,False,0.0,0.0,False,0.0,False,0.0,False,0.0,0.0,0.0,False,0.0,False,0.0,False,0.0,False,0.0,False,0.0,False,0.0,False,0.0,0.0,0.0,False,0.0,False,0.0,False,0.0,False,0.0,False,0.0,False,0.0,False,0.0,0.0,0.0,False,0.0,False,0.0,False,0.0,False,0,,common coverage under 80%,False
202607051252,C8.1,C,-5.091515,2026-07-05 12:52:00,2026-07-05 12:58:00,2026-07-05 12:08:00,44.0,False,0.0,0.0,False,0.0,False,0.0,False,0.0,0.0,0.0,False,0.0,False,0.0,False,0.0,False,0.0,False,0.0,False,0.0,False,0.0,0.0,0.0,False,0.0,False,0.0,False,0.0,False,0.0,False,0.0,False,0.0,False,0.0,0.0,0.0,False,0.0,False,0.0,False,0.0,False,0,,common coverage under 80%,False
202607051417,C4.2,C,-5.376751,2026-07-05 14:17:00,2026-07-05 14:23:00,2026-07-05 13:17:00,60.0,True,0.0,0.0,False,0.0,False,0.0,False,0.0,0.0,0.0,False,0.0,False,0.0,False,0.0,False,0.0,False,0.0,False,0.0,False,0.0,0.0,0.0,False,0.0,False,0.0,False,0.0,False,0.0,False,0.0,False,0.0,False,0.0,0.0,0.0,False,0.0,False,0.0,False,0.0,False,0,,common coverage under 80%,False
202607051428,C4.9,C,-5.309804,2026-07-05 14:28:00,2026-07-05 14:35:00,2026-07-05 14:28:00,0.0,False,0.0,0.0,False,0.0,False,0.0,False,0.0,0.0,0.0,False,0.0,False,0.0,False,0.0,False,0.0,False,0.0,False,0.0,False,0.0,0.0,0.0,False,0.0,False,0.0,False,0.0,False,0.0,False,0.0,False,0.0,False,0.0,0.0,0.0,False,0.0,False,0.0,False,0.0,False,0,,lead-in under 10 min,False
202607051505,C6.9,C,-5.161151,2026-07-05 15:05:00,2026-07-05 15:20:00,2026-07-05 14:37:00,28.0,False,0.0,0.0,False,0.0,False,0.0,False,0.0,0.0,0.0,False,0.0,False,0.0,False,0.0,False,0.0,False,0.0,False,0.0,False,0.0,0.0,0.0,False,0.0,False,0.0,False,0.0,False,0.0,False,0.0,False,0.0,False,0.0,0.0,0.0,False,0.0,False,0.0,False,0.0,False,0,,common coverage under 80%,False
202607051533,C7.4,C,-5.130768,2026-07-05 15:33:00,2026-07-05 15:44:00,2026-07-05 15:33:00,0.0,False,0.0,0.0,False,0.0,False,0.0,False,0.0,0.0,0.0,False,0.0,False,0.0,False,0.0,False,0.0,False,0.0,False,0.0,False,0.0,0.0,0.0,False,0.0,False,0.0,False,0.0,False,0.0,False,0.0,False,0.0,False,0.0,0.0,0.0,False,0.0,False,0.0,False,0.0,False,0,,lead-in under 10 min,False
202607051621,M1.4,M,-4.853872,2026-07-05 16:21:00,2026-07-05 16:32:00,2026-07-05 15:57:00,24.0,False,0.0,0.0,False,0.0,False,0.0,False,0.0,0.0,0.0,False,0.0,False,0.0,False,0.0,False,0.0,False,0.0,False,0.0,False,0.0,0.0,0.0,False,0.0,False,0.0,False,0.0,False,0.0,False,0.0,False,0.0,False,0.0,0.0,0.0,False,0.0,False,0.0,False,0.0,False,0,,common coverage under 80%,False
202607051641,M1.4,M,-4.853872,2026-07-05 16:41:00,2026-07-05 16:45:00,2026-07-05 16:41:00,0.0,False,0.0,0.0,False,0.0,False,0.0,False,0.0,0.0,0.0,False,0.0,False,0.0,False,0.0,False,0.0,False,0.0,False,0.0,False,0.0,0.0,0.0,False,0.0,False,0.0,False,0.0,False,0.0,False,0.0,False,0.0,False,0.0,0.0,0.0,False,0.0,False,0.0,False,0.0,False,0,,lead-in under 10 min,False
202607051735,C5.0,C,-5.30103,2026-07-05 17:35:00,2026-07-05 17:40:00,2026-07-05 16:48:00,47.0,False,0.0,0.0,False,0.0,False,0.0,False,0.0,0.0,0.0,False,0.0,False,0.0,False,0.0,False,0.0,False,0.0,False,0.0,False,0.0,0.0,0.0,False,0.0,False,0.0,False,0.0,False,0.0,False,0.0,False,0.0,False,0.0,0.0,0.0,False,0.0,False,0.0,False,0.0,False,0,,common coverage under 80%,False
202607051751,M5.3,M,-4.275724,2026-07-05 17:51:00,2026-07-05 17:57:00,2026-07-05 17:50:00,1.0,False,0.0,0.0,False,0.0,False,0.0,False,0.0,0.0,0.0,False,0.0,False,0.0,False,0.0,False,0.0,False,0.0,False,0.0,False,0.0,0.0,0.0,False,0.0,False,0.0,False,0.0,False,0.0,False,0.0,False,0.0,False,0.0,0.0,0.0,False,0.0,False,0.0,False,0.0,False,0,,lead-in under 10 min,False
202607051856,M1.4,M,-4.853872,2026-07-05 18:56:00,2026-07-05 19:07:00,2026-07-05 18:02:00,54.0,False,0.0,0.0,False,0.0,False,0.0,False,0.0,0.0,0.0,False,0.0,False,0.0,False,0.0,False,0.0,False,0.0,False,0.0,False,0.0,0.0,0.0,False,0.0,False,0.0,False,0.0,False,0.0,False,0.0,False,0.0,False,0.0,0.0,0.0,False,0.0,False,0.0,False,0.0,False,0,,common coverage under 80%,False
202607052007,C7.3,C,-5.136677,2026-07-05 20:07:00,2026-07-05 20:17:00,2026-07-05 19:11:00,56.0,False,0.0,0.0,False,0.0,False,0.0,False,0.0,0.0,0.0,False,0.0,False,0.0,False,0.0,False,0.0,False,0.0,False,0.0,False,0.0,0.0,0.0,False,0.0,False,0.0,False,0.0,False,0.0,False,0.0,False,0.0,False,0.0,0.0,0.0,False,0.0,False,0.0,False,0.0,False,0,,common coverage under 80%,False
202607052114,M1.0,M,-5.0,2026-07-05 21:14:00,2026-07-05 21:22:00,2026-07-05 20:23:00,51.0,False,0.0,0.0,False,0.0,False,0.0,False,0.0,0.0,0.0,False,0.0,False,0.0,False,0.0,False,0.0,False,0.0,False,0.0,False,0.0,0.0,0.0,False,0.0,False,0.0,False,0.0,False,0.0,False,0.0,False,0.0,False,0.0,0.0,0.0,False,0.0,False,0.0,False,0.0,False,0,,common coverage under 80%,False
202607052138,C9.5,C,-5.022276,2026-07-05 21:38:00,2026-07-05 21:42:00,2026-07-05 21:38:00,0.0,False,0.0,0.0,False,0.0,False,0.0,False,0.0,0.0,0.0,False,0.0,False,0.0,False,0.0,False,0.0,False,0.0,False,0.0,False,0.0,0.0,0.0,False,0.0,False,0.0,False,0.0,False,0.0,False,0.0,False,0.0,False,0.0,0.0,0.0,False,0.0,False,0.0,False,0.0,False,0,,lead-in under 10 min,False
202607060035,C5.9,C,-5.229148,2026-07-06 00:35:00,2026-07-06 00:44:00,2026-07-05 23:35:00,60.0,True,0.0,0.0,False,0.0,False,0.0,False,0.0,0.0,0.0,False,0.0,False,0.0,False,0.0,False,0.0,False,0.0,False,0.0,False,0.0,0.0,0.0,False,0.0,False,0.0,False,0.0,False,0.0,False,0.0,False,0.0,False,0.0,0.0,0.0,False,0.0,False,0.0,False,0.0,False,0,,common coverage under 80%,False
202607060157,C9.6,C,-5.017729,2026-07-06 01:57:00,2026-07-06 02:21:00,2026-07-06 00:57:00,60.0,True,0.953488,21.333333,False,81.333333,True,33.333333,False,60.0,12.0,60.0,True,48.0,True,48.0,True,0.0,True,21.333333,False,81.333333,True,81.333333,True,60.0,60.0,62.0,True,60.0,True,48.0,True,2.0,True,19.333333,False,81.333333,True,81.333333,True,62.0,62.0,62.0,True,62.0,True,60.0,True,60.0,True,15,0.106606,alert already on (left-censored),False
202607060455,C6.1,C,-5.21467,2026-07-06 04:55:00,2026-07-06 05:11:00,2026-07-06 03:55:00,60.0,True,0.974359,53.333333,False,61.333333,False,75.333333,True,8.0,22.0,0.0,False,22.0,True,18.0,True,8.0,True,57.333333,False,61.333333,False,75.333333,True,4.0,18.0,0.0,False,8.0,False,14.0,True,8.0,True,57.333333,False,61.333333,False,75.333333,True,4.0,18.0,0.0,False,4.0,False,8.0,True,6.0,True,15,0.108889,,True
202607061825,C3.8,C,-5.420216,2026-07-06 18:25:00,2026-07-06 18:40:00,2026-07-06 17:25:00,60.0,True,1.0,64.333333,False,58.333333,False,58.333333,False,-6.0,-6.0,2.0,False,-4.0,False,-8.0,True,0.0,True,74.333333,True,64.333333,False,74.333333,True,-10.0,0.0,-6.0,False,-10.0,True,0.0,True,0.0,True,74.333333,True,74.333333,True,74.333333,True,0.0,0.0,-16.0,True,0.0,True,0.0,True,0.0,True,15,-0.005951,alert already on (left-censored),False
202607061853,C3.7,C,-5.431798,2026-07-06 18:53:00,2026-07-06 18:56:00,2026-07-06 18:53:00,0.0,False,1.0,2.333333,True,2.333333,True,2.333333,True,0.0,0.0,0.0,True,0.0,True,0.0,True,0.0,True,2.333333,True,2.333333,True,2.333333,True,0.0,0.0,0.0,True,0.0,True,0.0,True,0.0,True,2.333333,True,2.333333,True,2.333333,True,0.0,0.0,0.0,True,0.0,True,0.0,True,0.0,True,0,,lead-in under 10 min,False
202607070332,C1.8,C,-5.744727,2026-07-07 03:32:00,2026-07-07 03:40:00,2026-07-07 02:32:00,60.0,True,0.971429,58.333333,False,58.333333,False,58.333333,False,0.0,0.0,26.0,False,0.0,True,0.0,True,0.0,True,66.333333,True,66.333333,True,66.333333,True,0.0,0.0,8.0,False,0.0,True,0.0,True,0.0,True,66.333333,True,66.333333,True,66.333333,True,0.0,0.0,0.0,True,0.0,True,0.0,True,0.0,True,15,-0.018351,alert already on (left-censored),False
202607071202,C1.6,C,-5.79588,2026-07-07 12:02:00,2026-07-07 12:12:00,2026-07-07 11:02:00,60.0,True,0.944444,50.333333,False,4.333333,False,30.333333,False,-46.0,-20.0,-2.0,False,0.0,False,0.0,False,0.0,False,50.333333,False,50.333333,False,50.333333,False,0.0,0.0,-46.0,False,0.0,False,0.0,False,0.0,False,50.333333,False,56.333333,False,68.333333,True,6.0,18.0,-2.0,False,6.0,False,0.0,False,2.0,True,14,-0.026078,,True
202607071409,M4.0,M,-4.39794,2026-07-07 14:09:00,2026-07-07 14:19:00,2026-07-07 13:09:00,60.0,True,0.972222,29.333333,False,3.333333,False,3.333333,False,-26.0,-26.0,0.0,False,28.0,False,26.0,False,2.0,False,29.333333,False,19.333333,False,3.333333,False,-10.0,-26.0,0.0,False,-10.0,False,26.0,False,26.0,False,3.333333,False,19.333333,False,3.333333,False,16.0,0.0,0.0,False,2.0,False,2.0,False,26.0,False,15,-0.016227,,True
202607072240,C1.8,C,-5.744727,2026-07-07 22:40:00,2026-07-07 22:49:00,2026-07-07 21:40:00,60.0,True,0.971429,1.333333,False,1.333333,False,1.333333,False,0.0,0.0,0.0,False,0.0,False,0.0,False,8.0,False,1.333333,False,1.333333,False,1.333333,False,0.0,0.0,0.0,False,0.0,False,0.0,False,8.0,False,1.333333,False,1.333333,False,1.333333,False,0.0,0.0,0.0,False,0.0,False,-8.0,False,-8.0,True,15,-0.049159,,True
202607080732,C1.1,C,-5.958607,2026-07-08 07:32:00,2026-07-08 07:41:00,2026-07-08 06:32:00,60.0,True,0.971429,63.333333,False,63.333333,False,3.333333,False,0.0,-60.0,0.0,False,0.0,False,0.0,False,0.0,False,63.333333,False,63.333333,False,3.333333,False,0.0,-60.0,-60.0,False,0.0,False,0.0,False,0.0,False,63.333333,False,3.333333,False,63.333333,False,-60.0,0.0,0.0,False,-60.0,False,0.0,False,0.0,False,15,-0.085061,,True
202607080940,C2.1,C,-5.677781,2026-07-08 09:40:00,2026-07-08 09:55:00,2026-07-08 08:40:00,60.0,True,0.973684,11.333333,False,9.333333,False,9.333333,False,-2.0,-2.0,0.0,False,-2.0,False,-2.0,False,-26.0,False,13.333333,False,9.333333,False,9.333333,False,-4.0,-4.0,0.0,False,-2.0,False,-4.0,False,-2.0,False,11.333333,False,9.333333,False,11.333333,False,-2.0,0.0,0.0,False,-2.0,False,-4.0,False,-2.0,False,15,-0.110146,,True
202607081120,C1.0,C,-6.0,2026-07-08 11:20:00,2026-07-08 11:25:00,2026-07-08 10:20:00,60.0,True,0.969697,49.333333,False,49.333333,False,49.333333,False,0.0,0.0,0.0,False,0.0,False,0.0,False,-2.0,False,49.333333,False,49.333333,False,47.333333,False,0.0,-2.0,-41.333333,False,0.0,False,0.0,False,0.0,False,41.333333,False,0.0,False,47.333333,False,-41.333333,6.0,0.0,False,-41.333333,False,-41.333333,False,8.0,False,15,-0.078734,,True
202607081749,M1.5,M,-4.823909,2026-07-08 17:49:00,2026-07-08 17:56:00,2026-07-08 16:49:00,60.0,True,1.0,36.333333,False,34.333333,False,34.333333,False,-2.0,-2.0,0.0,False,-2.0,False,-6.0,False,-28.0,True,40.333333,False,34.333333,False,34.333333,False,-6.0,-6.0,0.0,False,-2.0,False,-28.0,False,-28.0,True,48.333333,False,34.333333,False,34.333333,False,-14.0,-14.0,-32.0,False,-6.0,False,-28.0,False,-28.0,True,15,-0.071845,,True
202607090217,M1.1,M,-4.958607,2026-07-09 02:17:00,2026-07-09 02:27:00,2026-07-09 01:17:00,60.0,True,0.972222,9.333333,False,9.333333,False,9.333333,False,0.0,0.0,-8.0,False,0.0,False,-36.0,False,-40.0,False,11.333333,False,9.333333,False,9.333333,False,-2.0,-2.0,-8.0,False,-2.0,False,-36.0,False,-48.0,False,11.333333,False,9.333333,False,9.333333,False,-2.0,-2.0,-8.0,False,-2.0,False,-48.0,False,-48.0,False,15,-0.066834,,True
202607090651,C2.7,C,-5.568636,2026-07-09 06:51:00,2026-07-09 07:13:00,2026-07-09 05:51:00,60.0,True,0.97619,25.333333,False,15.333333,False,15.333333,False,-10.0,-10.0,-2.0,False,-6.0,False,-10.0,False,-10.0,False,21.333333,False,15.333333,False,15.333333,False,-6.0,-6.0,0.0,False,-4.0,False,-10.0,False,-10.0,False,15.333333,False,15.333333,False,15.333333,False,0.0,0.0,0.0,False,0.0,False,0.0,False,-4.0,False,15,-0.128434,,True
202607101433,C6.0,C,-5.221849,2026-07-10 14:33:00,2026-07-10 14:59:00,2026-07-10 13:33:00,60.0,True,0.977273,71.333333,False,75.333333,False,71.333333,False,4.0,0.0,4.0,False,0.0,False,0.0,False,0.0,False,75.333333,False,75.333333,False,71.333333,False,0.0,-4.0,38.0,False,0.0,False,0.0,False,0.0,False,73.333333,False,75.333333,False,71.333333,False,2.0,-2.0,-2.0,False,4.0,False,0.0,False,0.0,False,15,-0.09873,,True
202607110332,C1.0,C,-6.0,2026-07-11 03:32:00,2026-07-11 03:37:00,2026-07-11 02:32:00,60.0,True,0.969697,61.333333,False,39.333333,False,39.333333,False,-22.0,-22.0,-20.0,False,-2.0,False,-2.0,False,0.0,False,61.333333,False,39.333333,False,39.333333,False,-22.0,-22.0,-20.0,False,-22.0,False,-2.0,False,-2.0,False,61.333333,False,39.333333,False,59.333333,False,-22.0,-2.0,-20.0,False,-22.0,False,-2.0,False,-2.0,False,15,-0.104082,,True
202607111313,C1.0,C,-6.0,2026-07-11 13:13:00,2026-07-11 13:27:00,2026-07-11 12:13:00,60.0,True,0.973684,9.333333,False,11.333333,False,9.333333,False,2.0,0.0,2.0,False,2.0,False,2.0,False,-34.0,False,9.333333,False,11.333333,False,9.333333,False,2.0,0.0,2.0,False,2.0,False,2.0,False,2.0,False,9.333333,False,11.333333,False,9.333333,False,2.0,0.0,0.0,False,2.0,False,2.0,False,2.0,False,15,-0.041084,,True
202607112002,C1.0,C,-6.0,2026-07-11 20:02:00,2026-07-11 20:13:00,2026-07-11 19:02:00,60.0,True,0.972222,61.333333,False,7.333333,False,7.333333,False,-54.0,-54.0,0.0,False,-54.0,False,-46.0,False,-46.0,False,61.333333,False,7.333333,False,7.333333,False,-54.0,-54.0,0.0,False,-54.0,False,-54.0,False,-46.0,False,61.333333,False,7.333333,False,7.333333,False,-54.0,-54.0,2.0,False,-54.0,False,-54.0,False,-46.0,False,15,-0.062195,,True
202607120028,C6.0,C,-5.221849,2026-07-12 00:28:00,2026-07-12 00:57:00,2026-07-11 23:28:00,60.0,True,0.977778,35.333333,False,23.333333,False,23.333333,False,-12.0,-12.0,0.0,False,-12.0,False,-46.0,False,-54.0,False,35.333333,False,23.333333,False,23.333333,False,-12.0,-12.0,0.0,False,-12.0,False,-46.0,False,-60.0,False,35.333333,False,23.333333,False,23.333333,False,-12.0,-12.0,0.0,False,-2.0,False,-48.0,False,-60.0,False,15,-0.087418,,True
202607120717,M1.1,M,-4.958607,2026-07-12 07:17:00,2026-07-12 08:11:00,2026-07-12 06:17:00,60.0,True,0.982759,105.333333,False,113.333333,True,47.333333,False,8.0,-58.0,-52.0,False,8.0,True,2.0,True,0.0,True,105.333333,False,113.333333,True,47.333333,False,8.0,-58.0,-52.0,False,8.0,True,0.0,True,0.0,True,111.333333,False,113.333333,True,67.333333,False,2.0,-44.0,14.0,True,2.0,True,0.0,True,0.0,True,15,0.078949,alert already on (left-censored),False
202607121346,C2.6,C,-5.585027,2026-07-12 13:46:00,2026-07-12 13:58:00,2026-07-12 12:46:00,60.0,True,0.972973,68.333333,False,20.333333,False,20.333333,False,-48.0,-48.0,0.0,False,-48.0,False,-2.0,True,-2.0,True,68.333333,False,20.333333,False,20.333333,False,-48.0,-48.0,0.0,False,-48.0,False,-2.0,True,0.0,True,68.333333,False,68.333333,False,20.333333,False,0.0,-48.0,-16.0,False,-48.0,False,0.0,True,0.0,True,15,-0.082097,,True
202607121523,C1.0,C,-6.0,2026-07-12 15:23:00,2026-07-12 15:32:00,2026-07-12 14:23:00,60.0,True,1.0,2.333333,False,2.333333,False,2.333333,False,0.0,0.0,0.0,False,0.0,False,0.0,False,-4.0,False,2.333333,False,2.333333,False,2.333333,False,0.0,0.0,0.0,False,0.0,False,0.0,False,0.0,False,0.333333,False,0.333333,False,0.333333,False,0.0,0.0,0.0,False,0.0,False,0.0,False,2.0,False,15,-0.086627,,True
202607121536,C1.0,C,-6.0,2026-07-12 15:36:00,2026-07-12 15:40:00,2026-07-12 15:36:00,0.0,False,0.666667,2.333333,True,2.333333,True,2.333333,True,0.0,0.0,0.0,True,0.0,True,0.0,True,0.0,True,2.333333,True,2.333333,True,2.333333,True,0.0,0.0,0.0,True,0.0,True,0.0,True,0.0,True,2.333333,True,2.333333,True,2.333333,True,0.0,0.0,0.0,True,0.0,True,0.0,True,0.0,True,0,,lead-in under 10 min,False
202607122248,C1.2,C,-5.920819,2026-07-12 22:48:00,2026-07-12 23:08:00,2026-07-12 21:48:00,60.0,True,0.97561,22.333333,False,22.333333,False,22.333333,False,0.0,0.0,-8.0,False,-2.0,False,-12.0,False,-12.0,False,34.333333,False,22.333333,False,22.333333,False,-12.0,-12.0,-8.0,False,-2.0,False,-12.0,False,-12.0,False,34.333333,False,22.333333,False,22.333333,False,-12.0,-12.0,-8.0,False,-20.0,False,-12.0,False,-22.0,False,15,-0.086362,,True
202607131733,C1.5,C,-5.823909,2026-07-13 17:33:00,2026-07-13 17:47:00,2026-07-13 16:33:00,60.0,True,0.973684,41.333333,False,7.333333,False,7.333333,False,-34.0,-34.0,0.0,False,-32.0,False,-32.0,False,-32.0,False,9.333333,False,7.333333,False,7.333333,False,-2.0,-2.0,0.0,False,-2.0,False,-34.0,False,-32.0,False,7.333333,False,7.333333,False,7.333333,False,0.0,0.0,0.0,False,0.0,False,0.0,False,-2.0,False,15,-0.161311,,True
202607131815,C1.3,C,-5.886057,2026-07-13 18:15:00,2026-07-13 18:22:00,2026-07-13 18:01:00,14.0,False,1.0,20.333333,True,4.333333,False,20.333333,True,-16.0,0.0,-16.0,True,0.0,True,0.0,True,0.0,True,20.333333,True,4.333333,False,20.333333,True,-16.0,0.0,-16.0,True,-16.0,True,0.0,True,0.0,True,2.333333,False,4.333333,False,2.333333,False,2.0,0.0,0.0,False,2.0,False,-16.0,True,-16.0,True,7,-0.103096,,True
202607140949,C1.5,C,-5.823909,2026-07-14 09:49:00,2026-07-14 09:56:00,2026-07-14 08:49:00,60.0,True,1.0,0.333333,False,0.333333,False,0.333333,False,0.0,0.0,0.0,False,0.0,False,-62.0,False,-62.0,False,0.333333,False,0.333333,False,0.333333,False,0.0,0.0,0.0,False,0.0,False,-50.0,False,-62.0,False,0.333333,False,0.333333,False,0.333333,False,0.0,0.0,0.0,False,0.0,False,0.0,False,-62.0,False,15,-0.094044,,True
202607141218,C3.9,C,-5.408935,2026-07-14 12:18:00,2026-07-14 12:39:00,2026-07-14 11:18:00,60.0,True,0.512195,0.0,False,0.0,False,0.0,False,0.0,0.0,0.0,False,0.0,False,0.0,False,0.0,False,0.0,False,0.0,False,0.0,False,0.0,0.0,0.0,False,0.0,False,0.0,False,0.0,False,0.0,False,0.0,False,0.0,False,0.0,0.0,0.0,False,0.0,False,0.0,False,0.0,False,6,-0.036854,common coverage under 80%,False
202607150238,C1.2,C,-5.920819,2026-07-15 02:38:00,2026-07-15 03:12:00,2026-07-15 01:38:00,60.0,True,0.979167,36.333333,False,40.333333,False,30.333333,False,4.0,-6.0,2.0,False,4.0,False,0.0,False,0.0,False,30.333333,False,30.333333,False,30.333333,False,0.0,0.0,0.0,False,0.0,False,0.0,False,0.0,False,26.333333,False,30.333333,False,30.333333,False,4.0,4.0,0.0,False,4.0,False,12.0,False,12.0,False,15,-0.016235,,True
202607150835,C3.3,C,-5.481486,2026-07-15 08:35:00,2026-07-15 08:46:00,2026-07-15 07:35:00,60.0,True,1.0,6.333333,False,8.333333,False,6.333333,False,2.0,0.0,2.0,False,0.0,False,0.0,False,0.0,False,6.333333,False,8.333333,False,6.333333,False,2.0,0.0,2.0,False,2.0,False,0.0,False,0.0,False,6.333333,False,8.333333,False,6.333333,False,2.0,0.0,0.0,False,2.0,False,2.0,False,0.0,False,15,-0.064236,,True
202607151803,C1.5,C,-5.823909,2026-07-15 18:03:00,2026-07-15 18:14:00,2026-07-15 17:03:00,60.0,True,1.0,2.333333,False,2.333333,False,2.333333,False,0.0,0.0,0.0,False,0.0,False,-2.0,False,-2.0,False,2.333333,False,2.333333,False,2.333333,False,0.0,0.0,0.0,False,0.0,False,0.0,False,-2.0,False,2.333333,False,2.333333,False,2.333333,False,0.0,0.0,0.0,False,0.0,False,0.0,False,0.0,False,15,-0.016866,,True
202607152046,C8.9,C,-5.05061,2026-07-15 20:46:00,2026-07-15 21:55:00,2026-07-15 19:46:00,60.0,True,0.984615,91.333333,False,79.333333,False,83.333333,False,-12.0,-8.0,-8.0,False,-8.0,False,-8.0,False,0.0,False,89.333333,False,79.333333,False,83.333333,False,-10.0,-6.0,-8.0,False,-8.0,False,-8.0,False,-8.0,False,65.333333,False,79.333333,False,83.333333,False,14.0,18.0,4.0,False,14.0,False,-8.0,False,-8.0,False,15,-0.055467,,True
202607162119,C5.2,C,-5.283997,2026-07-16 21:19:00,2026-07-16 21:35:00,2026-07-16 20:19:00,60.0,True,0.974359,31.333333,False,31.333333,False,15.333333,False,0.0,-16.0,16.0,False,0.0,False,0.0,False,0.0,False,31.333333,False,31.333333,False,15.333333,False,0.0,-16.0,22.0,False,0.0,False,0.0,False,0.0,False,9.333333,False,31.333333,False,15.333333,False,22.0,6.0,22.0,False,22.0,False,22.0,False,22.0,False,15,-0.029328,,True
202607162340,C1.4,C,-5.853872,2026-07-16 23:40:00,2026-07-16 23:48:00,2026-07-16 22:40:00,60.0,True,0.971429,2.333333,False,8.333333,False,2.333333,False,6.0,0.0,6.0,False,2.0,False,0.0,False,8.0,False,2.333333,False,8.333333,False,2.333333,False,6.0,0.0,6.0,False,6.0,False,6.0,False,0.0,False,2.333333,False,8.333333,False,2.333333,False,6.0,0.0,2.0,False,6.0,False,6.0,False,6.0,False,15,-0.029593,,True
202607162351,C1.6,C,-5.79588,2026-07-16 23:51:00,2026-07-17 00:02:00,2026-07-16 23:51:00,0.0,False,0.833333,10.333333,True,10.333333,True,10.333333,True,0.0,0.0,0.0,True,0.0,True,0.0,True,0.0,True,10.333333,True,10.333333,True,10.333333,True,0.0,0.0,0.0,True,0.0,True,0.0,True,0.0,True,10.333333,True,10.333333,True,10.333333,True,0.0,0.0,0.0,True,0.0,True,0.0,True,0.0,True,0,,lead-in under 10 min,False
202607180039,C2.2,C,-5.657577,2026-07-18 00:39:00,2026-07-18 01:20:00,2026-07-17 23:39:00,60.0,True,0.0,0.0,False,0.0,False,0.0,False,0.0,0.0,0.0,False,0.0,False,0.0,False,0.0,False,0.0,False,0.0,False,0.0,False,0.0,0.0,0.0,False,0.0,False,0.0,False,0.0,False,0.0,False,0.0,False,0.0,False,0.0,0.0,0.0,False,0.0,False,0.0,False,0.0,False,0,,common coverage under 80%,False
202607180356,C2.3,C,-5.638272,2026-07-18 03:56:00,2026-07-18 04:05:00,2026-07-18 02:56:00,60.0,True,0.971429,47.333333,False,53.333333,False,47.333333,False,6.0,0.0,2.0,False,4.0,False,4.0,False,10.0,False,49.333333,False,53.333333,False,47.333333,False,4.0,-2.0,2.0,False,6.0,False,4.0,False,10.0,False,47.333333,False,53.333333,False,47.333333,False,6.0,0.0,-22.0,False,6.0,False,6.0,False,16.0,False,15,-0.07905,,True
202607182139,C1.5,C,-5.823909,2026-07-18 21:39:00,2026-07-18 21:52:00,2026-07-18 20:39:00,60.0,True,1.0,8.333333,False,8.333333,False,8.333333,False,0.0,0.0,0.0,False,0.0,False,-10.0,False,-10.0,False,18.333333,False,8.333333,False,8.333333,False,-10.0,-10.0,0.0,False,0.0,False,-10.0,False,-10.0,False,18.333333,False,8.333333,False,8.333333,False,-10.0,-10.0,0.0,False,0.0,False,-10.0,False,-10.0,False,15,-0.067689,,True
202607191825,C1.3,C,-5.886057,2026-07-19 18:25:00,2026-07-19 18:44:00,2026-07-19 17:25:00,60.0,True,0.0,0.0,False,0.0,False,0.0,False,0.0,0.0,0.0,False,0.0,False,0.0,False,0.0,False,0.0,False,0.0,False,0.0,False,0.0,0.0,0.0,False,0.0,False,0.0,False,0.0,False,0.0,False,0.0,False,0.0,False,0.0,0.0,0.0,False,0.0,False,0.0,False,0.0,False,0,,common coverage under 80%,False
202607191848,C1.8,C,-5.744727,2026-07-19 18:48:00,2026-07-19 19:11:00,2026-07-19 18:48:00,0.0,False,0.0,0.0,False,0.0,False,0.0,False,0.0,0.0,0.0,False,0.0,False,0.0,False,0.0,False,0.0,False,0.0,False,0.0,False,0.0,0.0,0.0,False,0.0,False,0.0,False,0.0,False,0.0,False,0.0,False,0.0,False,0.0,0.0,0.0,False,0.0,False,0.0,False,0.0,False,0,,lead-in under 10 min,False
202607200739,C2.1,C,-5.677781,2026-07-20 07:39:00,2026-07-20 07:46:00,2026-07-20 06:39:00,60.0,True,1.0,66.333333,True,66.333333,True,66.333333,True,0.0,0.0,0.0,True,0.0,True,0.0,True,0.0,True,66.333333,True,66.333333,True,66.333333,True,0.0,0.0,0.0,True,0.0,True,0.0,True,0.0,True,66.333333,True,66.333333,True,66.333333,True,0.0,0.0,0.0,True,0.0,True,0.0,True,0.0,True,15,-0.028885,alert already on (left-censored),False
202607200834,C1.7,C,-5.769551,2026-07-20 08:34:00,2026-07-20 08:40:00,2026-07-20 07:55:00,39.0,False,1.0,44.333333,True,44.333333,True,44.333333,True,0.0,0.0,-18.0,True,0.0,True,0.0,True,0.0,True,44.333333,True,44.333333,True,44.333333,True,0.0,0.0,-18.0,True,0.0,True,0.0,True,0.0,True,44.333333,True,26.333333,False,26.333333,False,-18.0,-18.0,-18.0,True,-18.0,True,-18.0,True,0.0,True,15,-0.041888,alert already on (left-censored),False
202607201209,C1.6,C,-5.79588,2026-07-20 12:09:00,2026-07-20 12:15:00,2026-07-20 11:09:00,60.0,True,0.970588,65.333333,True,65.333333,True,65.333333,True,0.0,0.0,14.0,True,0.0,True,0.0,True,0.0,True,65.333333,True,65.333333,True,65.333333,True,0.0,0.0,10.0,True,0.0,True,0.0,True,0.0,True,65.333333,True,65.333333,True,65.333333,True,0.0,0.0,10.0,True,0.0,True,0.0,True,0.0,True,15,-0.048807,alert already on (left-censored),False
202607201220,C2.9,C,-5.537602,2026-07-20 12:20:00,2026-07-20 12:40:00,2026-07-20 12:18:00,2.0,False,0.916667,20.333333,True,20.333333,True,20.333333,True,0.0,0.0,0.0,True,0.0,True,0.0,True,0.0,True,20.333333,True,20.333333,True,20.333333,True,0.0,0.0,0.0,True,0.0,True,0.0,True,0.0,True,20.333333,True,20.333333,True,20.333333,True,0.0,0.0,-2.0,True,0.0,True,0.0,True,0.0,True,1,,lead-in under 10 min,False
202607201429,M2.5,M,-4.60206,2026-07-20 14:29:00,2026-07-20 14:36:00,2026-07-20 13:29:00,60.0,True,1.0,66.333333,True,58.333333,False,56.333333,False,-8.0,-10.0,-10.0,True,-8.0,True,-8.0,True,0.0,True,66.333333,True,56.333333,False,56.333333,False,-10.0,-10.0,0.0,False,-10.0,True,-8.0,True,-8.0,True,66.333333,True,56.333333,False,56.333333,False,-10.0,-10.0,54.0,False,-10.0,True,-10.0,True,-8.0,True,15,-0.023903,alert already on (left-censored),False
202607201516,C7.1,C,-5.148742,2026-07-20 15:16:00,2026-07-20 15:20:00,2026-07-20 14:40:00,36.0,False,0.952381,38.333333,True,38.333333,True,2.333333,False,0.0,-36.0,0.0,True,0.0,True,0.0,True,0.0,True,38.333333,True,38.333333,True,2.333333,False,0.0,-36.0,-36.0,True,0.0,True,0.0,True,0.0,True,38.333333,True,2.333333,False,2.333333,False,-36.0,-36.0,0.0,False,-36.0,True,0.0,True,0.0,True,15,-0.037756,alert already on (left-censored),False
202607201712,C3.2,C,-5.49485,2026-07-20 17:12:00,2026-07-20 17:17:00,2026-07-20 16:12:00,60.0,True,0.969697,41.333333,False,45.333333,False,41.333333,False,4.0,0.0,4.0,False,22.0,True,14.0,True,14.0,True,41.333333,False,63.333333,True,63.333333,True,22.0,22.0,32.0,False,22.0,True,14.0,True,14.0,True,13.333333,False,63.333333,True,63.333333,True,50.0,50.0,0.0,False,32.0,False,50.0,True,26.0,True,15,0.020248,alert already on (left-censored),False
202607201908,M1.1,M,-4.958607,2026-07-20 19:08:00,2026-07-20 19:20:00,2026-07-20 18:08:00,60.0,True,0.972973,58.333333,False,58.333333,False,58.333333,False,0.0,0.0,0.0,False,2.0,False,10.0,False,12.0,True,58.333333,False,58.333333,False,58.333333,False,0.0,0.0,0.0,False,0.0,False,12.0,True,12.0,True,58.333333,False,70.333333,True,58.333333,False,12.0,0.0,0.0,False,0.0,False,12.0,True,12.0,True,15,0.085401,alert already on (left-censored),False
202607202131,C2.9,C,-5.537602,2026-07-20 21:31:00,2026-07-20 21:41:00,2026-07-20 20:31:00,60.0,True,0.972222,47.333333,False,47.333333,False,47.333333,False,0.0,0.0,0.0,False,0.0,False,16.0,False,22.0,True,47.333333,False,47.333333,False,47.333333,False,0.0,0.0,38.0,False,0.0,False,22.0,True,22.0,True,11.333333,False,47.333333,False,47.333333,False,36.0,36.0,2.0,False,36.0,False,56.0,True,56.0,True,15,-0.002412,,True
202607202215,M3.4,M,-4.468521,2026-07-20 22:15:00,2026-07-20 22:25:00,2026-07-20 21:57:00,18.0,False,0.933333,27.333333,True,25.333333,False,27.333333,True,-2.0,0.0,-2.0,True,0.0,True,0.0,True,0.0,True,27.333333,True,25.333333,False,5.333333,False,-2.0,-22.0,0.0,False,-2.0,True,-2.0,True,0.0,True,25.333333,False,25.333333,False,5.333333,False,0.0,-20.0,-18.0,False,0.0,False,0.0,False,0.0,False,9,-0.066072,,True
202607202317,C7.6,C,-5.119186,2026-07-20 23:17:00,2026-07-20 23:24:00,2026-07-20 22:31:00,46.0,False,1.0,52.333333,True,52.333333,True,52.333333,True,0.0,0.0,0.0,True,0.0,True,0.0,True,0.0,True,52.333333,True,52.333333,True,52.333333,True,0.0,0.0,0.0,True,0.0,True,0.0,True,0.0,True,52.333333,True,52.333333,True,52.333333,True,0.0,0.0,0.0,True,0.0,True,0.0,True,0.0,True,15,0.000376,alert already on (left-censored),False
202607210015,C2.4,C,-5.619789,2026-07-21 00:15:00,2026-07-21 00:20:00,2026-07-20 23:33:00,42.0,False,1.0,46.333333,True,46.333333,True,46.333333,True,0.0,0.0,0.0,True,0.0,True,0.0,True,0.0,True,46.333333,True,46.333333,True,46.333333,True,0.0,0.0,0.0,True,0.0,True,0.0,True,0.0,True,46.333333,True,46.333333,True,46.333333,True,0.0,0.0,0.0,True,0.0,True,0.0,True,0.0,True,15,-0.033251,alert already on (left-censored),False
202607210038,C6.5,C,-5.187087,2026-07-21 00:38:00,2026-07-21 00:51:00,2026-07-21 00:25:00,13.0,False,0.928571,25.333333,True,25.333333,True,25.333333,True,0.0,0.0,0.0,True,0.0,True,0.0,True,0.0,True,25.333333,True,25.333333,True,25.333333,True,0.0,0.0,0.0,True,0.0,True,0.0,True,0.0,True,25.333333,True,25.333333,True,25.333333,True,0.0,0.0,0.0,True,0.0,True,0.0,True,0.0,True,7,-0.093909,alert already on (left-censored),False
202607210120,C2.6,C,-5.585027,2026-07-21 01:20:00,2026-07-21 01:29:00,2026-07-21 01:01:00,19.0,False,0.933333,27.333333,True,27.333333,True,27.333333,True,0.0,0.0,0.0,True,0.0,True,0.0,True,0.0,True,27.333333,True,27.333333,True,27.333333,True,0.0,0.0,0.0,True,0.0,True,0.0,True,0.0,True,27.333333,True,27.333333,True,27.333333,True,0.0,0.0,0.0,True,0.0,True,0.0,True,0.0,True,10,-0.042983,alert already on (left-censored),False
202607210148,C2.5,C,-5.60206,2026-07-21 01:48:00,2026-07-21 01:58:00,2026-07-21 01:47:00,1.0,False,1.0,10.333333,True,10.333333,True,10.333333,True,0.0,0.0,0.0,True,0.0,True,0.0,True,0.0,True,10.333333,True,10.333333,True,10.333333,True,0.0,0.0,0.0,True,0.0,True,0.0,True,0.0,True,8.333333,False,10.333333,True,10.333333,True,2.0,2.0,4.0,True,2.0,True,0.0,True,0.0,True,1,,lead-in under 10 min,False
202607210347,C4.3,C,-5.366532,2026-07-21 03:47:00,2026-07-21 04:05:00,2026-07-21 02:47:00,60.0,True,0.975,41.333333,False,25.333333,False,23.333333,False,-16.0,-18.0,0.0,False,0.0,False,36.0,True,24.0,True,41.333333,False,33.333333,False,23.333333,False,-8.0,-18.0,2.0,False,-8.0,False,36.0,True,24.0,True,29.333333,False,53.333333,False,23.333333,False,24.0,-6.0,12.0,False,22.0,False,18.0,False,36.0,True,15,0.038283,,True
202607210935,C7.6,C,-5.119186,2026-07-21 09:35:00,2026-07-21 09:56:00,2026-07-21 08:35:00,60.0,True,1.0,80.333333,True,80.333333,True,80.333333,True,0.0,0.0,4.0,True,0.0,True,0.0,True,0.0,True,80.333333,True,80.333333,True,80.333333,True,0.0,0.0,-6.0,True,0.0,True,0.0,True,0.0,True,80.333333,True,80.333333,True,80.333333,True,0.0,0.0,0.0,True,0.0,True,0.0,True,0.0,True,15,-0.00982,alert already on (left-censored),False
202607211136,C4.0,C,-5.39794,2026-07-21 11:36:00,2026-07-21 11:42:00,2026-07-21 10:36:00,60.0,True,0.970588,2.333333,False,2.333333,False,2.333333,False,0.0,0.0,0.0,False,0.0,False,0.0,False,0.0,False,2.333333,False,2.333333,False,2.333333,False,0.0,0.0,0.0,False,0.0,False,0.0,False,0.0,False,2.333333,False,2.333333,False,2.333333,False,0.0,0.0,0.0,False,0.0,False,0.0,False,0.0,False,15,-0.043956,,True
202607211403,C5.0,C,-5.30103,2026-07-21 14:03:00,2026-07-21 14:14:00,2026-07-21 13:03:00,60.0,True,1.0,20.333333,False,16.333333,False,14.333333,False,-4.0,-6.0,-4.0,False,44.0,False,44.0,False,44.0,False,20.333333,False,18.333333,False,20.333333,False,-2.0,0.0,-4.0,False,-2.0,False,28.0,False,44.0,False,20.333333,False,18.333333,False,16.333333,False,-2.0,-4.0,-2.0,False,-2.0,False,2.0,False,2.0,False,15,-0.025117,,True
202607211431,C3.1,C,-5.508638,2026-07-21 14:31:00,2026-07-21 14:38:00,2026-07-21 14:16:00,15.0,False,0.916667,20.333333,True,4.333333,False,4.333333,False,-16.0,-16.0,0.0,False,-16.0,True,-14.0,True,0.0,True,20.333333,True,4.333333,False,4.333333,False,-16.0,-16.0,0.0,False,-16.0,True,-14.0,True,-14.0,True,4.333333,False,4.333333,False,4.333333,False,0.0,0.0,0.0,False,0.0,False,-14.0,True,0.0,True,7,-0.045499,,True
202607211443,C3.4,C,-5.468521,2026-07-21 14:43:00,2026-07-21 14:57:00,2026-07-21 14:43:00,0.0,False,0.875,13.333333,True,13.333333,True,13.333333,True,0.0,0.0,0.0,True,0.0,True,0.0,True,0.0,True,13.333333,True,13.333333,True,13.333333,True,0.0,0.0,0.0,True,0.0,True,0.0,True,0.0,True,13.333333,True,13.333333,True,13.333333,True,0.0,0.0,0.0,True,0.0,True,0.0,True,0.0,True,0,,lead-in under 10 min,False
202607211605,C5.0,C,-5.30103,2026-07-21 16:05:00,2026-07-21 16:08:00,2026-07-21 15:09:00,56.0,False,1.0,54.333333,False,36.333333,False,54.333333,False,-18.0,0.0,2.0,False,0.0,False,0.0,False,0.0,False,54.333333,False,36.333333,False,54.333333,False,-18.0,0.0,0.0,False,-18.0,False,0.0,False,0.0,False,34.333333,False,36.333333,False,54.333333,False,2.0,20.0,0.0,False,2.0,False,2.0,False,0.0,False,15,-0.016024,,True
202607211702,C3.2,C,-5.49485,2026-07-21 17:02:00,2026-07-21 17:07:00,2026-07-21 16:10:00,52.0,False,0.965517,55.333333,True,39.333333,False,39.333333,False,-16.0,-16.0,-30.0,False,-16.0,True,-14.0,True,-14.0,True,55.333333,True,39.333333,False,41.333333,False,-16.0,-14.0,-32.0,False,-16.0,True,-14.0,True,-4.0,True,55.333333,True,39.333333,False,51.333333,False,-16.0,-4.0,-40.0,False,-16.0,True,-14.0,True,-4.0,True,15,-0.046152,alert already on (left-censored),False
202607211716,M1.8,M,-4.744727,2026-07-21 17:16:00,2026-07-21 17:27:00,2026-07-21 17:14:00,2.0,False,0.857143,11.333333,True,11.333333,True,11.333333,True,0.0,0.0,-2.0,True,0.0,True,0.0,True,0.0,True,11.333333,True,11.333333,True,11.333333,True,0.0,0.0,-2.0,True,0.0,True,0.0,True,0.0,True,11.333333,True,11.333333,True,11.333333,True,0.0,0.0,0.0,False,0.0,True,0.0,True,0.0,True,1,,lead-in under 10 min,False
202607211916,C2.9,C,-5.537602,2026-07-21 19:16:00,2026-07-21 19:24:00,2026-07-21 18:16:00,60.0,True,0.971429,60.333333,False,60.333333,False,60.333333,False,0.0,0.0,0.0,False,0.0,False,-6.0,True,0.0,True,60.333333,False,60.333333,False,66.333333,True,0.0,6.0,2.0,False,0.0,False,0.0,True,0.0,True,56.333333,False,60.333333,False,66.333333,True,4.0,10.0,56.0,False,4.0,False,6.0,True,0.0,True,15,-0.060213,,True
202607212027,C3.1,C,-5.508638,2026-07-21 20:27:00,2026-07-21 20:33:00,2026-07-21 19:27:00,60.0,True,0.970588,65.333333,True,57.333333,False,65.333333,True,-8.0,0.0,-12.0,False,-4.0,True,0.0,True,0.0,True,65.333333,True,65.333333,True,65.333333,True,0.0,0.0,-4.0,False,0.0,True,0.0,True,0.0,True,65.333333,True,65.333333,True,65.333333,True,0.0,0.0,-2.0,True,0.0,True,0.0,True,0.0,True,15,0.02607,alert already on (left-censored),False
202607212203,C1.5,C,-5.823909,2026-07-21 22:03:00,2026-07-21 22:10:00,2026-07-21 21:03:00,60.0,True,1.0,60.333333,False,60.333333,False,66.333333,True,0.0,6.0,4.0,False,4.0,True,0.0,True,0.0,True,66.333333,True,66.333333,True,66.333333,True,0.0,0.0,10.0,False,0.0,True,0.0,True,0.0,True,66.333333,True,66.333333,True,66.333333,True,0.0,0.0,0.0,True,0.0,True,0.0,True,0.0,True,15,0.066828,alert already on (left-censored),False
202607212231,C2.0,C,-5.69897,2026-07-21 22:31:00,2026-07-21 22:40:00,2026-07-21 22:20:00,11.0,False,0.909091,14.333333,False,14.333333,False,18.333333,True,0.0,4.0,0.0,False,4.0,True,0.0,True,0.0,True,14.333333,False,18.333333,True,18.333333,True,4.0,4.0,0.0,False,4.0,True,2.0,True,0.0,True,14.333333,False,18.333333,True,18.333333,True,4.0,4.0,12.0,True,4.0,True,2.0,True,0.0,True,5,0.097936,alert already on (left-censored),False
202607212251,C2.4,C,-5.619789,2026-07-21 22:51:00,2026-07-21 22:55:00,2026-07-21 22:45:00,6.0,False,0.833333,9.333333,True,9.333333,True,9.333333,True,0.0,0.0,0.0,True,0.0,True,0.0,True,0.0,True,9.333333,True,9.333333,True,9.333333,True,0.0,0.0,0.0,True,0.0,True,0.0,True,0.0,True,9.333333,True,9.333333,True,9.333333,True,0.0,0.0,-8.0,True,0.0,True,0.0,True,0.0,True,3,,lead-in under 10 min,False
202607220002,C2.4,C,-5.619789,2026-07-22 00:02:00,2026-07-22 00:11:00,2026-07-21 23:02:00,60.0,True,0.942857,67.333333,True,67.333333,True,65.333333,False,0.0,-2.0,-4.0,True,0.0,True,0.0,True,0.0,True,67.333333,True,67.333333,True,67.333333,True,0.0,0.0,-2.0,True,0.0,True,0.0,True,0.0,True,67.333333,True,67.333333,True,67.333333,True,0.0,0.0,2.0,False,0.0,True,0.0,True,0.0,True,14,0.035426,alert already on (left-censored),False
202607220102,C2.6,C,-5.585027,2026-07-22 01:02:00,2026-07-22 01:06:00,2026-07-22 00:15:00,47.0,False,1.0,50.333333,True,50.333333,True,50.333333,True,0.0,0.0,0.0,True,0.0,True,0.0,True,0.0,True,50.333333,True,50.333333,True,50.333333,True,0.0,0.0,0.0,True,0.0,True,0.0,True,0.0,True,50.333333,True,50.333333,True,50.333333,True,0.0,0.0,0.0,True,0.0,True,0.0,True,0.0,True,15,0.055295,alert already on (left-censored),False
202607220314,C1.4,C,-5.853872,2026-07-22 03:14:00,2026-07-22 03:23:00,2026-07-22 02:14:00,60.0,True,0.971429,5.333333,False,61.333333,False,5.333333,False,56.0,0.0,56.0,False,54.0,False,0.0,False,2.0,True,11.333333,False,65.333333,False,13.333333,False,54.0,2.0,0.0,False,54.0,False,52.0,False,2.0,True,13.333333,False,61.333333,False,15.333333,False,48.0,2.0,2.0,False,48.0,False,52.0,False,52.0,True,15,0.028958,,True
202607220332,C6.8,C,-5.167491,2026-07-22 03:32:00,2026-07-22 03:38:00,2026-07-22 03:32:00,0.0,False,0.75,4.333333,True,4.333333,True,4.333333,True,0.0,0.0,0.0,True,0.0,True,0.0,True,0.0,True,4.333333,True,4.333333,True,4.333333,True,0.0,0.0,0.0,True,0.0,True,0.0,True,0.0,True,4.333333,True,4.333333,True,4.333333,True,0.0,0.0,0.0,True,0.0,True,0.0,True,0.0,True,0,,lead-in under 10 min,False
202607220627,M3.5,M,-4.455932,2026-07-22 06:27:00,2026-07-22 06:35:00,2026-07-22 05:27:00,60.0,True,0.971429,53.333333,False,53.333333,False,45.333333,False,0.0,-8.0,2.0,False,0.0,False,0.0,False,6.0,False,53.333333,False,53.333333,False,45.333333,False,0.0,-8.0,2.0,False,0.0,False,0.0,False,0.0,False,51.333333,False,53.333333,False,45.333333,False,2.0,-6.0,2.0,False,0.0,False,2.0,False,0.0,False,15,0.015526,,True
202607221209,C3.0,C,-5.522879,2026-07-22 12:09:00,2026-07-22 12:18:00,2026-07-22 11:09:00,60.0,True,0.828571,58.333333,False,58.333333,False,58.333333,False,0.0,0.0,0.0,False,0.0,False,0.0,False,-6.0,False,58.333333,False,58.333333,False,64.333333,False,0.0,6.0,0.0,False,0.0,False,0.0,False,0.0,False,58.333333,False,58.333333,False,64.333333,False,0.0,6.0,0.0,False,0.0,False,0.0,False,2.0,False,10,-0.033782,,True
202607221546,C3.3,C,-5.481486,2026-07-22 15:46:00,2026-07-22 15:53:00,2026-07-22 14:46:00,60.0,True,0.970588,47.333333,False,49.333333,False,47.333333,False,2.0,0.0,2.0,False,0.0,False,0.0,True,0.0,True,49.333333,False,49.333333,False,49.333333,False,0.0,0.0,2.0,False,0.0,False,0.0,True,0.0,True,47.333333,False,49.333333,False,55.333333,False,2.0,8.0,0.0,False,2.0,False,-10.0,True,0.0,True,15,-0.034947,,True
202607221842,C5.4,C,-5.267606,2026-07-22 18:42:00,2026-07-22 18:51:00,2026-07-22 17:42:00,60.0,True,0.971429,65.333333,False,51.333333,False,1.333333,False,-14.0,-64.0,0.0,False,0.0,False,0.0,False,0.0,False,53.333333,False,51.333333,False,51.333333,False,-2.0,-2.0,0.0,False,0.0,False,0.0,False,0.0,False,53.333333,False,53.333333,False,53.333333,False,0.0,0.0,0.0,False,0.0,False,0.0,False,2.0,False,15,-0.053075,,True
202607230249,C1.7,C,-5.769551,2026-07-23 02:49:00,2026-07-23 02:53:00,2026-07-23 01:49:00,60.0,True,0.969697,63.333333,True,63.333333,True,63.333333,True,0.0,0.0,0.0,True,0.0,True,0.0,True,0.0,True,63.333333,True,63.333333,True,63.333333,True,0.0,0.0,0.0,True,0.0,True,0.0,True,0.0,True,63.333333,True,63.333333,True,63.333333,True,0.0,0.0,-2.0,True,0.0,True,0.0,True,0.0,True,15,-0.067341,alert already on (left-censored),False
202607230303,C1.5,C,-5.823909,2026-07-23 03:03:00,2026-07-23 03:12:00,2026-07-23 02:57:00,6.0,False,1.0,14.333333,True,14.333333,True,14.333333,True,0.0,0.0,-12.0,True,0.0,True,0.0,True,0.0,True,14.333333,True,14.333333,True,14.333333,True,0.0,0.0,-12.0,True,0.0,True,0.0,True,0.0,True,14.333333,True,14.333333,True,14.333333,True,0.0,0.0,-12.0,True,0.0,True,0.0,True,0.0,True,3,,lead-in under 10 min,False
202607230314,C2.0,C,-5.69897,2026-07-23 03:14:00,2026-07-23 03:18:00,2026-07-23 03:14:00,0.0,False,0.666667,2.333333,True,2.333333,True,2.333333,True,0.0,0.0,0.0,True,0.0,True,0.0,True,0.0,True,2.333333,True,2.333333,True,2.333333,True,0.0,0.0,0.0,True,0.0,True,0.0,True,0.0,True,2.333333,True,2.333333,True,2.333333,True,0.0,0.0,0.0,True,0.0,True,0.0,True,0.0,True,0,,lead-in under 10 min,False
202607230324,C5.3,C,-5.275724,2026-07-23 03:24:00,2026-07-23 03:27:00,2026-07-23 03:24:00,0.0,False,0.5,1.333333,True,1.333333,True,1.333333,True,0.0,0.0,0.0,True,0.0,True,0.0,True,0.0,True,1.333333,True,1.333333,True,1.333333,True,0.0,0.0,0.0,True,0.0,True,0.0,True,0.0,True,1.333333,True,1.333333,True,1.333333,True,0.0,0.0,0.0,True,0.0,True,0.0,True,0.0,True,0,,lead-in under 10 min,False
202607230638,C1.3,C,-5.886057,2026-07-23 06:38:00,2026-07-23 06:44:00,2026-07-23 05:38:00,60.0,True,0.970588,12.333333,False,20.333333,False,12.333333,False,8.0,0.0,8.0,False,8.0,False,0.0,False,18.0,True,32.333333,False,20.333333,False,20.333333,False,-12.0,-12.0,8.0,False,8.0,False,0.0,False,6.0,True,12.333333,False,32.333333,False,64.333333,True,20.0,52.0,8.0,False,20.0,False,18.0,True,0.0,True,15,0.017625,,True
202607230957,C1.3,C,-5.886057,2026-07-23 09:57:00,2026-07-23 10:02:00,2026-07-23 08:57:00,60.0,True,1.0,52.333333,False,52.333333,False,16.333333,False,0.0,-36.0,0.0,False,0.0,False,-8.0,False,-8.0,False,60.333333,False,52.333333,False,26.333333,False,-8.0,-34.0,0.0,False,0.0,False,-8.0,False,0.0,False,60.333333,False,52.333333,False,64.333333,True,-8.0,4.0,-36.0,False,-8.0,False,-8.0,False,0.0,True,15,-0.08951,,True
202607231645,C1.8,C,-5.744727,2026-07-23 16:45:00,2026-07-23 16:52:00,2026-07-23 15:45:00,60.0,True,1.0,46.333333,False,46.333333,False,46.333333,False,0.0,0.0,0.0,False,0.0,False,0.0,False,0.0,False,46.333333,False,46.333333,False,46.333333,False,0.0,0.0,0.0,False,0.0,False,0.0,False,0.0,False,46.333333,False,46.333333,False,46.333333,False,0.0,0.0,0.0,False,0.0,False,0.0,False,0.0,False,15,0.000153,,True
202607240005,C1.5,C,-5.823909,2026-07-24 00:05:00,2026-07-24 00:09:00,2026-07-23 23:05:00,60.0,True,0.848485,0.0,False,0.0,False,0.0,False,0.0,0.0,0.0,False,0.0,False,-2.0,False,-20.0,False,35.333333,False,0.0,False,0.0,False,-35.333333,-35.333333,0.0,False,0.0,False,0.0,False,-20.0,False,0.0,False,25.333333,False,35.333333,False,25.333333,35.333333,0.0,False,0.0,False,2.0,False,-20.0,False,13,0.000287,,True
202607240358,C1.8,C,-5.744727,2026-07-24 03:58:00,2026-07-24 04:05:00,2026-07-24 02:58:00,60.0,True,0.0,0.0,False,0.0,False,0.0,False,0.0,0.0,0.0,False,0.0,False,0.0,False,0.0,False,0.0,False,0.0,False,0.0,False,0.0,0.0,0.0,False,0.0,False,0.0,False,0.0,False,0.0,False,0.0,False,0.0,False,0.0,0.0,0.0,False,0.0,False,0.0,False,0.0,False,0,,common coverage under 80%,False
202607240414,C2.4,C,-5.619789,2026-07-24 04:14:00,2026-07-24 04:27:00,2026-07-24 04:08:00,6.0,False,0.0,0.0,False,0.0,False,0.0,False,0.0,0.0,0.0,False,0.0,False,0.0,False,0.0,False,0.0,False,0.0,False,0.0,False,0.0,0.0,0.0,False,0.0,False,0.0,False,0.0,False,0.0,False,0.0,False,0.0,False,0.0,0.0,0.0,False,0.0,False,0.0,False,0.0,False,0,,lead-in under 10 min,False
202607240639,C1.8,C,-5.744727,2026-07-24 06:39:00,2026-07-24 06:47:00,2026-07-24 05:39:00,60.0,True,0.0,0.0,False,0.0,False,0.0,False,0.0,0.0,0.0,False,0.0,False,0.0,False,0.0,False,0.0,False,0.0,False,0.0,False,0.0,0.0,0.0,False,0.0,False,0.0,False,0.0,False,0.0,False,0.0,False,0.0,False,0.0,0.0,0.0,False,0.0,False,0.0,False,0.0,False,0,,common coverage under 80%,False
202607242052,C2.6,C,-5.585027,2026-07-24 20:52:00,2026-07-24 21:05:00,2026-07-24 19:52:00,60.0,True,0.972973,57.333333,False,11.333333,False,57.333333,False,-46.0,0.0,-46.0,False,-46.0,False,0.0,False,0.0,False,57.333333,False,11.333333,False,57.333333,False,-46.0,0.0,-48.0,False,-46.0,False,0.0,False,0.0,False,57.333333,False,11.333333,False,57.333333,False,-46.0,0.0,-48.0,False,-46.0,False,-46.0,False,0.0,False,15,-0.045895,,True
202607242146,C3.0,C,-5.522879,2026-07-24 21:46:00,2026-07-24 22:03:00,2026-07-24 21:13:00,33.0,False,0.961538,49.333333,True,11.333333,False,11.333333,False,-38.0,-38.0,-38.0,True,-26.0,True,-26.0,True,-26.0,True,49.333333,True,11.333333,False,11.333333,False,-38.0,-38.0,0.0,False,-38.0,True,-38.0,True,-26.0,True,9.333333,False,9.333333,False,9.333333,False,0.0,0.0,0.0,False,0.0,False,0.0,False,0.0,False,15,-0.043251,,True
202607250130,C1.8,C,-5.744727,2026-07-25 01:30:00,2026-07-25 01:41:00,2026-07-25 00:30:00,60.0,True,0.972222,11.333333,False,65.333333,False,9.333333,False,54.0,-2.0,56.0,False,6.0,True,6.0,True,0.0,True,63.333333,False,69.333333,True,69.333333,True,6.0,6.0,56.0,False,58.0,True,6.0,True,0.0,True,13.333333,False,69.333333,True,69.333333,True,56.0,56.0,0.0,False,58.0,True,6.0,True,0.0,True,15,-0.040272,alert already on (left-censored),False
202607250344,C2.0,C,-5.69897,2026-07-25 03:44:00,2026-07-25 03:51:00,2026-07-25 02:44:00,60.0,True,0.970588,23.333333,False,23.333333,False,23.333333,False,0.0,0.0,0.0,False,0.0,False,0.0,False,-24.0,False,23.333333,False,23.333333,False,23.333333,False,0.0,0.0,-20.0,False,0.0,False,0.0,False,0.0,False,5.333333,False,3.333333,False,5.333333,False,-2.0,0.0,0.0,False,0.0,False,-18.0,False,-18.0,False,15,-0.085195,,True
202607250536,C1.9,C,-5.721246,2026-07-25 05:36:00,2026-07-25 05:44:00,2026-07-25 04:36:00,60.0,True,0.971429,2.333333,False,2.333333,False,2.333333,False,0.0,0.0,0.0,False,0.0,False,0.0,False,0.0,False,2.333333,False,2.333333,False,2.333333,False,0.0,0.0,0.0,False,0.0,False,0.0,False,0.0,False,2.333333,False,2.333333,False,2.333333,False,0.0,0.0,0.0,False,0.0,False,0.0,False,0.0,False,15,-0.019041,,True
202607252123,C1.6,C,-5.79588,2026-07-25 21:23:00,2026-07-25 21:36:00,2026-07-25 20:23:00,60.0,True,1.0,42.333333,False,40.333333,False,42.333333,False,-2.0,0.0,-2.0,False,0.0,False,14.0,False,14.0,False,42.333333,False,40.333333,False,42.333333,False,-2.0,0.0,-2.0,False,-2.0,False,14.0,False,14.0,False,42.333333,False,40.333333,False,42.333333,False,-2.0,0.0,2.0,False,-2.0,False,28.0,False,0.0,False,15,-0.022837,,True
202607260300,C1.5,C,-5.823909,2026-07-26 03:00:00,2026-07-26 03:10:00,2026-07-26 02:00:00,60.0,True,0.972222,64.333333,False,6.333333,False,6.333333,False,-58.0,-58.0,-2.0,False,-58.0,False,-56.0,False,0.0,False,64.333333,False,6.333333,False,64.333333,False,-58.0,0.0,-2.0,False,-58.0,False,-56.0,False,0.0,False,64.333333,False,6.333333,False,64.333333,False,-58.0,0.0,0.0,False,-58.0,False,-2.0,False,0.0,True,15,-0.032791,,True
202607260314,C1.5,C,-5.823909,2026-07-26 03:14:00,2026-07-26 03:23:00,2026-07-26 03:14:00,0.0,False,0.8,7.333333,True,7.333333,True,7.333333,True,0.0,0.0,0.0,True,0.0,True,0.0,True,0.0,True,7.333333,True,7.333333,True,7.333333,True,0.0,0.0,0.0,True,0.0,True,0.0,True,0.0,True,7.333333,True,7.333333,True,7.333333,True,0.0,0.0,0.0,True,0.0,True,0.0,True,0.0,True,0,,lead-in under 10 min,False
202607260518,C2.0,C,-5.69897,2026-07-26 05:18:00,2026-07-26 05:25:00,2026-07-26 04:18:00,60.0,True,0.970588,5.333333,False,1.333333,False,1.333333,False,-4.0,-4.0,0.0,False,0.0,False,20.0,False,46.0,False,5.333333,False,5.333333,False,1.333333,False,0.0,-4.0,0.0,False,0.0,False,0.0,False,0.0,False,1.333333,False,5.333333,False,5.333333,False,4.0,4.0,0.0,False,0.0,False,0.0,False,0.0,False,15,-0.061086,,True
202607260725,C4.2,C,-5.376751,2026-07-26 07:25:00,2026-07-26 07:31:00,2026-07-26 06:25:00,60.0,True,0.970588,1.333333,False,1.333333,False,1.333333,False,0.0,0.0,0.0,False,0.0,False,0.0,False,0.0,False,1.333333,False,1.333333,False,1.333333,False,0.0,0.0,0.0,False,0.0,False,0.0,False,0.0,False,1.333333,False,1.333333,False,3.333333,False,0.0,2.0,0.0,False,0.0,False,0.0,False,2.0,False,15,-0.035327,,True
202607261005,C1.9,C,-5.721246,2026-07-26 10:05:00,2026-07-26 10:14:00,2026-07-26 09:05:00,60.0,True,1.0,28.333333,False,28.333333,False,28.333333,False,0.0,0.0,0.0,False,-2.0,False,-2.0,False,0.0,False,30.333333,False,28.333333,False,28.333333,False,-2.0,-2.0,0.0,False,-2.0,False,-2.0,False,0.0,False,30.333333,False,28.333333,False,30.333333,False,-2.0,0.0,-26.0,False,-2.0,False,-2.0,False,2.0,False,15,-0.064612,,True
202607261348,C1.6,C,-5.79588,2026-07-26 13:48:00,2026-07-26 13:57:00,2026-07-26 12:48:00,60.0,True,0.971429,47.333333,False,3.333333,False,3.333333,False,-44.0,-44.0,0.0,False,-42.0,False,-44.0,False,-12.0,False,47.333333,False,5.333333,False,65.333333,False,-42.0,18.0,0.0,False,-42.0,False,-44.0,False,-12.0,False,3.333333,False,5.333333,False,65.333333,False,2.0,62.0,0.0,False,0.0,False,-56.0,False,-12.0,False,15,-0.035594,,True
202607261404,C1.4,C,-5.853872,2026-07-26 14:04:00,2026-07-26 14:09:00,2026-07-26 14:04:00,0.0,False,0.666667,3.333333,True,3.333333,True,3.333333,True,0.0,0.0,0.0,True,0.0,True,0.0,True,0.0,True,3.333333,True,3.333333,True,3.333333,True,0.0,0.0,0.0,True,0.0,True,0.0,True,0.0,True,3.333333,True,3.333333,True,3.333333,True,0.0,0.0,0.0,True,0.0,True,0.0,True,0.0,True,0,,lead-in under 10 min,False
202607261517,M3.2,M,-4.49485,2026-07-26 15:17:00,2026-07-26 15:28:00,2026-07-26 14:17:00,60.0,True,1.0,4.333333,False,4.333333,False,4.333333,False,0.0,0.0,0.0,False,16.0,False,0.0,False,0.0,False,4.333333,False,4.333333,False,4.333333,False,0.0,0.0,0.0,False,0.0,False,0.0,False,0.0,False,4.333333,False,4.333333,False,4.333333,False,0.0,0.0,0.0,False,0.0,False,0.0,False,0.0,False,15,-0.037332,,True
202607270232,M1.0,M,-5.0,2026-07-27 02:32:00,2026-07-27 02:43:00,2026-07-27 01:32:00,60.0,True,0.972222,3.333333,False,3.333333,False,3.333333,False,0.0,0.0,0.0,False,-32.0,False,-62.0,False,0.0,True,37.333333,False,3.333333,False,3.333333,False,-34.0,-34.0,0.0,False,-34.0,False,-64.0,True,0.0,True,67.333333,False,3.333333,False,69.333333,True,-64.0,2.0,0.0,False,-34.0,False,-64.0,True,0.0,True,15,-0.048717,,True
202607271336,C1.5,C,-5.823909,2026-07-27 13:36:00,2026-07-27 13:42:00,2026-07-27 12:36:00,60.0,True,0.970588,12.333333,False,2.333333,False,12.333333,False,-10.0,0.0,0.0,False,-54.0,False,-54.0,False,-56.0,False,56.333333,False,2.333333,False,12.333333,False,-54.0,-44.0,-2.0,False,-10.0,False,-54.0,False,-56.0,False,2.333333,False,2.333333,False,56.333333,False,0.0,54.0,-2.0,False,-2.0,False,-54.0,False,-56.0,False,15,-0.048337,,True
202607271713,C2.8,C,-5.552842,2026-07-27 17:13:00,2026-07-27 17:25:00,2026-07-27 16:13:00,60.0,True,0.972973,31.333333,False,31.333333,False,31.333333,False,0.0,0.0,-26.0,False,-30.0,False,-30.0,False,-32.0,False,61.333333,False,31.333333,False,31.333333,False,-30.0,-30.0,-26.0,False,-30.0,False,-30.0,False,-32.0,False,61.333333,False,31.333333,False,31.333333,False,-30.0,-30.0,-26.0,False,-56.0,False,-30.0,False,-32.0,False,15,-0.041149,,True
202607271935,C3.7,C,-5.431798,2026-07-27 19:35:00,2026-07-27 19:48:00,2026-07-27 18:35:00,60.0,True,1.0,6.333333,False,6.333333,False,6.333333,False,0.0,0.0,0.0,False,-2.0,False,-2.0,False,-4.0,False,8.333333,False,6.333333,False,6.333333,False,-2.0,-2.0,0.0,False,-2.0,False,-2.0,False,-4.0,False,8.333333,False,6.333333,False,8.333333,False,-2.0,0.0,0.0,False,-2.0,False,-4.0,False,-4.0,False,15,-0.082372,,True
202607272233,C3.3,C,-5.481486,2026-07-27 22:33:00,2026-07-27 22:44:00,2026-07-27 21:33:00,60.0,True,1.0,6.333333,False,6.333333,False,6.333333,False,0.0,0.0,0.0,False,0.0,False,2.0,False,0.0,False,6.333333,False,6.333333,False,6.333333,False,0.0,0.0,0.0,False,0.0,False,0.0,False,0.0,False,6.333333,False,6.333333,False,6.333333,False,0.0,0.0,-2.0,False,0.0,False,0.0,False,-30.0,False,15,-0.051537,,True
202607272251,C3.5,C,-5.455932,2026-07-27 22:51:00,2026-07-27 22:59:00,2026-07-27 22:48:00,3.0,False,0.833333,3.333333,False,5.333333,False,3.333333,False,2.0,0.0,2.0,False,2.0,False,-4.0,True,-4.0,True,3.333333,False,5.333333,False,3.333333,False,2.0,0.0,0.0,False,2.0,False,2.0,False,2.0,False,3.333333,False,3.333333,False,3.333333,False,0.0,0.0,0.0,False,0.0,False,2.0,False,2.0,False,1,,lead-in under 10 min,False
202607280208,C1.7,C,-5.769551,2026-07-28 02:08:00,2026-07-28 02:15:00,2026-07-28 01:08:00,60.0,True,0.970588,1.333333,False,1.333333,False,65.333333,True,0.0,64.0,0.0,False,0.0,False,62.0,True,0.0,True,1.333333,False,1.333333,False,65.333333,True,0.0,64.0,0.0,False,0.0,False,0.0,False,62.0,True,1.333333,False,1.333333,False,65.333333,True,0.0,64.0,0.0,False,0.0,False,-2.0,False,62.0,True,15,-0.062796,,True
202607280307,C5.1,C,-5.29243,2026-07-28 03:07:00,2026-07-28 03:19:00,2026-07-28 02:19:00,48.0,False,0.967742,59.333333,True,59.333333,True,59.333333,True,0.0,0.0,0.0,True,0.0,True,0.0,True,0.0,True,59.333333,True,59.333333,True,59.333333,True,0.0,0.0,0.0,True,0.0,True,0.0,True,0.0,True,59.333333,True,59.333333,True,59.333333,True,0.0,0.0,-56.0,True,-56.0,True,0.0,True,0.0,True,15,-0.035645,alert already on (left-censored),False
202607281113,C1.4,C,-5.853872,2026-07-28 11:13:00,2026-07-28 11:20:00,2026-07-28 10:13:00,60.0,True,1.0,56.333333,False,2.333333,False,2.333333,False,-54.0,-54.0,-2.0,False,-8.0,False,8.0,True,2.0,True,56.333333,False,48.333333,False,34.333333,False,-8.0,-22.0,-2.0,False,-8.0,False,8.0,True,2.0,True,56.333333,False,54.333333,False,56.333333,False,-2.0,0.0,-2.0,False,-8.0,False,2.0,True,2.0,True,15,-0.052996,,True
202607281740,C1.5,C,-5.823909,2026-07-28 17:40:00,2026-07-28 17:47:00,2026-07-28 16:40:00,60.0,True,0.970588,47.333333,False,47.333333,False,47.333333,False,0.0,0.0,0.0,False,0.0,False,-2.0,False,-8.0,False,47.333333,False,47.333333,False,47.333333,False,0.0,0.0,0.0,False,0.0,False,-2.0,False,-8.0,False,47.333333,False,47.333333,False,47.333333,False,0.0,0.0,0.0,False,0.0,False,-2.0,False,-8.0,False,15,-0.067352,,True
202607282336,C1.7,C,-5.769551,2026-07-28 23:36:00,2026-07-28 23:45:00,2026-07-28 22:36:00,60.0,True,0.971429,45.333333,False,45.333333,False,43.333333,False,0.0,-2.0,0.0,False,0.0,False,-4.0,False,-2.0,True,45.333333,False,45.333333,False,45.333333,False,0.0,0.0,0.0,False,0.0,False,-22.0,True,-2.0,True,45.333333,False,45.333333,False,45.333333,False,0.0,0.0,-34.0,False,0.0,False,-22.0,True,0.0,True,15,-0.047459,,True
202607290019,C1.6,C,-5.79588,2026-07-29 00:19:00,2026-07-29 00:22:00,2026-07-28 23:55:00,24.0,False,1.0,26.333333,True,26.333333,True,26.333333,True,0.0,0.0,0.0,True,0.0,True,0.0,True,0.0,True,26.333333,True,26.333333,True,26.333333,True,0.0,0.0,0.0,True,0.0,True,0.0,True,0.0,True,26.333333,True,26.333333,True,26.333333,True,0.0,0.0,0.0,True,0.0,True,0.0,True,0.0,True,12,-0.102783,alert already on (left-censored),False
202607290431,C1.2,C,-5.920819,2026-07-29 04:31:00,2026-07-29 04:38:00,2026-07-29 03:31:00,60.0,True,1.0,62.333333,False,62.333333,False,62.333333,False,0.0,0.0,0.0,False,0.0,False,0.0,False,0.0,False,62.333333,False,62.333333,False,62.333333,False,0.0,0.0,0.0,False,0.0,False,0.0,False,0.0,False,62.333333,False,62.333333,False,62.333333,False,0.0,0.0,0.0,False,0.0,False,0.0,False,0.0,False,15,-0.021794,,True
202607291610,C1.6,C,-5.79588,2026-07-29 16:10:00,2026-07-29 16:19:00,2026-07-29 15:10:00,60.0,True,0.971429,65.333333,False,5.333333,False,65.333333,False,-60.0,0.0,-58.0,False,-22.0,False,0.0,False,0.0,False,65.333333,False,27.333333,False,65.333333,False,-38.0,0.0,-58.0,False,-38.0,False,0.0,False,0.0,False,65.333333,False,43.333333,False,65.333333,False,-22.0,0.0,-60.0,False,-60.0,False,0.0,False,0.0,False,15,-0.034243,,True
202607291719,C1.3,C,-5.886057,2026-07-29 17:19:00,2026-07-29 17:24:00,2026-07-29 16:25:00,54.0,False,1.0,58.333333,True,58.333333,True,58.333333,True,0.0,0.0,0.0,True,0.0,True,0.0,True,0.0,True,58.333333,True,58.333333,True,58.333333,True,0.0,0.0,0.0,True,0.0,True,0.0,True,0.0,True,58.333333,True,0.333333,False,58.333333,True,-58.0,0.0,-58.0,True,-58.0,True,0.0,True,0.0,True,15,-0.055416,alert already on (left-censored),False
202607300544,C3.8,C,-5.420216,2026-07-30 05:44:00,2026-07-30 06:06:00,2026-07-30 04:44:00,60.0,True,0.97619,44.333333,False,18.333333,False,18.333333,False,-26.0,-26.0,0.0,False,-26.0,False,-60.0,False,-60.0,False,44.333333,False,18.333333,False,18.333333,False,-26.0,-26.0,-26.0,False,-26.0,False,-60.0,False,-62.0,True,78.333333,False,18.333333,False,44.333333,False,-60.0,-34.0,-26.0,False,-60.0,False,-62.0,True,-62.0,True,15,-0.067457,,True
202607301553,M1.9,M,-4.721246,2026-07-30 15:53:00,2026-07-30 17:00:00,2026-07-30 14:53:00,60.0,True,1.0,108.333333,False,126.333333,True,106.333333,False,18.0,-2.0,24.0,True,18.0,True,18.0,True,18.0,True,108.333333,False,126.333333,True,106.333333,False,18.0,-2.0,24.0,True,18.0,True,18.0,True,18.0,True,106.333333,False,126.333333,True,106.333333,False,20.0,0.0,62.0,True,22.0,True,18.0,True,18.0,True,15,0.44476,alert already on (left-censored),False
202607310121,C1.8,C,-5.744727,2026-07-31 01:21:00,2026-07-31 01:29:00,2026-07-31 00:21:00,60.0,True,0.971429,67.333333,True,67.333333,True,67.333333,True,0.0,0.0,0.0,True,0.0,True,0.0,True,0.0,True,67.333333,True,67.333333,True,67.333333,True,0.0,0.0,0.0,True,0.0,True,0.0,True,0.0,True,67.333333,True,67.333333,True,67.333333,True,0.0,0.0,0.0,True,0.0,True,0.0,True,0.0,True,15,0.038725,alert already on (left-censored),False
202607310231,C2.3,C,-5.638272,2026-07-31 02:31:00,2026-07-31 02:39:00,2026-07-31 01:37:00,54.0,False,0.96875,61.333333,True,61.333333,True,61.333333,True,0.0,0.0,0.0,True,0.0,True,0.0,True,0.0,True,61.333333,True,61.333333,True,61.333333,True,0.0,0.0,0.0,True,0.0,True,0.0,True,0.0,True,61.333333,True,61.333333,True,61.333333,True,0.0,0.0,0.0,True,0.0,True,0.0,True,0.0,True,15,-0.061989,alert already on (left-censored),False
202607310305,C3.1,C,-5.508638,2026-07-31 03:05:00,2026-07-31 03:16:00,2026-07-31 02:48:00,17.0,False,0.933333,6.333333,False,26.333333,True,26.333333,True,20.0,20.0,20.0,True,0.0,True,0.0,True,0.0,True,6.333333,False,26.333333,True,26.333333,True,20.0,20.0,20.0,True,20.0,True,0.0,True,0.0,True,2.333333,False,26.333333,True,26.333333,True,24.0,24.0,4.0,False,24.0,True,20.0,True,20.0,True,8,-0.029207,alert already on (left-censored),False
202607310641,C2.4,C,-5.619789,2026-07-31 06:41:00,2026-07-31 06:47:00,2026-07-31 05:41:00,60.0,True,0.970588,55.333333,False,45.333333,False,63.333333,False,-10.0,8.0,-8.0,False,10.0,True,0.0,True,0.0,True,65.333333,True,65.333333,True,65.333333,True,0.0,0.0,-10.0,False,0.0,True,0.0,True,0.0,True,65.333333,True,65.333333,True,65.333333,True,0.0,0.0,0.0,True,0.0,True,0.0,True,0.0,True,15,0.032677,alert already on (left-censored),False
202607310825,C1.4,C,-5.853872,2026-07-31 08:25:00,2026-07-31 08:34:00,2026-07-31 07:25:00,60.0,True,1.0,2.333333,False,4.333333,False,2.333333,False,2.0,0.0,2.0,False,2.0,False,0.0,True,0.0,True,2.333333,False,4.333333,False,2.333333,False,2.0,0.0,0.0,False,2.0,False,2.0,False,66.0,True,2.333333,False,4.333333,False,2.333333,False,2.0,0.0,0.0,False,0.0,False,2.0,False,2.0,False,15,-0.014676,,True
202607311109,C2.3,C,-5.638272,2026-07-31 11:09:00,2026-07-31 11:19:00,2026-07-31 10:09:00,60.0,True,0.972222,43.333333,False,15.333333,False,7.333333,False,-28.0,-36.0,0.0,False,-28.0,False,-26.0,True,-12.0,True,43.333333,False,15.333333,False,37.333333,False,-28.0,-6.0,0.0,False,-28.0,False,0.0,False,0.0,False,43.333333,False,43.333333,False,43.333333,False,0.0,0.0,-36.0,False,0.0,False,0.0,False,18.0,False,15,-0.031897,,True
202607311136,C2.5,C,-5.60206,2026-07-31 11:36:00,2026-07-31 11:41:00,2026-07-31 11:29:00,7.0,False,0.857143,11.333333,True,3.333333,False,1.333333,False,-8.0,-10.0,-8.0,True,-8.0,True,-8.0,True,0.0,True,11.333333,True,3.333333,False,1.333333,False,-8.0,-10.0,-10.0,True,-8.0,True,-8.0,True,-8.0,True,11.333333,True,1.333333,False,1.333333,False,-10.0,-10.0,0.0,False,-10.0,True,-8.0,True,-8.0,True,4,,lead-in under 10 min,False
202607311143,C3.9,C,-5.408935,2026-07-31 11:43:00,2026-07-31 11:47:00,2026-07-31 11:43:00,0.0,False,0.666667,3.333333,True,3.333333,True,3.333333,True,0.0,0.0,0.0,True,0.0,True,0.0,True,0.0,True,3.333333,True,3.333333,True,3.333333,True,0.0,0.0,0.0,True,0.0,True,0.0,True,0.0,True,3.333333,True,3.333333,True,3.333333,True,0.0,0.0,0.0,True,0.0,True,0.0,True,0.0,True,0,,lead-in under 10 min,False
202607311347,C1.7,C,-5.769551,2026-07-31 13:47:00,2026-07-31 13:57:00,2026-07-31 12:47:00,60.0,True,0.972222,5.333333,False,5.333333,False,5.333333,False,0.0,0.0,-2.0,False,0.0,False,0.0,False,0.0,False,5.333333,False,5.333333,False,3.333333,False,0.0,-2.0,0.0,False,0.0,False,0.0,False,0.0,False,3.333333,False,3.333333,False,3.333333,False,0.0,0.0,0.0,False,0.0,False,0.0,False,0.0,False,15,-0.062411,,True
202607311803,C1.6,C,-5.79588,2026-07-31 18:03:00,2026-07-31 18:13:00,2026-07-31 17:03:00,60.0,True,0.972222,37.333333,False,5.333333,False,5.333333,False,-32.0,-32.0,0.0,False,-32.0,False,26.0,False,2.0,False,37.333333,False,5.333333,False,5.333333,False,-32.0,-32.0,-2.0,False,-32.0,False,-32.0,False,2.0,False,37.333333,False,5.333333,False,5.333333,False,-32.0,-32.0,-2.0,False,-34.0,False,-56.0,False,2.0,False,15,-0.067418,,True
202608010222,C1.1,C,-5.958607,2026-08-01 02:22:00,2026-08-01 02:26:00,2026-08-01 01:22:00,60.0,True,0.969697,0.333333,False,0.333333,False,0.333333,False,0.0,0.0,0.0,False,0.0,False,0.0,False,0.0,False,0.333333,False,0.333333,False,0.333333,False,0.0,0.0,0.0,False,0.0,False,0.0,False,0.0,False,0.333333,False,0.333333,False,0.333333,False,0.0,0.0,0.0,False,0.0,False,0.0,False,0.0,False,15,-0.097056,,True
202608011324,C1.0,C,-6.0,2026-08-01 13:24:00,2026-08-01 13:30:00,2026-08-01 12:24:00,60.0,True,0.970588,0.333333,False,0.333333,False,0.333333,False,0.0,0.0,0.0,False,0.0,False,0.0,False,0.0,False,0.333333,False,0.333333,False,0.333333,False,0.0,0.0,0.0,False,0.0,False,0.0,False,0.0,False,0.333333,False,0.333333,False,0.333333,False,0.0,0.0,0.0,False,0.0,False,0.0,False,0.0,False,15,-0.120393,,True
202608012002,C2.0,C,-5.69897,2026-08-01 20:02:00,2026-08-01 20:11:00,2026-08-01 19:02:00,60.0,True,0.971429,3.333333,False,3.333333,False,3.333333,False,0.0,0.0,0.0,False,0.0,False,-58.0,False,-58.0,False,3.333333,False,3.333333,False,3.333333,False,0.0,0.0,0.0,False,0.0,False,-8.0,False,-58.0,False,3.333333,False,3.333333,False,3.333333,False,0.0,0.0,0.0,False,0.0,False,0.0,False,-56.0,False,15,-0.045111,,True
202608012020,C1.9,C,-5.721246,2026-08-01 20:20:00,2026-08-01 20:26:00,2026-08-01 20:20:00,0.0,False,0.75,4.333333,True,4.333333,True,4.333333,True,0.0,0.0,0.0,True,0.0,True,0.0,True,0.0,True,4.333333,True,4.333333,True,4.333333,True,0.0,0.0,0.0,True,0.0,True,0.0,True,0.0,True,4.333333,True,4.333333,True,4.333333,True,0.0,0.0,0.0,True,0.0,True,0.0,True,0.0,True,0,,lead-in under 10 min,False
202608012229,C2.5,C,-5.60206,2026-08-01 22:29:00,2026-08-01 22:40:00,2026-08-01 21:29:00,60.0,True,1.0,62.333333,False,12.333333,False,66.333333,False,-50.0,4.0,-14.0,False,-42.0,False,-46.0,False,-4.0,False,62.333333,False,20.333333,False,62.333333,False,-42.0,0.0,-14.0,False,-42.0,False,-42.0,False,-38.0,False,20.333333,False,20.333333,False,24.333333,False,0.0,4.0,-14.0,False,0.0,False,0.0,False,4.0,False,15,-0.046853,,True
202608020020,C4.0,C,-5.39794,2026-08-02 00:20:00,2026-08-02 00:33:00,2026-08-01 23:20:00,60.0,True,0.945946,7.333333,False,7.333333,False,11.333333,False,0.0,4.0,0.0,False,0.0,False,2.0,False,0.0,False,7.333333,False,7.333333,False,11.333333,False,0.0,4.0,0.0,False,0.0,False,0.0,False,-2.0,False,7.333333,False,7.333333,False,7.333333,False,0.0,0.0,-2.0,False,0.0,False,0.0,False,0.0,False,14,-0.018698,,True
202608020155,C1.6,C,-5.79588,2026-08-02 01:55:00,2026-08-02 02:02:00,2026-08-02 00:55:00,60.0,True,1.0,4.333333,False,4.333333,False,4.333333,False,0.0,0.0,0.0,False,0.0,False,0.0,False,0.0,False,4.333333,False,4.333333,False,4.333333,False,0.0,0.0,0.0,False,0.0,False,0.0,False,0.0,False,4.333333,False,4.333333,False,4.333333,False,0.0,0.0,0.0,False,0.0,False,0.0,False,0.0,False,15,-0.02567,,True
202608020519,C6.3,C,-5.200659,2026-08-02 05:19:00,2026-08-02 05:35:00,2026-08-02 04:19:00,60.0,True,0.974359,75.333333,True,75.333333,True,73.333333,False,0.0,-2.0,0.0,False,0.0,True,0.0,True,0.0,True,75.333333,True,75.333333,True,73.333333,False,0.0,-2.0,0.0,False,0.0,True,0.0,True,0.0,True,75.333333,True,75.333333,True,75.333333,True,0.0,0.0,0.0,False,0.0,True,0.0,True,0.0,True,15,-0.045807,alert already on (left-censored),False
202608031128,C1.4,C,-5.853872,2026-08-03 11:28:00,2026-08-03 11:33:00,2026-08-03 10:28:00,60.0,True,0.969697,29.333333,False,31.333333,False,29.333333,False,2.0,0.0,2.0,False,0.0,False,0.0,False,0.0,False,29.333333,False,31.333333,False,29.333333,False,2.0,0.0,-6.0,False,2.0,False,0.0,False,0.0,False,29.333333,False,23.333333,False,11.333333,False,-6.0,-18.0,1.333333,False,-6.0,False,2.0,False,2.0,False,15,-0.018599,,True
202608041152,C1.2,C,-5.920819,2026-08-04 11:52:00,2026-08-04 11:58:00,2026-08-04 10:52:00,60.0,True,0.970588,0.333333,False,0.333333,False,0.333333,False,0.0,0.0,0.0,False,0.0,False,0.0,False,0.0,False,0.333333,False,0.333333,False,0.333333,False,0.0,0.0,0.0,False,0.0,False,0.0,False,0.0,False,0.333333,False,0.333333,False,0.333333,False,0.0,0.0,0.0,False,0.0,False,0.0,False,0.0,False,15,-0.067327,,True
202608041402,C1.0,C,-6.0,2026-08-04 14:02:00,2026-08-04 14:08:00,2026-08-04 13:02:00,60.0,True,0.970588,4.333333,False,4.333333,False,2.333333,False,0.0,-2.0,0.0,False,0.0,False,0.0,False,-4.0,False,4.333333,False,4.333333,False,2.333333,False,0.0,-2.0,0.0,False,0.0,False,0.0,False,0.0,False,4.333333,False,4.333333,False,2.333333,False,0.0,-2.0,-2.0,False,0.0,False,0.0,False,0.0,False,15,-0.040799,,True
202608041526,C1.1,C,-5.958607,2026-08-04 15:26:00,2026-08-04 15:34:00,2026-08-04 14:26:00,60.0,True,0.971429,0.333333,False,0.333333,False,0.333333,False,0.0,0.0,0.0,False,0.0,False,0.0,False,0.0,False,0.333333,False,0.333333,False,0.333333,False,0.0,0.0,0.0,False,0.0,False,0.0,False,0.0,False,0.333333,False,0.333333,False,0.333333,False,0.0,0.0,0.0,False,0.0,False,0.0,False,0.0,False,15,-0.085299,,True
202608050556,C1.6,C,-5.79588,2026-08-05 05:56:00,2026-08-05 06:22:00,2026-08-05 04:56:00,60.0,True,0.977273,22.333333,False,20.333333,False,18.333333,False,-2.0,-4.0,2.0,False,-2.0,False,-2.0,False,0.0,False,22.333333,False,20.333333,False,18.333333,False,-2.0,-4.0,0.0,False,-2.0,False,-2.0,False,-2.0,False,18.333333,False,18.333333,False,18.333333,False,0.0,0.0,0.0,False,0.0,False,2.0,False,2.0,False,15,-0.062778,,True
202608061921,C1.0,C,-6.0,2026-08-06 19:21:00,2026-08-06 19:29:00,2026-08-06 18:21:00,60.0,True,0.971429,67.333333,True,67.333333,True,67.333333,True,0.0,0.0,0.0,True,0.0,True,0.0,True,0.0,True,67.333333,True,67.333333,True,67.333333,True,0.0,0.0,0.0,True,0.0,True,0.0,True,0.0,True,67.333333,True,67.333333,True,67.333333,True,0.0,0.0,0.0,True,0.0,True,0.0,True,0.0,True,15,0.023093,alert already on (left-censored),False
202608091525,C1.1,C,-5.958607,2026-08-09 15:25:00,2026-08-09 15:48:00,2026-08-09 14:25:00,60.0,True,1.0,68.333333,False,68.333333,False,68.333333,False,0.0,0.0,-26.0,False,0.0,False,0.0,False,0.0,False,68.333333,False,42.333333,False,68.333333,False,-26.0,0.0,0.0,False,-26.0,False,0.0,False,0.0,False,42.333333,False,42.333333,False,68.333333,False,0.0,26.0,0.0,False,0.0,False,0.0,False,0.0,False,15,-0.178884,,True
202608091630,C1.8,C,-5.744727,2026-08-09 16:30:00,2026-08-09 16:40:00,2026-08-09 15:54:00,36.0,False,0.958333,2.333333,False,2.333333,False,2.333333,False,0.0,0.0,0.0,False,0.0,False,0.0,False,-2.0,False,2.333333,False,2.333333,False,2.333333,False,0.0,0.0,0.0,False,0.0,False,0.0,False,0.0,False,2.333333,False,2.333333,False,2.333333,False,0.0,0.0,0.0,False,0.0,False,0.0,False,0.0,False,15,-0.056785,,True
202608091743,C1.0,C,-6.0,2026-08-09 17:43:00,2026-08-09 17:56:00,2026-08-09 16:46:00,57.0,False,0.972222,52.333333,False,2.333333,False,6.333333,False,-50.0,-46.0,-50.0,False,-44.0,False,-60.0,True,-60.0,True,52.333333,False,2.333333,False,6.333333,False,-50.0,-46.0,-4.0,False,-6.0,False,-50.0,False,-44.0,False,2.333333,False,2.333333,False,2.333333,False,0.0,0.0,-2.0,False,0.0,False,-4.0,False,-4.0,False,15,-0.026491,,True
202608091801,C1.1,C,-5.958607,2026-08-09 18:01:00,2026-08-09 18:06:00,2026-08-09 18:01:00,0.0,False,1.0,4.333333,True,4.333333,True,4.333333,True,0.0,0.0,0.0,True,0.0,True,0.0,True,0.0,True,4.333333,True,4.333333,True,4.333333,True,0.0,0.0,0.0,True,0.0,True,0.0,True,0.0,True,4.333333,True,4.333333,True,4.333333,True,0.0,0.0,0.0,True,0.0,True,0.0,True,0.0,True,0,,lead-in under 10 min,False
202608092026,C1.2,C,-5.920819,2026-08-09 20:26:00,2026-08-09 20:37:00,2026-08-09 19:26:00,60.0,True,0.972222,69.333333,True,69.333333,True,69.333333,True,0.0,0.0,0.0,True,0.0,True,0.0,True,0.0,True,69.333333,True,69.333333,True,69.333333,True,0.0,0.0,0.0,True,0.0,True,0.0,True,0.0,True,69.333333,True,69.333333,True,69.333333,True,0.0,0.0,0.0,True,0.0,True,0.0,True,0.0,True,15,-0.071337,alert already on (left-censored),False
202608092046,C1.0,C,-6.0,2026-08-09 20:46:00,2026-08-09 20:53:00,2026-08-09 20:46:00,0.0,False,0.75,5.333333,True,5.333333,True,5.333333,True,0.0,0.0,0.0,True,0.0,True,0.0,True,0.0,True,5.333333,True,5.333333,True,5.333333,True,0.0,0.0,0.0,True,0.0,True,0.0,True,0.0,True,5.333333,True,5.333333,True,5.333333,True,0.0,0.0,0.0,True,0.0,True,0.0,True,0.0,True,0,,lead-in under 10 min,False
202608101212,C1.0,C,-6.0,2026-08-10 12:12:00,2026-08-10 12:29:00,2026-08-10 11:12:00,60.0,True,0.0,0.0,False,0.0,False,0.0,False,0.0,0.0,0.0,False,0.0,False,0.0,False,0.0,False,0.0,False,0.0,False,0.0,False,0.0,0.0,0.0,False,0.0,False,0.0,False,0.0,False,0.0,False,0.0,False,0.0,False,0.0,0.0,0.0,False,0.0,False,0.0,False,0.0,False,0,,common coverage under 80%,False
202608101233,C2.4,C,-5.619789,2026-08-10 12:33:00,2026-08-10 13:16:00,2026-08-10 12:33:00,0.0,False,0.0,0.0,False,0.0,False,0.0,False,0.0,0.0,0.0,False,0.0,False,0.0,False,0.0,False,0.0,False,0.0,False,0.0,False,0.0,0.0,0.0,False,0.0,False,0.0,False,0.0,False,0.0,False,0.0,False,0.0,False,0.0,0.0,0.0,False,0.0,False,0.0,False,0.0,False,0,,lead-in under 10 min,False
202608111800,C1.7,C,-5.769551,2026-08-11 18:00:00,2026-08-11 18:07:00,2026-08-11 17:00:00,60.0,True,0.0,0.0,False,0.0,False,0.0,False,0.0,0.0,0.0,False,0.0,False,0.0,False,0.0,False,0.0,False,0.0,False,0.0,False,0.0,0.0,0.0,False,0.0,False,0.0,False,0.0,False,0.0,False,0.0,False,0.0,False,0.0,0.0,0.0,False,0.0,False,0.0,False,0.0,False,0,,common coverage under 80%,False
202608111959,C1.4,C,-5.853872,2026-08-11 19:59:00,2026-08-11 20:10:00,2026-08-11 18:59:00,60.0,True,0.0,0.0,False,0.0,False,0.0,False,0.0,0.0,0.0,False,0.0,False,0.0,False,0.0,False,0.0,False,0.0,False,0.0,False,0.0,0.0,0.0,False,0.0,False,0.0,False,0.0,False,0.0,False,0.0,False,0.0,False,0.0,0.0,0.0,False,0.0,False,0.0,False,0.0,False,0,,common coverage under 80%,False
202608112255,C2.5,C,-5.60206,2026-08-11 22:55:00,2026-08-11 23:04:00,2026-08-11 21:55:00,60.0,True,0.0,0.0,False,0.0,False,0.0,False,0.0,0.0,0.0,False,0.0,False,0.0,False,0.0,False,0.0,False,0.0,False,0.0,False,0.0,0.0,0.0,False,0.0,False,0.0,False,0.0,False,0.0,False,0.0,False,0.0,False,0.0,0.0,0.0,False,0.0,False,0.0,False,0.0,False,0,,common coverage under 80%,False
202608120728,C1.7,C,-5.769551,2026-08-12 07:28:00,2026-08-12 07:33:00,2026-08-12 06:28:00,60.0,True,0.0,0.0,False,0.0,False,0.0,False,0.0,0.0,0.0,False,0.0,False,0.0,False,0.0,False,0.0,False,0.0,False,0.0,False,0.0,0.0,0.0,False,0.0,False,0.0,False,0.0,False,0.0,False,0.0,False,0.0,False,0.0,0.0,0.0,False,0.0,False,0.0,False,0.0,False,0,,common coverage under 80%,False
202608140638,C4.0,C,-5.39794,2026-08-14 06:38:00,2026-08-14 07:01:00,2026-08-14 05:38:00,60.0,True,0.97619,71.333333,False,17.333333,False,71.333333,False,-54.0,0.0,-54.0,False,0.0,False,0.0,False,-8.0,False,71.333333,False,17.333333,False,71.333333,False,-54.0,0.0,-54.0,False,-54.0,False,0.0,False,0.0,False,71.333333,False,17.333333,False,71.333333,False,-54.0,0.0,0.0,False,-54.0,False,-54.0,False,-54.0,False,15,-0.11076,,True
202608140944,C1.5,C,-5.823909,2026-08-14 09:44:00,2026-08-14 09:53:00,2026-08-14 08:44:00,60.0,True,0.971429,3.333333,False,3.333333,False,1.333333,False,0.0,-2.0,0.0,False,0.0,False,0.0,False,0.0,False,3.333333,False,1.333333,False,1.333333,False,-2.0,-2.0,0.0,False,0.0,False,0.0,False,0.0,False,1.333333,False,1.333333,False,1.333333,False,0.0,0.0,0.0,False,0.0,False,0.0,False,2.0,False,15,-0.047122,,True
202608141133,C1.0,C,-6.0,2026-08-14 11:33:00,2026-08-14 11:42:00,2026-08-14 10:33:00,60.0,True,1.0,2.333333,False,2.333333,False,2.333333,False,0.0,0.0,0.0,False,-36.0,False,-36.0,False,-36.0,False,2.333333,False,2.333333,False,2.333333,False,0.0,0.0,0.0,False,0.0,False,0.0,False,-36.0,False,2.333333,False,2.333333,False,2.333333,False,0.0,0.0,0.0,False,0.0,False,0.0,False,0.0,False,15,-0.041753,,True
202608142145,C4.3,C,-5.366532,2026-08-14 21:45:00,2026-08-14 21:55:00,2026-08-14 20:45:00,60.0,True,0.972222,1.333333,False,3.333333,False,1.333333,False,2.0,0.0,2.0,False,-18.0,False,-26.0,False,-26.0,False,21.333333,False,3.333333,False,1.333333,False,-18.0,-20.0,2.0,False,2.0,False,-26.0,False,-26.0,False,1.333333,False,3.333333,False,1.333333,False,2.0,0.0,0.0,False,2.0,False,-18.0,False,-26.0,False,15,-0.110785,,True
202608150025,C1.2,C,-5.920819,2026-08-15 00:25:00,2026-08-15 00:33:00,2026-08-14 23:25:00,60.0,True,0.942857,15.333333,False,3.333333,False,5.333333,False,-12.0,-10.0,0.0,False,-12.0,False,-10.0,False,-10.0,False,15.333333,False,3.333333,False,5.333333,False,-12.0,-10.0,0.0,False,-12.0,False,-12.0,False,-10.0,False,15.333333,False,3.333333,False,5.333333,False,-12.0,-10.0,0.0,False,-12.0,False,-12.0,False,-12.0,False,14,-0.093757,,True
202608150809,C3.3,C,-5.481486,2026-08-15 08:09:00,2026-08-15 08:18:00,2026-08-15 07:09:00,60.0,True,1.0,38.333333,False,38.333333,False,38.333333,False,0.0,0.0,0.0,False,-2.0,False,-2.0,False,-2.0,False,38.333333,False,38.333333,False,38.333333,False,0.0,0.0,0.0,False,0.0,False,-2.0,False,-2.0,False,38.333333,False,38.333333,False,38.333333,False,0.0,0.0,0.0,False,0.0,False,0.0,False,0.0,False,15,-0.053173,,True
202608150921,C1.0,C,-6.0,2026-08-15 09:21:00,2026-08-15 09:28:00,2026-08-15 08:21:00,60.0,True,1.0,66.333333,True,0.333333,False,0.333333,False,-66.0,-66.0,0.0,False,-66.0,True,-66.0,True,-66.0,True,0.333333,False,0.333333,False,0.333333,False,0.0,0.0,0.0,False,0.0,False,0.0,False,-66.0,True,0.333333,False,0.333333,False,0.333333,False,0.0,0.0,0.0,False,0.0,False,0.0,False,0.0,False,15,0.071315,,True
202608151330,C2.0,C,-5.69897,2026-08-15 13:30:00,2026-08-15 13:39:00,2026-08-15 12:30:00,60.0,True,0.971429,1.333333,False,1.333333,False,1.333333,False,0.0,0.0,0.0,False,0.0,False,0.0,False,0.0,False,1.333333,False,1.333333,False,1.333333,False,0.0,0.0,0.0,False,0.0,False,0.0,False,0.0,False,1.333333,False,1.333333,False,1.333333,False,0.0,0.0,0.0,False,0.0,False,0.0,False,0.0,False,15,-0.110842,,True
202608151438,C3.2,C,-5.49485,2026-08-15 14:38:00,2026-08-15 14:49:00,2026-08-15 13:41:00,57.0,False,0.971429,67.333333,True,5.333333,False,3.333333,False,-62.0,-64.0,-62.0,True,-62.0,True,-62.0,True,-62.0,True,67.333333,True,5.333333,False,3.333333,False,-62.0,-64.0,-62.0,True,-62.0,True,-62.0,True,-62.0,True,67.333333,True,5.333333,False,3.333333,False,-62.0,-64.0,0.0,False,-62.0,True,-62.0,True,-62.0,True,15,-0.054265,alert already on (left-censored),False
202608160228,C1.0,C,-6.0,2026-08-16 02:28:00,2026-08-16 02:33:00,2026-08-16 01:28:00,60.0,True,0.0,0.0,False,0.0,False,0.0,False,0.0,0.0,0.0,False,0.0,False,0.0,False,0.0,False,0.0,False,0.0,False,0.0,False,0.0,0.0,0.0,False,0.0,False,0.0,False,0.0,False,0.0,False,0.0,False,0.0,False,0.0,0.0,0.0,False,0.0,False,0.0,False,0.0,False,0,,common coverage under 80%,False
202608160242,C2.7,C,-5.568636,2026-08-16 02:42:00,2026-08-16 02:49:00,2026-08-16 02:42:00,0.0,False,0.0,0.0,False,0.0,False,0.0,False,0.0,0.0,0.0,False,0.0,False,0.0,False,0.0,False,0.0,False,0.0,False,0.0,False,0.0,0.0,0.0,False,0.0,False,0.0,False,0.0,False,0.0,False,0.0,False,0.0,False,0.0,0.0,0.0,False,0.0,False,0.0,False,0.0,False,0,,lead-in under 10 min,False
202608160313,C3.7,C,-5.431798,2026-08-16 03:13:00,2026-08-16 03:18:00,2026-08-16 02:53:00,20.0,False,0.0,0.0,False,0.0,False,0.0,False,0.0,0.0,0.0,False,0.0,False,0.0,False,0.0,False,0.0,False,0.0,False,0.0,False,0.0,0.0,0.0,False,0.0,False,0.0,False,0.0,False,0.0,False,0.0,False,0.0,False,0.0,0.0,0.0,False,0.0,False,0.0,False,0.0,False,0,,common coverage under 80%,False
202608160437,C2.3,C,-5.638272,2026-08-16 04:37:00,2026-08-16 04:51:00,2026-08-16 03:37:00,60.0,True,0.0,0.0,False,0.0,False,0.0,False,0.0,0.0,0.0,False,0.0,False,0.0,False,0.0,False,0.0,False,0.0,False,0.0,False,0.0,0.0,0.0,False,0.0,False,0.0,False,0.0,False,0.0,False,0.0,False,0.0,False,0.0,0.0,0.0,False,0.0,False,0.0,False,0.0,False,0,,common coverage under 80%,False
202608160608,C1.3,C,-5.886057,2026-08-16 06:08:00,2026-08-16 06:16:00,2026-08-16 05:08:00,60.0,True,0.0,0.0,False,0.0,False,0.0,False,0.0,0.0,0.0,False,0.0,False,0.0,False,0.0,False,0.0,False,0.0,False,0.0,False,0.0,0.0,0.0,False,0.0,False,0.0,False,0.0,False,0.0,False,0.0,False,0.0,False,0.0,0.0,0.0,False,0.0,False,0.0,False,0.0,False,0,,common coverage under 80%,False
202608160631,C1.4,C,-5.853872,2026-08-16 06:31:00,2026-08-16 06:38:00,2026-08-16 06:18:00,13.0,False,0.0,0.0,False,0.0,False,0.0,False,0.0,0.0,0.0,False,0.0,False,0.0,False,0.0,False,0.0,False,0.0,False,0.0,False,0.0,0.0,0.0,False,0.0,False,0.0,False,0.0,False,0.0,False,0.0,False,0.0,False,0.0,0.0,0.0,False,0.0,False,0.0,False,0.0,False,0,,common coverage under 80%,False
202608160820,C1.8,C,-5.744727,2026-08-16 08:20:00,2026-08-16 08:38:00,2026-08-16 07:20:00,60.0,True,0.0,0.0,False,0.0,False,0.0,False,0.0,0.0,0.0,False,0.0,False,0.0,False,0.0,False,0.0,False,0.0,False,0.0,False,0.0,0.0,0.0,False,0.0,False,0.0,False,0.0,False,0.0,False,0.0,False,0.0,False,0.0,0.0,0.0,False,0.0,False,0.0,False,0.0,False,0,,common coverage under 80%,False
202608160956,C1.4,C,-5.853872,2026-08-16 09:56:00,2026-08-16 09:59:00,2026-08-16 08:59:00,57.0,False,0.0,0.0,False,0.0,False,0.0,False,0.0,0.0,0.0,False,0.0,False,0.0,False,0.0,False,0.0,False,0.0,False,0.0,False,0.0,0.0,0.0,False,0.0,False,0.0,False,0.0,False,0.0,False,0.0,False,0.0,False,0.0,0.0,0.0,False,0.0,False,0.0,False,0.0,False,0,,common coverage under 80%,False
202608161232,C1.5,C,-5.823909,2026-08-16 12:32:00,2026-08-16 12:39:00,2026-08-16 11:32:00,60.0,True,0.0,0.0,False,0.0,False,0.0,False,0.0,0.0,0.0,False,0.0,False,0.0,False,0.0,False,0.0,False,0.0,False,0.0,False,0.0,0.0,0.0,False,0.0,False,0.0,False,0.0,False,0.0,False,0.0,False,0.0,False,0.0,0.0,0.0,False,0.0,False,0.0,False,0.0,False,0,,common coverage under 80%,False
202608161443,C1.5,C,-5.823909,2026-08-16 14:43:00,2026-08-16 14:56:00,2026-08-16 13:43:00,60.0,True,0.0,0.0,False,0.0,False,0.0,False,0.0,0.0,0.0,False,0.0,False,0.0,False,0.0,False,0.0,False,0.0,False,0.0,False,0.0,0.0,0.0,False,0.0,False,0.0,False,0.0,False,0.0,False,0.0,False,0.0,False,0.0,0.0,0.0,False,0.0,False,0.0,False,0.0,False,0,,common coverage under 80%,False
202608161458,C1.7,C,-5.769551,2026-08-16 14:58:00,2026-08-16 15:12:00,2026-08-16 14:58:00,0.0,False,0.0,0.0,False,0.0,False,0.0,False,0.0,0.0,0.0,False,0.0,False,0.0,False,0.0,False,0.0,False,0.0,False,0.0,False,0.0,0.0,0.0,False,0.0,False,0.0,False,0.0,False,0.0,False,0.0,False,0.0,False,0.0,0.0,0.0,False,0.0,False,0.0,False,0.0,False,0,,lead-in under 10 min,False
202608161902,C8.2,C,-5.086186,2026-08-16 19:02:00,2026-08-16 19:28:00,2026-08-16 18:02:00,60.0,True,0.0,0.0,False,0.0,False,0.0,False,0.0,0.0,0.0,False,0.0,False,0.0,False,0.0,False,0.0,False,0.0,False,0.0,False,0.0,0.0,0.0,False,0.0,False,0.0,False,0.0,False,0.0,False,0.0,False,0.0,False,0.0,0.0,0.0,False,0.0,False,0.0,False,0.0,False,0,,common coverage under 80%,False
202608170213,C2.3,C,-5.638272,2026-08-17 02:13:00,2026-08-17 02:24:00,2026-08-17 01:13:00,60.0,True,0.361111,24.333333,True,10.333333,False,10.333333,False,-14.0,-14.0,-4.0,False,-14.0,True,-10.0,True,0.0,True,24.333333,True,10.333333,False,14.333333,False,-14.0,-10.0,-4.0,False,-14.0,True,-10.0,True,0.0,True,24.333333,True,10.333333,False,24.333333,True,-14.0,0.0,-6.0,False,-14.0,True,0.0,True,0.0,True,7,-0.12691,common coverage under 80%,False
202608170557,C2.0,C,-5.69897,2026-08-17 05:57:00,2026-08-17 06:22:00,2026-08-17 04:57:00,60.0,True,0.0,0.0,False,0.0,False,0.0,False,0.0,0.0,0.0,False,0.0,False,0.0,False,0.0,False,0.0,False,0.0,False,0.0,False,0.0,0.0,0.0,False,0.0,False,0.0,False,0.0,False,0.0,False,0.0,False,0.0,False,0.0,0.0,0.0,False,0.0,False,0.0,False,0.0,False,0,,common coverage under 80%,False
202608171009,C1.3,C,-5.886057,2026-08-17 10:09:00,2026-08-17 10:22:00,2026-08-17 09:09:00,60.0,True,0.0,0.0,False,0.0,False,0.0,False,0.0,0.0,0.0,False,0.0,False,0.0,False,0.0,False,0.0,False,0.0,False,0.0,False,0.0,0.0,0.0,False,0.0,False,0.0,False,0.0,False,0.0,False,0.0,False,0.0,False,0.0,0.0,0.0,False,0.0,False,0.0,False,0.0,False,0,,common coverage under 80%,False
202608171027,C1.7,C,-5.769551,2026-08-17 10:27:00,2026-08-17 10:30:00,2026-08-17 10:27:00,0.0,False,0.0,0.0,False,0.0,False,0.0,False,0.0,0.0,0.0,False,0.0,False,0.0,False,0.0,False,0.0,False,0.0,False,0.0,False,0.0,0.0,0.0,False,0.0,False,0.0,False,0.0,False,0.0,False,0.0,False,0.0,False,0.0,0.0,0.0,False,0.0,False,0.0,False,0.0,False,0,,lead-in under 10 min,False
202608171051,C1.6,C,-5.79588,2026-08-17 10:51:00,2026-08-17 10:58:00,2026-08-17 10:40:00,11.0,False,0.0,0.0,False,0.0,False,0.0,False,0.0,0.0,0.0,False,0.0,False,0.0,False,0.0,False,0.0,False,0.0,False,0.0,False,0.0,0.0,0.0,False,0.0,False,0.0,False,0.0,False,0.0,False,0.0,False,0.0,False,0.0,0.0,0.0,False,0.0,False,0.0,False,0.0,False,0,,common coverage under 80%,False
202608171618,C2.0,C,-5.69897,2026-08-17 16:18:00,2026-08-17 16:53:00,2026-08-17 15:18:00,60.0,True,0.0,0.0,False,0.0,False,0.0,False,0.0,0.0,0.0,False,0.0,False,0.0,False,0.0,False,0.0,False,0.0,False,0.0,False,0.0,0.0,0.0,False,0.0,False,0.0,False,0.0,False,0.0,False,0.0,False,0.0,False,0.0,0.0,0.0,False,0.0,False,0.0,False,0.0,False,0,,common coverage under 80%,False
202608171705,C1.7,C,-5.769551,2026-08-17 17:05:00,2026-08-17 17:17:00,2026-08-17 17:05:00,0.0,False,0.0,0.0,False,0.0,False,0.0,False,0.0,0.0,0.0,False,0.0,False,0.0,False,0.0,False,0.0,False,0.0,False,0.0,False,0.0,0.0,0.0,False,0.0,False,0.0,False,0.0,False,0.0,False,0.0,False,0.0,False,0.0,0.0,0.0,False,0.0,False,0.0,False,0.0,False,0,,lead-in under 10 min,False
202608171742,C3.2,C,-5.49485,2026-08-17 17:42:00,2026-08-17 17:47:00,2026-08-17 17:22:00,20.0,False,0.0,0.0,False,0.0,False,0.0,False,0.0,0.0,0.0,False,0.0,False,0.0,False,0.0,False,0.0,False,0.0,False,0.0,False,0.0,0.0,0.0,False,0.0,False,0.0,False,0.0,False,0.0,False,0.0,False,0.0,False,0.0,0.0,0.0,False,0.0,False,0.0,False,0.0,False,0,,common coverage under 80%,False
202608171928,C1.4,C,-5.853872,2026-08-17 19:28:00,2026-08-17 19:35:00,2026-08-17 18:28:00,60.0,True,0.0,0.0,False,0.0,False,0.0,False,0.0,0.0,0.0,False,0.0,False,0.0,False,0.0,False,0.0,False,0.0,False,0.0,False,0.0,0.0,0.0,False,0.0,False,0.0,False,0.0,False,0.0,False,0.0,False,0.0,False,0.0,0.0,0.0,False,0.0,False,0.0,False,0.0,False,0,,common coverage under 80%,False
202608180549,C1.0,C,-6.0,2026-08-18 05:49:00,2026-08-18 05:52:00,2026-08-18 04:49:00,60.0,True,1.0,62.333333,True,10.333333,False,62.333333,True,-52.0,0.0,-52.0,True,0.0,True,0.0,True,0.0,True,62.333333,True,10.333333,False,62.333333,True,-52.0,0.0,-52.0,True,-52.0,True,0.0,True,0.0,True,62.333333,True,62.333333,True,62.333333,True,0.0,0.0,-6.333333,False,-52.0,True,0.0,True,0.0,True,15,-0.062643,alert already on (left-censored),False
202608180640,C3.9,C,-5.408935,2026-08-18 06:40:00,2026-08-18 06:43:00,2026-08-18 05:55:00,45.0,False,0.96,29.333333,False,29.333333,False,29.333333,False,0.0,0.0,-28.0,False,0.0,False,0.0,False,-2.0,False,29.333333,False,29.333333,False,29.333333,False,0.0,0.0,-28.0,False,0.0,False,-2.0,False,-14.0,True,29.333333,False,29.333333,False,47.333333,True,0.0,18.0,-28.0,False,0.0,False,-18.0,True,-4.0,True,15,-0.047322,,True
202608180700,C1.7,C,-5.769551,2026-08-18 07:00:00,2026-08-18 07:07:00,2026-08-18 06:45:00,15.0,False,0.916667,21.333333,True,1.333333,False,1.333333,False,-20.0,-20.0,-20.0,True,-18.0,True,-18.0,True,-18.0,True,21.333333,True,1.333333,False,1.333333,False,-20.0,-20.0,-20.0,True,-20.0,True,-18.0,True,-18.0,True,21.333333,True,1.333333,False,1.333333,False,-20.0,-20.0,-20.0,True,-20.0,True,-20.0,True,-20.0,True,8,-0.062841,alert already on (left-censored),False
202608181951,C2.0,C,-5.69897,2026-08-18 19:51:00,2026-08-18 19:56:00,2026-08-18 18:51:00,60.0,True,1.0,64.333333,True,64.333333,True,64.333333,True,0.0,0.0,-16.0,True,0.0,True,0.0,True,0.0,True,64.333333,True,64.333333,True,64.333333,True,0.0,0.0,0.0,True,0.0,True,0.0,True,0.0,True,64.333333,True,64.333333,True,64.333333,True,0.0,0.0,0.0,True,0.0,True,0.0,True,0.0,True,15,-0.008876,alert already on (left-censored),False
202608182238,C2.3,C,-5.638272,2026-08-18 22:38:00,2026-08-18 22:43:00,2026-08-18 21:38:00,60.0,True,0.969697,57.333333,False,59.333333,False,59.333333,False,2.0,2.0,14.0,False,0.0,False,-2.0,True,0.0,True,63.333333,True,63.333333,True,63.333333,True,0.0,0.0,6.0,False,0.0,True,0.0,True,0.0,True,63.333333,True,63.333333,True,63.333333,True,0.0,0.0,6.0,True,0.0,True,0.0,True,0.0,True,15,0.027788,alert already on (left-censored),False
202608182328,C2.8,C,-5.552842,2026-08-18 23:28:00,2026-08-18 23:40:00,2026-08-18 22:46:00,42.0,False,0.964286,52.333333,True,26.333333,False,52.333333,True,-26.0,0.0,-16.0,False,0.0,True,0.0,True,0.0,True,52.333333,True,52.333333,True,52.333333,True,0.0,0.0,-26.0,True,0.0,True,0.0,True,0.0,True,52.333333,True,52.333333,True,52.333333,True,0.0,0.0,0.0,True,0.0,True,0.0,True,0.0,True,15,0.094014,alert already on (left-censored),False
202608190006,C3.9,C,-5.408935,2026-08-19 00:06:00,2026-08-19 00:37:00,2026-08-18 23:52:00,14.0,False,0.913043,27.333333,False,27.333333,False,27.333333,False,0.0,0.0,0.0,False,-2.0,False,-14.0,True,0.0,True,31.333333,False,29.333333,False,29.333333,False,-2.0,-2.0,0.0,False,0.0,False,-10.0,True,0.0,True,27.333333,False,39.333333,False,33.333333,False,12.0,6.0,0.0,False,2.0,False,12.0,True,10.0,True,6,0.014196,,True
202608190227,C2.0,C,-5.69897,2026-08-19 02:27:00,2026-08-19 02:31:00,2026-08-19 01:27:00,60.0,True,0.969697,1.333333,False,1.333333,False,1.333333,False,0.0,0.0,0.0,False,0.0,False,0.0,False,0.0,False,1.333333,False,1.333333,False,1.333333,False,0.0,0.0,0.0,False,0.0,False,0.0,False,0.0,False,1.333333,False,1.333333,False,1.333333,False,0.0,0.0,0.0,False,0.0,False,0.0,False,0.0,False,15,-0.095173,,True
202608190251,C3.9,C,-5.408935,2026-08-19 02:51:00,2026-08-19 02:56:00,2026-08-19 02:33:00,18.0,False,1.0,22.333333,True,22.333333,True,22.333333,True,0.0,0.0,-22.0,True,0.0,True,0.0,True,0.0,True,22.333333,True,22.333333,True,22.333333,True,0.0,0.0,-22.0,True,0.0,True,0.0,True,0.0,True,22.333333,True,22.333333,True,22.333333,True,0.0,0.0,-22.0,True,0.0,True,0.0,True,0.0,True,9,-0.074499,alert already on (left-censored),False
202608190330,C3.0,C,-5.522879,2026-08-19 03:30:00,2026-08-19 03:46:00,2026-08-19 02:58:00,32.0,False,0.96,46.333333,True,12.333333,False,12.333333,False,-34.0,-34.0,-34.0,True,-24.0,True,-24.0,True,-6.0,True,46.333333,True,12.333333,False,20.333333,False,-34.0,-26.0,-36.0,True,-34.0,True,-24.0,True,-6.0,True,46.333333,True,12.333333,False,20.333333,False,-34.0,-26.0,-36.0,True,-34.0,True,-24.0,True,-6.0,True,15,-0.029966,alert already on (left-censored),False
202608190445,C5.0,C,-5.30103,2026-08-19 04:45:00,2026-08-19 04:54:00,2026-08-19 04:01:00,44.0,False,1.0,52.333333,True,52.333333,True,52.333333,True,0.0,0.0,0.0,True,0.0,True,0.0,True,0.0,True,52.333333,True,52.333333,True,52.333333,True,0.0,0.0,0.0,True,0.0,True,0.0,True,0.0,True,52.333333,True,52.333333,True,52.333333,True,0.0,0.0,-36.0,True,0.0,True,0.0,True,0.0,True,15,-0.036799,alert already on (left-censored),False
202608190631,C1.3,C,-5.886057,2026-08-19 06:31:00,2026-08-19 06:36:00,2026-08-19 05:31:00,60.0,True,1.0,6.333333,False,2.333333,False,6.333333,False,-4.0,0.0,-4.0,False,-56.0,False,-56.0,False,-56.0,False,6.333333,False,2.333333,False,2.333333,False,-4.0,-4.0,0.0,False,-4.0,False,-56.0,False,-56.0,False,2.333333,False,2.333333,False,2.333333,False,0.0,0.0,0.0,False,0.0,False,0.0,False,-4.0,False,15,-0.079455,,True
202608190830,C2.7,C,-5.568636,2026-08-19 08:30:00,2026-08-19 08:44:00,2026-08-19 07:30:00,60.0,True,0.973684,8.333333,False,8.333333,False,6.333333,False,0.0,-2.0,2.0,False,-2.0,False,-40.0,False,-38.0,False,8.333333,False,8.333333,False,6.333333,False,0.0,-2.0,2.0,False,0.0,False,0.0,False,-40.0,False,6.333333,False,8.333333,False,6.333333,False,2.0,0.0,0.0,False,2.0,False,2.0,False,0.0,False,15,-0.097851,,True
202608190901,C2.0,C,-5.69897,2026-08-19 09:01:00,2026-08-19 09:09:00,2026-08-19 09:01:00,0.0,False,0.8,7.333333,True,7.333333,True,7.333333,True,0.0,0.0,0.0,True,0.0,True,0.0,True,0.0,True,7.333333,True,7.333333,True,7.333333,True,0.0,0.0,-2.0,True,0.0,True,0.0,True,0.0,True,7.333333,True,1.333333,False,5.333333,False,-6.0,-2.0,-5.333333,False,-6.0,True,-2.0,True,-2.0,True,0,,lead-in under 10 min,False
202608191101,C1.3,C,-5.886057,2026-08-19 11:01:00,2026-08-19 11:05:00,2026-08-19 10:01:00,60.0,True,0.969697,0.0,False,0.0,False,0.0,False,0.0,0.0,0.0,False,1.333333,False,0.0,False,-8.0,False,0.0,False,0.0,False,0.0,False,0.0,0.0,0.0,False,0.0,False,1.333333,False,-8.0,False,0.0,False,0.0,False,0.0,False,0.0,0.0,0.0,False,0.0,False,1.333333,False,3.333333,False,15,-0.079101,,True
202608191129,C1.5,C,-5.823909,2026-08-19 11:29:00,2026-08-19 11:36:00,2026-08-19 11:12:00,17.0,False,0.923077,4.333333,False,4.333333,False,4.333333,False,0.0,0.0,0.0,False,18.0,True,18.0,True,0.0,True,4.333333,False,4.333333,False,4.333333,False,0.0,0.0,0.0,False,0.0,False,18.0,True,18.0,True,4.333333,False,4.333333,False,4.333333,False,0.0,0.0,0.0,False,0.0,False,0.0,False,0.0,False,8,-0.062142,,True
202608191228,C1.3,C,-5.886057,2026-08-19 12:28:00,2026-08-19 12:31:00,2026-08-19 11:41:00,47.0,False,0.923077,49.333333,True,15.333333,False,15.333333,False,-34.0,-34.0,-34.0,True,-34.0,True,-34.0,True,-34.0,True,49.333333,True,15.333333,False,15.333333,False,-34.0,-34.0,-34.0,True,-34.0,True,-34.0,True,-34.0,True,15.333333,False,15.333333,False,15.333333,False,0.0,0.0,0.0,False,0.0,False,-34.0,True,-34.0,True,14,-0.055293,,True
202608191327,C4.9,C,-5.309804,2026-08-19 13:27:00,2026-08-19 13:39:00,2026-08-19 12:35:00,52.0,False,0.969697,63.333333,True,35.333333,False,35.333333,False,-28.0,-28.0,-28.0,True,-14.0,True,0.0,True,0.0,True,63.333333,True,35.333333,False,35.333333,False,-28.0,-28.0,-28.0,True,-28.0,True,0.0,True,0.0,True,63.333333,True,35.333333,False,35.333333,False,-28.0,-28.0,-58.0,True,-28.0,True,-14.0,True,0.0,True,15,-0.029108,alert already on (left-censored),False
202608191402,C3.6,C,-5.443697,2026-08-19 14:02:00,2026-08-19 14:07:00,2026-08-19 13:46:00,16.0,False,0.909091,1.333333,False,1.333333,False,1.333333,False,0.0,0.0,0.0,False,0.0,False,2.0,False,2.0,False,1.333333,False,1.333333,False,1.333333,False,0.0,0.0,0.0,False,0.0,False,0.0,False,2.0,False,1.333333,False,1.333333,False,1.333333,False,0.0,0.0,0.0,False,0.0,False,0.0,False,0.0,False,8,-0.041139,,True
202608191509,C5.7,C,-5.244125,2026-08-19 15:09:00,2026-08-19 15:17:00,2026-08-19 14:09:00,60.0,True,0.971429,67.333333,True,43.333333,False,43.333333,False,-24.0,-24.0,-38.0,True,-20.0,True,0.0,True,0.0,True,67.333333,True,29.333333,False,47.333333,False,-38.0,-20.0,-38.0,True,-38.0,True,0.0,True,0.0,True,67.333333,True,29.333333,False,43.333333,False,-38.0,-24.0,0.0,False,-38.0,True,0.0,True,0.0,True,15,-0.010815,alert already on (left-censored),False
202608191633,C3.4,C,-5.468521,2026-08-19 16:33:00,2026-08-19 16:38:00,2026-08-19 15:33:00,60.0,True,1.0,36.333333,False,48.333333,False,32.333333,False,12.0,-4.0,16.0,False,12.0,False,10.0,False,12.0,False,32.333333,False,48.333333,False,2.333333,False,16.0,-30.0,0.0,False,16.0,False,12.0,False,14.0,False,2.333333,False,38.333333,False,2.333333,False,36.0,0.0,0.0,False,0.0,False,46.0,False,46.0,False,15,-0.037773,,True
202608191712,C2.5,C,-5.60206,2026-08-19 17:12:00,2026-08-19 17:17:00,2026-08-19 16:42:00,30.0,False,0.944444,1.333333,False,13.333333,False,1.333333,False,12.0,0.0,2.0,False,12.0,False,12.0,False,24.0,False,1.333333,False,13.333333,False,1.333333,False,12.0,0.0,2.0,False,12.0,False,12.0,False,24.0,False,1.333333,False,13.333333,False,1.333333,False,12.0,0.0,0.0,False,12.0,False,12.0,False,24.0,False,15,-0.013076,,True
202608191824,M1.0,M,-5.0,2026-08-19 18:24:00,2026-08-19 18:51:00,2026-08-19 17:24:00,60.0,True,0.977273,85.333333,True,85.333333,True,85.333333,True,0.0,0.0,-12.0,True,0.0,True,0.0,True,0.0,True,85.333333,True,85.333333,True,85.333333,True,0.0,0.0,-26.0,False,0.0,True,0.0,True,0.0,True,21.333333,False,85.333333,True,85.333333,True,64.0,64.0,0.0,False,64.0,True,0.0,True,0.0,True,15,-0.033679,alert already on (left-censored),False
202608192151,C1.7,C,-5.769551,2026-08-19 21:51:00,2026-08-19 22:00:00,2026-08-19 20:51:00,60.0,True,1.0,64.333333,False,64.333333,False,64.333333,False,0.0,0.0,0.0,False,0.0,False,4.0,True,4.0,True,64.333333,False,68.333333,True,68.333333,True,4.0,4.0,0.0,False,4.0,True,4.0,True,4.0,True,64.333333,False,68.333333,True,68.333333,True,4.0,4.0,30.0,False,4.0,True,4.0,True,4.0,True,15,0.042233,alert already on (left-censored),False
202608192346,C2.0,C,-5.69897,2026-08-19 23:46:00,2026-08-19 23:54:00,2026-08-19 22:46:00,60.0,True,0.971429,26.333333,False,26.333333,False,26.333333,False,0.0,0.0,0.0,False,0.0,False,0.0,False,22.0,False,26.333333,False,26.333333,False,26.333333,False,0.0,0.0,0.0,False,0.0,False,0.0,False,22.0,False,26.333333,False,26.333333,False,26.333333,False,0.0,0.0,0.0,False,0.0,False,0.0,False,22.0,False,15,-0.017658,,True
202608200041,C1.7,C,-5.769551,2026-08-20 00:41:00,2026-08-20 00:49:00,2026-08-20 00:04:00,37.0,False,0.956522,43.333333,True,43.333333,True,9.333333,False,0.0,-34.0,-32.0,True,0.0,True,0.0,True,0.0,True,43.333333,True,43.333333,True,5.333333,False,0.0,-38.0,-32.0,True,0.0,True,0.0,True,0.0,True,1.333333,False,17.333333,False,5.333333,False,16.0,4.0,4.0,False,16.0,False,0.0,True,0.0,True,15,0.026474,,True
202608200100,C2.0,C,-5.69897,2026-08-20 01:00:00,2026-08-20 01:04:00,2026-08-20 00:57:00,3.0,False,1.0,6.333333,True,6.333333,True,6.333333,True,0.0,0.0,0.0,True,0.0,True,0.0,True,0.0,True,6.333333,True,6.333333,True,6.333333,True,0.0,0.0,4.0,True,0.0,True,0.0,True,0.0,True,2.333333,False,6.333333,True,6.333333,True,4.0,4.0,4.0,True,4.0,True,4.0,True,4.0,True,2,,lead-in under 10 min,False
202608200336,C1.5,C,-5.823909,2026-08-20 03:36:00,2026-08-20 03:43:00,2026-08-20 02:36:00,60.0,True,0.970588,33.333333,False,65.333333,True,31.333333,False,32.0,-2.0,28.0,False,32.0,True,28.0,True,14.0,True,37.333333,False,65.333333,True,33.333333,False,28.0,-4.0,32.0,True,32.0,True,28.0,True,28.0,True,37.333333,False,65.333333,True,45.333333,False,28.0,8.0,32.0,True,28.0,True,28.0,True,28.0,True,15,0.2343,alert already on (left-censored),False
202608200359,C3.3,C,-5.481486,2026-08-20 03:59:00,2026-08-20 04:08:00,2026-08-20 03:49:00,10.0,False,1.0,18.333333,True,18.333333,True,0.333333,False,0.0,-18.0,0.0,True,0.0,True,0.0,True,0.0,True,18.333333,True,18.333333,True,0.333333,False,0.0,-18.0,18.0,True,0.0,True,0.0,True,0.0,True,0.333333,False,18.333333,True,0.333333,False,18.0,0.0,18.0,True,18.0,True,0.0,True,0.0,True,5,0.144788,alert already on (left-censored),False
202608200437,C3.1,C,-5.508638,2026-08-20 04:37:00,2026-08-20 04:49:00,2026-08-20 04:10:00,27.0,False,0.95,7.333333,False,31.333333,False,9.333333,False,24.0,2.0,10.0,False,30.0,True,28.0,True,28.0,True,7.333333,False,37.333333,True,9.333333,False,30.0,2.0,12.0,False,30.0,True,30.0,True,28.0,True,7.333333,False,37.333333,True,7.333333,False,30.0,0.0,32.0,True,32.0,True,30.0,True,30.0,True,13,0.144569,alert already on (left-censored),False
202608200627,C1.5,C,-5.823909,2026-08-20 06:27:00,2026-08-20 06:31:00,2026-08-20 05:27:00,60.0,True,0.969697,11.333333,False,55.333333,False,1.333333,False,44.0,-10.0,36.0,False,52.0,True,34.0,True,34.0,True,1.333333,False,63.333333,True,1.333333,False,62.0,0.0,48.0,False,62.0,True,52.0,True,52.0,True,1.333333,False,63.333333,True,1.333333,False,62.0,0.0,62.0,True,62.0,True,62.0,True,62.0,True,15,0.089437,alert already on (left-censored),False
202608200730,M1.8,M,-4.744727,2026-08-20 07:30:00,2026-08-20 08:05:00,2026-08-20 06:33:00,57.0,False,0.978723,91.333333,True,91.333333,True,67.333333,False,0.0,-24.0,-22.0,True,0.0,True,0.0,True,0.0,True,91.333333,True,91.333333,True,91.333333,True,0.0,0.0,0.0,True,0.0,True,0.0,True,0.0,True,91.333333,True,91.333333,True,91.333333,True,0.0,0.0,0.0,True,0.0,True,0.0,True,0.0,True,15,0.157407,alert already on (left-censored),False
202608201012,C2.4,C,-5.619789,2026-08-20 10:12:00,2026-08-20 10:19:00,2026-08-20 09:12:00,60.0,True,0.970588,1.333333,False,23.333333,False,1.333333,False,22.0,0.0,22.0,False,18.0,False,0.0,False,40.0,False,5.333333,False,23.333333,False,1.333333,False,18.0,-4.0,22.0,False,18.0,False,18.0,False,44.0,False,1.333333,False,23.333333,False,1.333333,False,22.0,0.0,22.0,False,22.0,False,22.0,False,22.0,False,15,0.062262,,True
202608201119,C8.0,C,-5.09691,2026-08-20 11:19:00,2026-08-20 11:29:00,2026-08-20 10:24:00,55.0,False,0.969697,63.333333,True,63.333333,True,5.333333,False,0.0,-58.0,56.0,False,0.0,True,0.0,True,0.0,True,63.333333,True,63.333333,True,5.333333,False,0.0,-58.0,56.0,False,58.0,True,0.0,True,0.0,True,5.333333,False,63.333333,True,5.333333,False,58.0,0.0,56.0,False,58.0,True,58.0,True,0.0,True,15,0.122416,alert already on (left-censored),False
202608201132,M8.1,M,-4.091515,2026-08-20 11:32:00,2026-08-20 11:42:00,2026-08-20 11:32:00,0.0,False,0.833333,8.333333,True,8.333333,True,8.333333,True,0.0,0.0,0.0,True,0.0,True,0.0,True,0.0,True,8.333333,True,8.333333,True,8.333333,True,0.0,0.0,0.0,True,0.0,True,0.0,True,0.0,True,8.333333,True,8.333333,True,8.333333,True,0.0,0.0,0.0,True,0.0,True,0.0,True,0.0,True,0,,lead-in under 10 min,False
202608201551,M2.9,M,-4.537602,2026-08-20 15:51:00,2026-08-20 16:11:00,2026-08-20 14:51:00,60.0,True,0.97561,67.333333,False,69.333333,False,67.333333,False,2.0,0.0,0.0,False,2.0,False,10.0,False,10.0,True,67.333333,False,69.333333,False,67.333333,False,2.0,0.0,0.0,False,2.0,False,12.0,True,12.0,True,67.333333,False,77.333333,False,67.333333,False,10.0,0.0,-10.0,False,0.0,False,12.0,True,12.0,True,15,0.092203,,True
202608201717,C2.4,C,-5.619789,2026-08-20 17:17:00,2026-08-20 17:22:00,2026-08-20 16:21:00,56.0,False,1.0,60.333333,True,60.333333,True,60.333333,True,0.0,0.0,0.0,True,0.0,True,0.0,True,0.0,True,60.333333,True,60.333333,True,60.333333,True,0.0,0.0,0.0,True,0.0,True,0.0,True,0.0,True,60.333333,True,60.333333,True,60.333333,True,0.0,0.0,0.0,True,0.0,True,0.0,True,0.0,True,15,-0.044671,alert already on (left-censored),False
202608201745,C2.6,C,-5.585027,2026-08-20 17:45:00,2026-08-20 17:52:00,2026-08-20 17:26:00,19.0,False,0.928571,24.333333,True,24.333333,True,24.333333,True,0.0,0.0,0.0,True,0.0,True,0.0,True,0.0,True,24.333333,True,24.333333,True,24.333333,True,0.0,0.0,0.0,True,0.0,True,0.0,True,0.0,True,4.333333,False,24.333333,True,24.333333,True,20.0,20.0,0.0,False,20.0,True,0.0,True,0.0,True,9,-0.009429,alert already on (left-censored),False
202608201939,C1.8,C,-5.744727,2026-08-20 19:39:00,2026-08-20 19:54:00,2026-08-20 18:39:00,60.0,True,1.0,44.333333,False,34.333333,False,32.333333,False,-10.0,-12.0,2.0,False,0.0,False,18.0,False,30.0,True,44.333333,False,42.333333,False,32.333333,False,-2.0,-12.0,2.0,False,-2.0,False,18.0,False,30.0,True,32.333333,False,42.333333,False,32.333333,False,10.0,0.0,2.0,False,2.0,False,30.0,False,30.0,True,15,0.036522,,True
202608202003,C2.0,C,-5.69897,2026-08-20 20:03:00,2026-08-20 20:08:00,2026-08-20 20:03:00,0.0,False,1.0,4.333333,True,4.333333,True,4.333333,True,0.0,0.0,0.0,True,0.0,True,0.0,True,0.0,True,4.333333,True,4.333333,True,4.333333,True,0.0,0.0,0.0,True,0.0,True,0.0,True,0.0,True,4.333333,True,4.333333,True,4.333333,True,0.0,0.0,0.0,True,0.0,True,0.0,True,0.0,True,0,,lead-in under 10 min,False
202608202058,C2.7,C,-5.568636,2026-08-20 20:58:00,2026-08-20 21:08:00,2026-08-20 20:10:00,48.0,False,0.966667,56.333333,True,56.333333,True,56.333333,True,0.0,0.0,0.0,True,0.0,True,0.0,True,0.0,True,56.333333,True,56.333333,True,56.333333,True,0.0,0.0,0.0,True,0.0,True,0.0,True,0.0,True,56.333333,True,56.333333,True,56.333333,True,0.0,0.0,0.0,True,0.0,True,0.0,True,0.0,True,15,0.027968,alert already on (left-censored),False
202608202230,C1.5,C,-5.823909,2026-08-20 22:30:00,2026-08-20 22:34:00,2026-08-20 21:30:00,60.0,True,0.969697,16.333333,False,16.333333,False,16.333333,False,0.0,0.0,14.0,False,0.0,False,30.0,False,34.0,False,16.333333,False,16.333333,False,16.333333,False,0.0,0.0,14.0,False,0.0,False,30.0,False,42.0,False,0.333333,False,16.333333,False,0.333333,False,16.0,0.0,14.0,False,14.0,False,46.0,False,62.0,True,15,0.016836,,True
202608202334,C3.5,C,-5.455932,2026-08-20 23:34:00,2026-08-20 23:44:00,2026-08-20 22:51:00,43.0,False,1.0,48.333333,False,50.333333,False,48.333333,False,2.0,0.0,0.0,False,2.0,False,2.0,False,0.0,False,48.333333,False,50.333333,False,48.333333,False,2.0,0.0,4.0,False,2.0,False,2.0,False,4.0,True,44.333333,False,52.333333,True,48.333333,False,8.0,4.0,16.0,False,6.0,False,4.0,True,4.0,True,15,0.094983,alert already on (left-censored),False
202608210013,C2.4,C,-5.619789,2026-08-21 00:13:00,2026-08-21 00:25:00,2026-08-20 23:47:00,26.0,False,0.9,37.333333,True,37.333333,True,37.333333,True,0.0,0.0,0.0,True,0.0,True,0.0,True,0.0,True,37.333333,True,37.333333,True,37.333333,True,0.0,0.0,0.0,True,0.0,True,0.0,True,0.0,True,37.333333,True,37.333333,True,37.333333,True,0.0,0.0,0.0,True,0.0,True,0.0,True,0.0,True,12,0.036331,alert already on (left-censored),False
202608210137,C4.1,C,-5.387216,2026-08-21 01:37:00,2026-08-21 02:01:00,2026-08-21 00:37:00,60.0,True,0.976744,83.333333,True,63.333333,False,83.333333,True,-20.0,0.0,22.0,False,0.0,True,0.0,True,0.0,True,83.333333,True,83.333333,True,83.333333,True,0.0,0.0,24.0,False,42.0,True,0.0,True,0.0,True,39.333333,False,83.333333,True,41.333333,False,44.0,2.0,44.0,False,44.0,True,44.0,True,44.0,True,15,0.036944,alert already on (left-censored),False
202608210206,C6.7,C,-5.173925,2026-08-21 02:06:00,2026-08-21 02:20:00,2026-08-21 02:06:00,0.0,False,0.875,12.333333,True,12.333333,True,12.333333,True,0.0,0.0,0.0,True,0.0,True,0.0,True,0.0,True,12.333333,True,12.333333,True,12.333333,True,0.0,0.0,0.0,True,0.0,True,0.0,True,0.0,True,12.333333,True,12.333333,True,12.333333,True,0.0,0.0,0.0,True,0.0,True,0.0,True,0.0,True,0,,lead-in under 10 min,False
202608210347,C1.3,C,-5.886057,2026-08-21 03:47:00,2026-08-21 03:52:00,2026-08-21 02:47:00,60.0,True,1.0,28.333333,False,30.333333,False,30.333333,False,2.0,2.0,26.0,False,2.0,False,2.0,False,14.0,False,28.333333,False,30.333333,False,30.333333,False,2.0,2.0,26.0,False,2.0,False,14.0,False,14.0,False,2.333333,False,42.333333,False,30.333333,False,40.0,28.0,0.0,False,40.0,False,40.0,False,40.0,False,15,0.013504,,True
202608210502,C1.5,C,-5.823909,2026-08-21 05:02:00,2026-08-21 05:09:00,2026-08-21 04:02:00,60.0,True,0.970588,17.333333,False,57.333333,False,57.333333,False,40.0,40.0,54.0,False,2.0,False,6.0,False,8.0,True,29.333333,False,63.333333,False,57.333333,False,34.0,28.0,54.0,False,46.0,False,8.0,True,8.0,True,25.333333,False,65.333333,True,57.333333,False,40.0,32.0,40.0,False,38.0,False,36.0,True,36.0,True,15,0.020691,alert already on (left-censored),False
202608210539,C1.8,C,-5.744727,2026-08-21 05:39:00,2026-08-21 05:52:00,2026-08-21 05:14:00,25.0,False,0.95,32.333333,False,22.333333,False,20.333333,False,-10.0,-12.0,0.0,False,0.0,False,0.0,False,0.0,False,32.333333,False,32.333333,False,20.333333,False,0.0,-12.0,14.0,False,0.0,False,0.0,False,2.0,False,8.333333,False,32.333333,False,8.333333,False,24.0,0.0,12.0,False,24.0,False,0.0,False,4.0,True,12,0.045651,,True
202608210626,C6.2,C,-5.207608,2026-08-21 06:26:00,2026-08-21 06:35:00,2026-08-21 06:15:00,11.0,False,0.909091,19.333333,True,19.333333,True,19.333333,True,0.0,0.0,0.0,True,0.0,True,0.0,True,0.0,True,19.333333,True,19.333333,True,19.333333,True,0.0,0.0,0.0,True,0.0,True,0.0,True,0.0,True,5.333333,False,19.333333,True,19.333333,True,14.0,14.0,0.0,False,14.0,True,0.0,True,0.0,True,6,-0.030701,alert already on (left-censored),False
202608210704,C1.9,C,-5.721246,2026-08-21 07:04:00,2026-08-21 07:12:00,2026-08-21 06:41:00,23.0,False,1.0,30.333333,True,30.333333,True,30.333333,True,0.0,0.0,0.0,True,0.0,True,0.0,True,0.0,True,30.333333,True,30.333333,True,30.333333,True,0.0,0.0,0.0,True,0.0,True,0.0,True,0.0,True,30.333333,True,30.333333,True,30.333333,True,0.0,0.0,0.0,True,0.0,True,0.0,True,0.0,True,12,-0.073009,alert already on (left-censored),False
202608210727,C2.1,C,-5.677781,2026-08-21 07:27:00,2026-08-21 07:32:00,2026-08-21 07:18:00,9.0,False,0.875,2.333333,False,4.333333,False,2.333333,False,2.0,0.0,2.0,False,4.0,False,4.0,False,4.0,False,2.333333,False,6.333333,False,2.333333,False,4.0,0.0,2.0,False,4.0,False,4.0,False,6.0,False,2.333333,False,6.333333,False,2.333333,False,4.0,0.0,0.0,False,4.0,False,4.0,False,6.0,False,4,,lead-in under 10 min,False
202608210909,M1.6,M,-4.79588,2026-08-21 09:09:00,2026-08-21 09:57:00,2026-08-21 08:09:00,60.0,True,0.981818,55.333333,False,101.333333,False,41.333333,False,46.0,-14.0,14.0,False,46.0,False,46.0,False,52.0,True,55.333333,False,101.333333,False,41.333333,False,46.0,-14.0,12.0,False,52.0,False,52.0,True,52.0,True,41.333333,False,101.333333,False,41.333333,False,60.0,0.0,12.0,False,60.0,False,66.0,True,66.0,True,15,0.036614,,True
202608211009,M1.6,M,-4.79588,2026-08-21 10:09:00,2026-08-21 10:18:00,2026-08-21 10:09:00,0.0,False,1.0,8.333333,True,8.333333,True,8.333333,True,0.0,0.0,0.0,True,0.0,True,0.0,True,0.0,True,8.333333,True,8.333333,True,8.333333,True,0.0,0.0,0.0,True,0.0,True,0.0,True,0.0,True,8.333333,True,8.333333,True,8.333333,True,0.0,0.0,0.0,True,0.0,True,0.0,True,0.0,True,0,,lead-in under 10 min,False
202608211745,C3.4,C,-5.468521,2026-08-21 17:45:00,2026-08-21 17:53:00,2026-08-21 16:45:00,60.0,True,0.971429,47.333333,False,67.333333,True,53.333333,False,20.0,6.0,50.0,False,4.0,True,0.0,True,0.0,True,67.333333,True,67.333333,True,67.333333,True,0.0,0.0,20.0,True,0.0,True,0.0,True,0.0,True,67.333333,True,67.333333,True,67.333333,True,0.0,0.0,0.0,True,0.0,True,0.0,True,0.0,True,15,0.038476,alert already on (left-censored),False
202608211825,C2.1,C,-5.677781,2026-08-21 18:25:00,2026-08-21 18:32:00,2026-08-21 18:01:00,24.0,False,1.0,30.333333,True,30.333333,True,4.333333,False,0.0,-26.0,0.0,True,0.0,True,0.0,True,0.0,True,30.333333,True,30.333333,True,4.333333,False,0.0,-26.0,-26.0,True,0.0,True,0.0,True,0.0,True,4.333333,False,4.333333,False,4.333333,False,0.0,0.0,0.0,False,0.0,False,0.0,True,0.0,True,12,-0.051085,,True
202608212045,C4.0,C,-5.39794,2026-08-21 20:45:00,2026-08-21 20:59:00,2026-08-21 19:45:00,60.0,True,0.973684,59.333333,False,59.333333,False,59.333333,False,0.0,0.0,0.0,False,0.0,False,12.0,False,14.0,True,59.333333,False,59.333333,False,59.333333,False,0.0,0.0,-14.0,False,0.0,False,14.0,True,14.0,True,59.333333,False,73.333333,True,59.333333,False,14.0,0.0,-6.0,False,2.0,False,14.0,True,12.0,True,15,0.04604,alert already on (left-censored),False
202608221814,C1.4,C,-5.853872,2026-08-22 18:14:00,2026-08-22 18:23:00,2026-08-22 17:14:00,60.0,True,0.971429,23.333333,False,17.333333,False,17.333333,False,-6.0,-6.0,-2.0,False,-6.0,False,-34.0,False,-34.0,False,23.333333,False,17.333333,False,17.333333,False,-6.0,-6.0,-2.0,False,-6.0,False,-34.0,False,-34.0,False,17.333333,False,17.333333,False,17.333333,False,0.0,0.0,-2.0,False,-2.0,False,-34.0,False,-34.0,False,15,-0.087412,,True
202608230423,C1.1,C,-5.958607,2026-08-23 04:23:00,2026-08-23 04:32:00,2026-08-23 03:23:00,60.0,True,1.0,40.333333,False,40.333333,False,40.333333,False,0.0,0.0,2.0,False,0.0,False,0.0,False,0.0,False,40.333333,False,40.333333,False,46.333333,False,0.0,6.0,2.0,False,0.0,False,-6.0,False,16.0,False,40.333333,False,40.333333,False,62.333333,False,0.0,22.0,-34.0,False,0.0,False,-6.0,False,0.0,True,15,-0.055702,,True
202608230457,C1.1,C,-5.958607,2026-08-23 04:57:00,2026-08-23 05:05:00,2026-08-23 04:40:00,17.0,False,0.923077,23.333333,True,23.333333,True,23.333333,True,0.0,0.0,0.0,True,0.0,True,0.0,True,0.0,True,23.333333,True,23.333333,True,23.333333,True,0.0,0.0,0.0,True,0.0,True,0.0,True,0.0,True,23.333333,True,23.333333,True,23.333333,True,0.0,0.0,-22.0,True,0.0,True,0.0,True,0.0,True,8,-0.156992,alert already on (left-censored),False
202608230624,C4.1,C,-5.387216,2026-08-23 06:24:00,2026-08-23 06:53:00,2026-08-23 05:24:00,60.0,True,0.977778,23.333333,False,23.333333,False,23.333333,False,0.0,0.0,0.0,False,0.0,False,0.0,False,-6.0,False,23.333333,False,23.333333,False,23.333333,False,0.0,0.0,0.0,False,0.0,False,0.0,False,-6.0,False,23.333333,False,23.333333,False,23.333333,False,0.0,0.0,2.0,False,0.0,False,0.0,False,0.0,False,15,-0.063755,,True
202608231001,C1.6,C,-5.79588,2026-08-23 10:01:00,2026-08-23 10:08:00,2026-08-23 09:01:00,60.0,True,1.0,10.333333,False,4.333333,False,10.333333,False,-6.0,0.0,-6.0,False,-38.0,False,-40.0,False,-40.0,False,48.333333,False,10.333333,False,10.333333,False,-38.0,-38.0,-6.0,False,-12.0,False,-40.0,False,-40.0,False,22.333333,False,10.333333,False,22.333333,False,-12.0,0.0,-10.0,False,-18.0,False,-38.0,False,-28.0,False,15,-0.049871,,True
202608231311,C1.7,C,-5.769551,2026-08-23 13:11:00,2026-08-23 13:15:00,2026-08-23 12:11:00,60.0,True,0.969697,63.333333,True,37.333333,False,63.333333,True,-26.0,0.0,-28.0,True,0.0,True,0.0,True,0.0,True,63.333333,True,37.333333,False,63.333333,True,-26.0,0.0,-52.0,True,-26.0,True,0.0,True,0.0,True,63.333333,True,37.333333,False,63.333333,True,-26.0,0.0,-52.0,True,-28.0,True,0.0,True,0.0,True,15,-0.083824,alert already on (left-censored),False
202608231334,C1.0,C,-6.0,2026-08-23 13:34:00,2026-08-23 13:42:00,2026-08-23 13:18:00,16.0,False,0.923077,14.333333,False,2.333333,False,2.333333,False,-12.0,-12.0,0.0,False,-12.0,False,0.0,False,0.0,False,14.333333,False,2.333333,False,2.333333,False,-12.0,-12.0,0.0,False,-12.0,False,0.0,False,0.0,False,2.333333,False,2.333333,False,2.333333,False,0.0,0.0,-2.0,False,0.0,False,0.0,False,0.0,False,8,-0.041827,,True
202608231616,C1.4,C,-5.853872,2026-08-23 16:16:00,2026-08-23 16:28:00,2026-08-23 15:16:00,60.0,True,0.972973,66.333333,False,40.333333,False,56.333333,False,-26.0,-10.0,-26.0,False,-2.0,False,0.0,False,0.0,False,68.333333,False,56.333333,False,66.333333,False,-12.0,-2.0,-26.0,False,-12.0,False,-2.0,False,0.0,False,68.333333,False,56.333333,False,68.333333,False,-12.0,0.0,-26.0,False,-28.0,False,-2.0,False,-2.0,True,15,-0.094068,,True
202608231928,C2.7,C,-5.568636,2026-08-23 19:28:00,2026-08-23 19:35:00,2026-08-23 18:28:00,60.0,True,0.970588,45.333333,False,19.333333,False,45.333333,False,-26.0,0.0,-26.0,False,0.0,False,0.0,False,0.0,False,45.333333,False,45.333333,False,45.333333,False,0.0,0.0,-26.0,False,0.0,False,-12.0,False,-6.0,False,63.333333,False,55.333333,False,55.333333,False,-8.0,-8.0,-26.0,False,-18.0,False,-2.0,True,0.0,True,15,-0.10132,,True
202608232147,C3.5,C,-5.455932,2026-08-23 21:47:00,2026-08-23 22:03:00,2026-08-23 20:47:00,60.0,True,0.974359,15.333333,False,11.333333,False,9.333333,False,-4.0,-6.0,-6.0,False,58.0,False,2.0,True,2.0,True,15.333333,False,15.333333,False,73.333333,False,0.0,58.0,-6.0,False,0.0,False,58.0,True,58.0,True,17.333333,False,23.333333,False,23.333333,False,6.0,6.0,-6.0,False,-2.0,False,50.0,False,50.0,True,15,-0.021405,,True
202608240706,C2.2,C,-5.657577,2026-08-24 07:06:00,2026-08-24 07:23:00,2026-08-24 06:06:00,60.0,True,0.0,0.0,False,0.0,False,0.0,False,0.0,0.0,0.0,False,0.0,False,0.0,False,0.0,False,0.0,False,0.0,False,0.0,False,0.0,0.0,0.0,False,0.0,False,0.0,False,0.0,False,0.0,False,0.0,False,0.0,False,0.0,0.0,0.0,False,0.0,False,0.0,False,0.0,False,0,,common coverage under 80%,False
202608241809,C1.5,C,-5.823909,2026-08-24 18:09:00,2026-08-24 18:15:00,2026-08-24 17:09:00,60.0,True,0.0,0.0,False,0.0,False,0.0,False,0.0,0.0,0.0,False,0.0,False,0.0,False,0.0,False,0.0,False,0.0,False,0.0,False,0.0,0.0,0.0,False,0.0,False,0.0,False,0.0,False,0.0,False,0.0,False,0.0,False,0.0,0.0,0.0,False,0.0,False,0.0,False,0.0,False,0,,common coverage under 80%,False
202608241851,M1.7,M,-4.769551,2026-08-24 18:51:00,2026-08-24 19:36:00,2026-08-24 18:19:00,32.0,False,0.0,0.0,False,0.0,False,0.0,False,0.0,0.0,0.0,False,0.0,False,0.0,False,0.0,False,0.0,False,0.0,False,0.0,False,0.0,0.0,0.0,False,0.0,False,0.0,False,0.0,False,0.0,False,0.0,False,0.0,False,0.0,0.0,0.0,False,0.0,False,0.0,False,0.0,False,0,,common coverage under 80%,False
202608250104,M1.9,M,-4.721246,2026-08-25 01:04:00,2026-08-25 01:26:00,2026-08-25 00:04:00,60.0,True,0.0,0.0,False,0.0,False,0.0,False,0.0,0.0,0.0,False,0.0,False,0.0,False,0.0,False,0.0,False,0.0,False,0.0,False,0.0,0.0,0.0,False,0.0,False,0.0,False,0.0,False,0.0,False,0.0,False,0.0,False,0.0,0.0,0.0,False,0.0,False,0.0,False,0.0,False,0,,common coverage under 80%,False
202608250335,C4.9,C,-5.309804,2026-08-25 03:35:00,2026-08-25 03:47:00,2026-08-25 02:35:00,60.0,True,0.972973,5.333333,False,29.333333,False,9.333333,False,24.0,4.0,8.0,False,22.0,False,20.0,False,20.0,False,5.333333,False,29.333333,False,7.333333,False,24.0,2.0,8.0,False,24.0,False,24.0,False,24.0,False,5.333333,False,17.333333,False,5.333333,False,12.0,0.0,6.0,False,12.0,False,24.0,False,24.0,False,15,0.109489,,True
202608250355,M1.0,M,-5.0,2026-08-25 03:55:00,2026-08-25 04:02:00,2026-08-25 03:55:00,0.0,False,1.0,6.333333,True,6.333333,True,6.333333,True,0.0,0.0,0.0,True,0.0,True,0.0,True,0.0,True,6.333333,True,6.333333,True,6.333333,True,0.0,0.0,0.0,True,0.0,True,0.0,True,0.0,True,6.333333,True,6.333333,True,6.333333,True,0.0,0.0,0.0,True,0.0,True,0.0,True,0.0,True,0,,lead-in under 10 min,False
202608250548,C1.6,C,-5.79588,2026-08-25 05:48:00,2026-08-25 05:55:00,2026-08-25 04:48:00,60.0,True,0.970588,27.333333,False,35.333333,False,1.333333,False,8.0,-26.0,34.0,False,16.0,False,18.0,False,30.0,False,1.333333,False,43.333333,False,1.333333,False,42.0,0.0,34.0,False,42.0,False,20.0,False,38.0,True,1.333333,False,43.333333,False,1.333333,False,42.0,0.0,34.0,False,34.0,False,44.0,False,64.0,True,15,0.070519,,True
202608250630,M1.8,M,-4.744727,2026-08-25 06:30:00,2026-08-25 06:40:00,2026-08-25 06:00:00,30.0,False,0.952381,38.333333,True,38.333333,True,38.333333,True,0.0,0.0,4.0,True,0.0,True,0.0,True,0.0,True,38.333333,True,38.333333,True,38.333333,True,0.0,0.0,4.0,True,2.0,True,0.0,True,0.0,True,34.333333,False,38.333333,True,4.333333,False,4.0,-30.0,18.0,True,6.0,True,4.0,True,2.0,True,15,0.223964,alert already on (left-censored),False
202608250722,C6.2,C,-5.207608,2026-08-25 07:22:00,2026-08-25 07:28:00,2026-08-25 06:46:00,36.0,False,0.954545,40.333333,True,40.333333,True,2.333333,False,0.0,-38.0,0.0,True,0.0,True,0.0,True,0.0,True,40.333333,True,40.333333,True,2.333333,False,0.0,-38.0,14.0,False,0.0,True,0.0,True,0.0,True,0.333333,False,40.333333,True,2.333333,False,40.0,2.0,6.0,False,34.0,False,40.0,True,40.0,True,15,0.079896,alert already on (left-censored),False
202608250932,M6.9,M,-4.161151,2026-08-25 09:32:00,2026-08-25 10:02:00,2026-08-25 08:32:00,60.0,True,0.978261,50.333333,False,86.333333,False,50.333333,False,36.0,0.0,34.0,False,38.0,True,38.0,True,38.0,True,50.333333,False,88.333333,True,50.333333,False,38.0,0.0,36.0,False,38.0,True,38.0,True,38.0,True,34.333333,False,88.333333,True,34.333333,False,54.0,0.0,50.0,False,54.0,True,38.0,True,38.0,True,15,0.175961,alert already on (left-censored),False
202608251238,C4.7,C,-5.327902,2026-08-25 12:38:00,2026-08-25 12:58:00,2026-08-25 11:38:00,60.0,True,0.95122,12.333333,False,66.333333,False,16.333333,False,54.0,4.0,54.0,False,54.0,False,52.0,False,56.0,False,12.333333,False,66.333333,False,16.333333,False,54.0,4.0,54.0,False,54.0,False,56.0,False,66.0,True,12.333333,False,66.333333,False,12.333333,False,54.0,0.0,40.0,False,54.0,False,56.0,False,66.0,True,15,0.152177,,True
202608260027,C1.2,C,-5.920819,2026-08-26 00:27:00,2026-08-26 00:50:00,2026-08-25 23:27:00,60.0,True,0.97619,18.333333,False,18.333333,False,18.333333,False,0.0,0.0,0.0,False,0.0,False,-8.0,False,-8.0,False,18.333333,False,18.333333,False,16.333333,False,0.0,-2.0,0.0,False,0.0,False,-8.0,False,-8.0,False,18.333333,False,18.333333,False,16.333333,False,0.0,-2.0,-2.0,False,0.0,False,0.0,False,0.0,False,14,-0.109647,,True
202608260629,M2.2,M,-4.657577,2026-08-26 06:29:00,2026-08-26 06:34:00,2026-08-26 05:29:00,60.0,True,1.0,2.333333,False,2.333333,False,2.333333,False,0.0,0.0,0.0,False,0.0,False,-4.0,False,-4.0,False,2.333333,False,2.333333,False,2.333333,False,0.0,0.0,0.0,False,0.0,False,-4.0,False,-4.0,False,2.333333,False,2.333333,False,2.333333,False,0.0,0.0,0.0,False,0.0,False,0.0,False,-4.0,False,15,-0.117227,,True
202608261140,C1.5,C,-5.823909,2026-08-26 11:40:00,2026-08-26 11:47:00,2026-08-26 10:40:00,60.0,True,0.970588,1.333333,False,1.333333,False,1.333333,False,0.0,0.0,0.0,False,0.0,False,-2.0,False,-18.0,False,1.333333,False,1.333333,False,1.333333,False,0.0,0.0,0.0,False,0.0,False,-2.0,False,-18.0,False,1.333333,False,1.333333,False,1.333333,False,0.0,0.0,0.0,False,0.0,False,0.0,False,-18.0,False,15,-0.098395,,True
202608261206,M1.0,M,-5.0,2026-08-26 12:06:00,2026-08-26 12:14:00,2026-08-26 11:52:00,14.0,False,0.833333,20.333333,True,2.333333,False,2.333333,False,-18.0,-18.0,0.0,False,-18.0,True,-18.0,True,-18.0,True,20.333333,True,2.333333,False,2.333333,False,-18.0,-18.0,0.0,False,-18.0,True,-18.0,True,-18.0,True,2.333333,False,2.333333,False,2.333333,False,0.0,0.0,0.0,False,0.0,False,0.0,False,0.0,False,6,-0.090361,,True
202608261905,C1.3,C,-5.886057,2026-08-26 19:05:00,2026-08-26 19:12:00,2026-08-26 18:05:00,60.0,True,1.0,2.333333,False,2.333333,False,2.333333,False,0.0,0.0,0.0,False,0.0,False,0.0,False,0.0,False,2.333333,False,2.333333,False,2.333333,False,0.0,0.0,0.0,False,0.0,False,0.0,False,0.0,False,2.333333,False,2.333333,False,2.333333,False,0.0,0.0,0.0,False,0.0,False,0.0,False,0.0,False,15,-0.124205,,True
202608262129,C3.4,C,-5.468521,2026-08-26 21:29:00,2026-08-26 21:40:00,2026-08-26 20:29:00,60.0,True,1.0,4.333333,False,4.333333,False,4.333333,False,0.0,0.0,0.0,False,0.0,False,0.0,False,0.0,False,4.333333,False,4.333333,False,4.333333,False,0.0,0.0,0.0,False,0.0,False,0.0,False,0.0,False,4.333333,False,4.333333,False,4.333333,False,0.0,0.0,0.0,False,0.0,False,0.0,False,0.0,False,15,-0.049674,,True
202608270132,C5.2,C,-5.283997,2026-08-27 01:32:00,2026-08-27 01:41:00,2026-08-27 00:32:00,60.0,True,0.971429,53.333333,False,37.333333,False,37.333333,False,-16.0,-16.0,-50.0,False,0.0,False,0.0,False,-4.0,False,53.333333,False,3.333333,False,35.333333,False,-50.0,-18.0,-50.0,False,-50.0,False,0.0,False,0.0,False,53.333333,False,3.333333,False,3.333333,False,-50.0,-50.0,0.0,False,-50.0,False,-50.0,False,0.0,False,15,-0.09576,,True
202608270341,C1.3,C,-5.886057,2026-08-27 03:41:00,2026-08-27 03:50:00,2026-08-27 02:41:00,60.0,True,1.0,58.333333,False,36.333333,False,58.333333,False,-22.0,0.0,0.0,False,-22.0,False,-22.0,False,0.0,False,36.333333,False,36.333333,False,58.333333,False,0.0,22.0,-2.0,False,0.0,False,-22.0,False,-22.0,False,34.333333,False,34.333333,False,36.333333,False,0.0,2.0,0.0,False,0.0,False,0.0,False,2.0,False,15,-0.012136,,True
202608270548,C1.2,C,-5.920819,2026-08-27 05:48:00,2026-08-27 05:53:00,2026-08-27 04:48:00,60.0,True,0.969697,23.333333,False,23.333333,False,23.333333,False,0.0,0.0,0.0,False,2.0,False,-18.0,False,-18.0,False,23.333333,False,23.333333,False,23.333333,False,0.0,0.0,0.0,False,0.0,False,2.0,False,-18.0,False,23.333333,False,23.333333,False,23.333333,False,0.0,0.0,0.0,False,0.0,False,0.0,False,2.0,False,15,-0.004263,,True
202608270631,C1.0,C,-6.0,2026-08-27 06:31:00,2026-08-27 06:40:00,2026-08-27 05:57:00,34.0,False,1.0,42.333333,True,42.333333,True,42.333333,True,0.0,0.0,0.0,True,0.0,True,0.0,True,0.0,True,42.333333,True,42.333333,True,42.333333,True,0.0,0.0,0.0,True,0.0,True,0.0,True,0.0,True,42.333333,True,42.333333,True,42.333333,True,0.0,0.0,0.0,True,0.0,True,0.0,True,0.0,True,15,-0.054507,alert already on (left-censored),False
202608270703,C1.2,C,-5.920819,2026-08-27 07:03:00,2026-08-27 07:07:00,2026-08-27 06:47:00,16.0,False,0.909091,19.333333,True,19.333333,True,19.333333,True,0.0,0.0,0.0,True,0.0,True,0.0,True,0.0,True,19.333333,True,19.333333,True,19.333333,True,0.0,0.0,0.0,False,0.0,True,0.0,True,0.0,True,1.333333,False,1.333333,False,19.333333,True,0.0,18.0,0.0,False,0.0,False,18.0,True,0.0,True,8,-0.032332,,True
202608280412,C1.1,C,-5.958607,2026-08-28 04:12:00,2026-08-28 04:22:00,2026-08-28 03:12:00,60.0,True,0.972222,26.333333,False,26.333333,False,26.333333,False,0.0,0.0,0.0,False,0.0,False,0.0,False,0.0,False,26.333333,False,26.333333,False,26.333333,False,0.0,0.0,0.0,False,0.0,False,0.0,False,0.0,False,26.333333,False,26.333333,False,26.333333,False,0.0,0.0,-24.0,False,0.0,False,0.0,False,0.0,False,15,-0.079042,,True
202608291201,C1.1,C,-5.958607,2026-08-29 12:01:00,2026-08-29 12:11:00,2026-08-29 11:01:00,60.0,True,0.972222,15.333333,False,15.333333,False,15.333333,False,0.0,0.0,-10.0,False,0.0,False,-42.0,False,-42.0,False,19.333333,False,15.333333,False,15.333333,False,-4.0,-4.0,-10.0,False,0.0,False,-42.0,False,-42.0,False,15.333333,False,5.333333,False,15.333333,False,-10.0,0.0,-10.0,False,-10.0,False,-4.0,False,-42.0,False,15,-0.114198,,True
202608291315,C1.0,C,-6.0,2026-08-29 13:15:00,2026-08-29 13:25:00,2026-08-29 12:21:00,54.0,False,0.969697,63.333333,True,63.333333,True,63.333333,True,0.0,0.0,0.0,True,0.0,True,0.0,True,0.0,True,63.333333,True,63.333333,True,63.333333,True,0.0,0.0,0.0,True,0.0,True,0.0,True,0.0,True,63.333333,True,63.333333,True,63.333333,True,0.0,0.0,0.0,True,0.0,True,0.0,True,0.0,True,15,-0.064414,alert already on (left-censored),False
202608300110,C3.0,C,-5.522879,2026-08-30 01:10:00,2026-08-30 01:20:00,2026-08-30 00:10:00,60.0,True,0.972222,2.333333,False,2.333333,False,2.333333,False,0.0,0.0,0.0,False,0.0,False,-14.0,False,-14.0,False,2.333333,False,2.333333,False,2.333333,False,0.0,0.0,0.0,False,0.0,False,-14.0,False,-14.0,False,2.333333,False,2.333333,False,2.333333,False,0.0,0.0,0.0,False,0.0,False,0.0,False,-14.0,False,15,-0.088826,,True
202608301642,C2.1,C,-5.677781,2026-08-30 16:42:00,2026-08-30 16:56:00,2026-08-30 15:42:00,60.0,True,0.973684,72.333333,True,28.333333,False,28.333333,False,-44.0,-44.0,-44.0,True,-44.0,True,-44.0,True,-42.0,True,72.333333,True,28.333333,False,28.333333,False,-44.0,-44.0,-66.0,True,-44.0,True,-44.0,True,-44.0,True,72.333333,True,6.333333,False,28.333333,False,-66.0,-44.0,-22.0,False,-66.0,True,-44.0,True,-44.0,True,15,-0.132139,alert already on (left-censored),False
202608310331,C1.0,C,-6.0,2026-08-31 03:31:00,2026-08-31 03:33:00,2026-08-31 02:31:00,60.0,True,0.96875,61.333333,True,61.333333,True,61.333333,True,0.0,0.0,0.0,True,0.0,True,0.0,True,0.0,True,61.333333,True,61.333333,True,61.333333,True,0.0,0.0,-44.0,True,0.0,True,0.0,True,0.0,True,61.333333,True,61.333333,True,61.333333,True,0.0,0.0,-2.0,False,-44.0,True,0.0,True,0.0,True,15,-0.194349,alert already on (left-censored),False
202608311357,C1.4,C,-5.853872,2026-08-31 13:57:00,2026-08-31 14:14:00,2026-08-31 12:57:00,60.0,True,1.0,36.333333,False,34.333333,False,36.333333,False,-2.0,0.0,-2.0,False,-2.0,False,0.0,False,0.0,False,36.333333,False,34.333333,False,34.333333,False,-2.0,-2.0,-18.0,False,-2.0,False,-2.0,False,-2.0,False,30.333333,False,14.333333,False,30.333333,False,-16.0,0.0,-16.0,False,-16.0,False,-18.0,False,-4.0,False,15,-0.162798,,True
202608311417,C1.4,C,-5.853872,2026-08-31 14:17:00,2026-08-31 14:25:00,2026-08-31 14:17:00,0.0,False,0.8,7.333333,True,7.333333,True,7.333333,True,0.0,0.0,0.0,True,0.0,True,0.0,True,0.0,True,7.333333,True,7.333333,True,7.333333,True,0.0,0.0,0.0,True,0.0,True,0.0,True,0.0,True,7.333333,True,7.333333,True,7.333333,True,0.0,0.0,0.0,True,0.0,True,0.0,True,0.0,True,0,,lead-in under 10 min,False
202608311429,C1.6,C,-5.79588,2026-08-31 14:29:00,2026-08-31 14:41:00,2026-08-31 14:29:00,0.0,False,0.857143,11.333333,True,11.333333,True,11.333333,True,0.0,0.0,0.0,True,0.0,True,0.0,True,0.0,True,11.333333,True,11.333333,True,11.333333,True,0.0,0.0,0.0,True,0.0,True,0.0,True,0.0,True,11.333333,True,11.333333,True,11.333333,True,0.0,0.0,0.0,True,0.0,True,0.0,True,0.0,True,0,,lead-in under 10 min,False
202608311509,C2.6,C,-5.585027,2026-08-31 15:09:00,2026-08-31 15:16:00,2026-08-31 14:50:00,19.0,False,0.928571,22.333333,False,24.333333,True,24.333333,True,2.0,2.0,22.0,True,2.0,True,0.0,True,0.0,True,2.333333,False,24.333333,True,24.333333,True,22.0,22.0,22.0,True,22.0,True,2.0,True,2.0,True,2.333333,False,24.333333,True,24.333333,True,22.0,22.0,22.0,True,22.0,True,22.0,True,22.0,True,9,0.043283,alert already on (left-censored),False
202609012103,C5.7,C,-5.244125,2026-09-01 21:03:00,2026-09-01 21:10:00,2026-09-01 20:03:00,60.0,True,1.0,2.333333,False,2.333333,False,2.333333,False,0.0,0.0,0.0,False,0.0,False,-28.0,False,-28.0,False,26.333333,False,2.333333,False,2.333333,False,-24.0,-24.0,0.0,False,0.0,False,-28.0,False,-28.0,False,2.333333,False,2.333333,False,2.333333,False,0.0,0.0,0.0,False,0.0,False,-28.0,False,-28.0,False,15,-0.12679,,True
202609012240,C1.1,C,-5.958607,2026-09-01 22:40:00,2026-09-01 22:46:00,2026-09-01 21:40:00,60.0,True,0.970588,2.333333,False,2.333333,False,2.333333,False,0.0,0.0,0.0,False,0.0,False,-8.0,False,-8.0,False,2.333333,False,2.333333,False,2.333333,False,0.0,0.0,0.0,False,0.0,False,0.0,False,0.0,False,2.333333,False,2.333333,False,2.333333,False,0.0,0.0,-2.0,False,0.0,False,0.0,False,0.0,False,15,-0.049448,,True
202609012317,C1.9,C,-5.721246,2026-09-01 23:17:00,2026-09-01 23:38:00,2026-09-01 22:54:00,23.0,False,0.956522,42.333333,True,42.333333,True,42.333333,True,0.0,0.0,0.0,True,0.0,True,0.0,True,0.0,True,42.333333,True,42.333333,True,42.333333,True,0.0,0.0,0.0,True,0.0,True,0.0,True,0.0,True,42.333333,True,42.333333,True,42.333333,True,0.0,0.0,0.0,True,0.0,True,0.0,True,0.0,True,11,-0.114902,alert already on (left-censored),False
202609021309,C1.2,C,-5.920819,2026-09-02 13:09:00,2026-09-02 13:21:00,2026-09-02 12:09:00,60.0,True,0.972973,5.333333,False,7.333333,False,5.333333,False,2.0,0.0,0.0,False,0.0,False,0.0,False,0.0,False,5.333333,False,7.333333,False,5.333333,False,2.0,0.0,0.0,False,2.0,False,0.0,False,4.0,False,5.333333,False,7.333333,False,5.333333,False,2.0,0.0,2.0,False,4.0,False,2.0,False,14.0,False,15,-0.00041,,True
202609021532,C1.3,C,-5.886057,2026-09-02 15:32:00,2026-09-02 15:47:00,2026-09-02 14:32:00,60.0,True,0.973684,9.333333,False,9.333333,False,9.333333,False,0.0,0.0,0.0,False,0.0,False,0.0,False,0.0,False,9.333333,False,9.333333,False,9.333333,False,0.0,0.0,0.0,False,0.0,False,0.0,False,0.0,False,9.333333,False,9.333333,False,7.333333,False,0.0,-2.0,2.0,False,0.0,False,0.0,False,0.0,False,15,0.107533,,True
202609021618,C1.5,C,-5.823909,2026-09-02 16:18:00,2026-09-02 16:30:00,2026-09-02 16:04:00,14.0,False,0.928571,24.333333,True,6.333333,False,6.333333,False,-18.0,-18.0,-18.0,True,-18.0,True,-18.0,True,-18.0,True,24.333333,True,6.333333,False,6.333333,False,-18.0,-18.0,-18.0,True,-18.0,True,-18.0,True,-18.0,True,4.333333,False,6.333333,False,4.333333,False,2.0,0.0,2.0,False,2.0,False,2.0,False,-18.0,True,7,-0.046088,,True
202609021857,M3.0,M,-4.522879,2026-09-02 18:57:00,2026-09-02 19:20:00,2026-09-02 17:57:00,60.0,True,1.0,18.333333,False,18.333333,False,16.333333,False,0.0,-2.0,-2.0,False,2.0,False,18.0,False,22.0,False,18.333333,False,20.333333,False,16.333333,False,2.0,-2.0,-2.0,False,2.0,False,24.0,False,24.0,False,14.333333,False,42.333333,False,16.333333,False,28.0,2.0,4.0,False,26.0,False,24.0,False,26.0,False,15,0.071379,,True
202609030935,C2.2,C,-5.657577,2026-09-03 09:35:00,2026-09-03 09:42:00,2026-09-03 08:35:00,60.0,True,1.0,40.333333,False,4.333333,False,40.333333,False,-36.0,0.0,-36.0,False,-36.0,False,0.0,False,-2.0,False,40.333333,False,4.333333,False,40.333333,False,-36.0,0.0,-38.0,False,-36.0,False,0.0,False,0.0,False,40.333333,False,2.333333,False,40.333333,False,-38.0,0.0,-38.0,False,-38.0,False,-36.0,False,0.0,False,15,-0.105889,,True
202609031140,C1.1,C,-5.958607,2026-09-03 11:40:00,2026-09-03 11:47:00,2026-09-03 10:40:00,60.0,True,0.970588,29.333333,False,29.333333,False,1.333333,False,0.0,-28.0,28.0,False,0.0,False,0.0,False,0.0,False,1.333333,False,29.333333,False,1.333333,False,28.0,0.0,28.0,False,28.0,False,0.0,False,0.0,False,1.333333,False,29.333333,False,1.333333,False,28.0,0.0,0.0,False,28.0,False,28.0,False,28.0,False,15,-0.037105,,True
202609031152,C4.2,C,-5.376751,2026-09-03 11:52:00,2026-09-03 11:59:00,2026-09-03 11:50:00,2.0,False,0.8,7.333333,True,3.333333,False,7.333333,True,-4.0,0.0,-4.0,True,-4.0,True,-4.0,True,0.0,True,7.333333,True,3.333333,False,7.333333,True,-4.0,0.0,-4.0,True,-4.0,True,-4.0,True,-4.0,True,7.333333,True,3.333333,False,7.333333,True,-4.0,0.0,-4.0,True,-4.0,True,-4.0,True,-4.0,True,1,,lead-in under 10 min,False
202609031436,C6.9,C,-5.161151,2026-09-03 14:36:00,2026-09-03 14:46:00,2026-09-03 13:36:00,60.0,True,0.972222,2.333333,False,2.333333,False,2.333333,False,0.0,0.0,0.0,False,0.0,False,-12.0,False,-22.0,False,2.333333,False,2.333333,False,2.333333,False,0.0,0.0,0.0,False,0.0,False,-12.0,False,-12.0,False,2.333333,False,2.333333,False,2.333333,False,0.0,0.0,0.0,False,0.0,False,0.0,False,0.0,False,15,-0.069659,,True
202609031614,C7.7,C,-5.113509,2026-09-03 16:14:00,2026-09-03 16:30:00,2026-09-03 15:14:00,60.0,True,0.974359,10.333333,False,12.333333,False,12.333333,False,2.0,2.0,2.0,False,0.0,False,0.0,False,0.0,False,10.333333,False,12.333333,False,12.333333,False,2.0,2.0,2.0,False,2.0,False,2.0,False,0.0,False,10.333333,False,12.333333,False,10.333333,False,2.0,0.0,0.0,False,2.0,False,2.0,False,2.0,False,15,-0.02831,,True
202609031822,C3.0,C,-5.522879,2026-09-03 18:22:00,2026-09-03 18:29:00,2026-09-03 17:22:00,60.0,True,0.970588,1.333333,False,1.333333,False,45.333333,False,0.0,44.0,0.0,False,0.0,False,0.0,False,0.0,False,1.333333,False,1.333333,False,1.333333,False,0.0,0.0,0.0,False,0.0,False,0.0,False,0.0,False,1.333333,False,1.333333,False,1.333333,False,0.0,0.0,0.0,False,0.0,False,0.0,False,0.0,False,15,-0.031401,,True
202609031955,C3.7,C,-5.431798,2026-09-03 19:55:00,2026-09-03 20:03:00,2026-09-03 18:55:00,60.0,True,0.971429,1.333333,False,3.333333,False,3.333333,False,2.0,2.0,2.0,False,2.0,False,2.0,False,2.0,False,1.333333,False,3.333333,False,3.333333,False,2.0,2.0,2.0,False,2.0,False,2.0,False,2.0,False,1.333333,False,3.333333,False,3.333333,False,2.0,2.0,2.0,False,2.0,False,2.0,False,2.0,False,15,-0.049408,,True
202609040608,C1.3,C,-5.886057,2026-09-04 06:08:00,2026-09-04 06:15:00,2026-09-04 05:08:00,60.0,True,0.970588,39.333333,False,39.333333,False,55.333333,False,0.0,16.0,0.0,False,-4.0,False,-6.0,True,0.0,True,65.333333,True,59.333333,False,65.333333,True,-6.0,0.0,0.0,False,4.0,False,0.0,True,0.0,True,65.333333,True,65.333333,True,65.333333,True,0.0,0.0,18.0,False,0.0,True,0.0,True,0.0,True,15,0.031682,alert already on (left-censored),False
202609040745,M1.2,M,-4.920819,2026-09-04 07:45:00,2026-09-04 07:53:00,2026-09-04 06:45:00,60.0,True,0.971429,63.333333,False,21.333333,False,63.333333,False,-42.0,0.0,-60.0,False,-42.0,False,2.0,False,2.0,True,63.333333,False,65.333333,False,67.333333,True,2.0,4.0,-60.0,False,2.0,False,2.0,True,0.0,True,67.333333,True,67.333333,True,67.333333,True,0.0,0.0,-60.0,False,2.0,True,0.0,True,0.0,True,15,-0.053015,alert already on (left-censored),False
202609041111,C7.1,C,-5.148742,2026-09-04 11:11:00,2026-09-04 11:19:00,2026-09-04 10:11:00,60.0,True,0.971429,55.333333,False,5.333333,False,5.333333,False,-50.0,-50.0,-28.0,False,-10.0,False,0.0,True,0.0,True,67.333333,True,45.333333,False,65.333333,False,-22.0,-2.0,-28.0,False,-10.0,False,0.0,True,0.0,True,67.333333,True,67.333333,True,67.333333,True,0.0,0.0,-30.0,False,0.0,True,0.0,True,0.0,True,15,-0.096293,alert already on (left-censored),False
202609041258,C2.1,C,-5.677781,2026-09-04 12:58:00,2026-09-04 13:05:00,2026-09-04 11:58:00,60.0,True,0.794118,1.333333,False,1.333333,False,1.333333,False,0.0,0.0,0.0,False,0.0,False,0.0,False,0.0,False,1.333333,False,1.333333,False,1.333333,False,0.0,0.0,0.0,False,0.0,False,0.0,False,0.0,False,1.333333,False,1.333333,False,1.333333,False,0.0,0.0,0.0,False,0.0,False,0.0,False,0.0,False,15,0.007756,common coverage under 80%,False
202609041513,C1.3,C,-5.886057,2026-09-04 15:13:00,2026-09-04 15:27:00,2026-09-04 14:13:00,60.0,True,0.973684,11.333333,False,11.333333,False,11.333333,False,0.0,0.0,-2.0,False,0.0,False,-14.0,False,-12.0,False,11.333333,False,11.333333,False,13.333333,False,0.0,2.0,-2.0,False,0.0,False,0.0,False,-10.0,False,13.333333,False,13.333333,False,15.333333,False,0.0,2.0,-2.0,False,-2.0,False,-2.0,False,0.0,False,15,-0.077182,,True
202609041902,C6.7,C,-5.173925,2026-09-04 19:02:00,2026-09-04 19:30:00,2026-09-04 18:02:00,60.0,True,0.977778,78.333333,False,26.333333,False,78.333333,False,-52.0,0.0,-54.0,False,-52.0,False,0.0,False,4.0,True,82.333333,False,26.333333,False,86.333333,True,-56.0,4.0,-54.0,False,-52.0,False,0.0,False,0.0,True,82.333333,False,82.333333,False,86.333333,True,0.0,4.0,-54.0,False,-4.0,False,0.0,True,0.0,True,15,-0.045447,,True
202609042102,C1.2,C,-5.920819,2026-09-04 21:02:00,2026-09-04 21:21:00,2026-09-04 20:02:00,60.0,True,0.975,13.333333,False,13.333333,False,13.333333,False,0.0,0.0,0.0,False,0.0,False,0.0,False,0.0,False,13.333333,False,13.333333,False,11.333333,False,0.0,-2.0,-4.0,False,0.0,False,0.0,False,0.0,False,13.333333,False,9.333333,False,9.333333,False,-4.0,-4.0,-2.0,False,-4.0,False,-4.0,False,-2.0,False,15,-0.021812,,True
202609051024,C6.4,C,-5.19382,2026-09-05 10:24:00,2026-09-05 10:45:00,2026-09-05 09:24:00,60.0,True,0.97561,57.333333,False,57.333333,False,57.333333,False,0.0,0.0,-12.0,False,-12.0,False,-12.0,False,-18.0,False,69.333333,False,45.333333,False,57.333333,False,-24.0,-12.0,-42.0,False,-12.0,False,-12.0,False,-14.0,False,57.333333,False,15.333333,False,57.333333,False,-42.0,0.0,-42.0,False,-42.0,False,-42.0,False,-14.0,False,15,-0.15073,,True
202609051156,C1.5,C,-5.823909,2026-09-05 11:56:00,2026-09-05 12:02:00,2026-09-05 10:56:00,60.0,True,0.941176,64.333333,True,0.333333,False,64.333333,True,-64.0,0.0,-64.0,True,-64.0,True,0.0,True,0.0,True,64.333333,True,0.333333,False,64.333333,True,-64.0,0.0,-64.0,True,-64.0,True,-64.0,True,0.0,True,64.333333,True,0.333333,False,0.333333,False,-64.0,-64.0,0.0,False,-64.0,True,-64.0,True,-64.0,True,15,-0.003555,alert already on (left-censored),False
202609051504,M1.0,M,-5.0,2026-09-05 15:04:00,2026-09-05 15:18:00,2026-09-05 14:04:00,60.0,True,0.973684,6.333333,False,70.333333,False,6.333333,False,64.0,0.0,64.0,False,64.0,False,8.0,True,8.0,True,6.333333,False,70.333333,False,6.333333,False,64.0,0.0,64.0,False,64.0,False,66.0,True,8.0,True,6.333333,False,72.333333,True,6.333333,False,66.0,0.0,64.0,False,66.0,True,66.0,True,66.0,True,15,0.229807,alert already on (left-censored),False
202609051731,C8.5,C,-5.070581,2026-09-05 17:31:00,2026-09-05 17:46:00,2026-09-05 16:31:00,60.0,True,1.0,8.333333,False,8.333333,False,8.333333,False,0.0,0.0,0.0,False,0.0,False,0.0,False,0.0,False,8.333333,False,8.333333,False,8.333333,False,0.0,0.0,0.0,False,0.0,False,0.0,False,0.0,False,8.333333,False,8.333333,False,8.333333,False,0.0,0.0,-2.0,False,0.0,False,0.0,False,0.0,False,15,-0.019366,,True
202609061030,C5.0,C,-5.30103,2026-09-06 10:30:00,2026-09-06 10:42:00,2026-09-06 09:30:00,60.0,True,0.972973,4.333333,False,4.333333,False,4.333333,False,0.0,0.0,0.0,False,0.0,False,0.0,False,0.0,False,4.333333,False,4.333333,False,4.333333,False,0.0,0.0,0.0,False,0.0,False,0.0,False,0.0,False,4.333333,False,4.333333,False,4.333333,False,0.0,0.0,0.0,False,0.0,False,0.0,False,0.0,False,15,-0.07745,,True
202609061315,C1.1,C,-5.958607,2026-09-06 13:15:00,2026-09-06 13:34:00,2026-09-06 12:15:00,60.0,True,1.0,12.333333,False,12.333333,False,12.333333,False,0.0,0.0,0.0,False,0.0,False,-2.0,False,26.0,False,12.333333,False,12.333333,False,12.333333,False,0.0,0.0,0.0,False,0.0,False,-2.0,False,0.0,False,12.333333,False,12.333333,False,12.333333,False,0.0,0.0,0.0,False,0.0,False,0.0,False,0.0,False,15,-0.036969,,True
202609071929,C1.0,C,-6.0,2026-09-07 19:29:00,2026-09-07 19:35:00,2026-09-07 18:29:00,60.0,True,0.970588,1.333333,False,1.333333,False,1.333333,False,0.0,0.0,0.0,False,0.0,False,0.0,False,0.0,False,1.333333,False,1.333333,False,1.333333,False,0.0,0.0,0.0,False,0.0,False,0.0,False,0.0,False,1.333333,False,1.333333,False,1.333333,False,0.0,0.0,0.0,False,0.0,False,0.0,False,0.0,False,15,-0.092735,,True
202609081219,C2.2,C,-5.657577,2026-09-08 12:19:00,2026-09-08 12:24:00,2026-09-08 11:19:00,60.0,True,0.969697,2.333333,False,2.333333,False,2.333333,False,0.0,0.0,0.0,False,0.0,False,0.0,False,0.0,False,2.333333,False,2.333333,False,2.333333,False,0.0,0.0,0.0,False,0.0,False,0.0,False,0.0,False,2.333333,False,2.333333,False,2.333333,False,0.0,0.0,0.0,False,0.0,False,0.0,False,0.0,False,14,-0.10759,,True
202609081735,C2.8,C,-5.552842,2026-09-08 17:35:00,2026-09-08 17:43:00,2026-09-08 16:35:00,60.0,True,0.971429,1.333333,False,1.333333,False,3.333333,False,0.0,2.0,0.0,False,-38.0,False,-38.0,False,-64.0,False,1.333333,False,1.333333,False,3.333333,False,0.0,2.0,0.0,False,0.0,False,-38.0,False,-38.0,False,1.333333,False,1.333333,False,1.333333,False,0.0,0.0,0.0,False,0.0,False,0.0,False,0.0,False,15,-0.053902,,True
202609082033,C1.2,C,-5.920819,2026-09-08 20:33:00,2026-09-08 20:43:00,2026-09-08 19:33:00,60.0,True,0.972222,37.333333,False,37.333333,False,37.333333,False,0.0,0.0,-2.0,False,0.0,False,0.0,False,0.0,False,37.333333,False,37.333333,False,37.333333,False,0.0,0.0,-2.0,False,0.0,False,0.0,False,0.0,False,35.333333,False,35.333333,False,37.333333,False,0.0,2.0,0.0,False,0.0,False,0.0,False,0.0,False,15,-0.027768,,True
202609082139,C1.2,C,-5.920819,2026-09-08 21:39:00,2026-09-08 21:49:00,2026-09-08 20:51:00,48.0,False,0.966667,5.333333,False,5.333333,False,57.333333,True,0.0,52.0,0.0,False,52.0,True,52.0,True,42.0,True,5.333333,False,5.333333,False,5.333333,False,0.0,0.0,0.0,False,0.0,False,52.0,True,52.0,True,0.0,False,1.333333,False,1.333333,False,1.333333,1.333333,1.333333,False,1.333333,False,1.333333,False,0.0,False,15,-0.006765,,True
202609082217,C2.7,C,-5.568636,2026-09-08 22:17:00,2026-09-08 22:24:00,2026-09-08 21:57:00,20.0,False,1.0,26.333333,True,26.333333,True,26.333333,True,0.0,0.0,0.0,True,0.0,True,0.0,True,0.0,True,26.333333,True,26.333333,True,26.333333,True,0.0,0.0,0.0,True,0.0,True,0.0,True,0.0,True,4.333333,False,26.333333,True,26.333333,True,22.0,22.0,22.0,True,22.0,True,0.0,True,0.0,True,10,-0.00311,alert already on (left-censored),False
202609082322,C3.5,C,-5.455932,2026-09-08 23:22:00,2026-09-08 23:39:00,2026-09-08 22:29:00,53.0,False,0.972222,69.333333,True,11.333333,False,11.333333,False,-58.0,-58.0,-58.0,True,-58.0,True,0.0,True,0.0,True,69.333333,True,11.333333,False,11.333333,False,-58.0,-58.0,-58.0,True,-58.0,True,-58.0,True,0.0,True,69.333333,True,9.333333,False,9.333333,False,-60.0,-60.0,-2.0,False,-60.0,True,-58.0,True,-58.0,True,15,0.043077,alert already on (left-censored),False
202609090553,C1.5,C,-5.823909,2026-09-09 05:53:00,2026-09-09 06:07:00,2026-09-09 04:53:00,60.0,True,0.973684,9.333333,False,7.333333,False,7.333333,False,-2.0,-2.0,0.0,False,-2.0,False,-2.0,False,-2.0,False,7.333333,False,7.333333,False,7.333333,False,0.0,0.0,0.0,False,0.0,False,-2.0,False,-2.0,False,7.333333,False,7.333333,False,7.333333,False,0.0,0.0,0.0,False,0.0,False,0.0,False,0.0,False,15,-0.019283,,True
202609091023,C3.2,C,-5.49485,2026-09-09 10:23:00,2026-09-09 10:32:00,2026-09-09 09:23:00,60.0,True,1.0,68.333333,True,68.333333,True,68.333333,True,0.0,0.0,0.0,True,0.0,True,0.0,True,0.0,True,68.333333,True,68.333333,True,68.333333,True,0.0,0.0,0.0,True,0.0,True,0.0,True,0.0,True,68.333333,True,68.333333,True,68.333333,True,0.0,0.0,0.0,True,0.0,True,0.0,True,0.0,True,15,0.099349,alert already on (left-censored),False
202609100025,C1.4,C,-5.853872,2026-09-10 00:25:00,2026-09-10 00:51:00,2026-09-09 23:25:00,60.0,True,0.977273,19.333333,False,19.333333,False,19.333333,False,0.0,0.0,0.0,False,0.0,False,0.0,False,-2.0,False,19.333333,False,19.333333,False,19.333333,False,0.0,0.0,0.0,False,0.0,False,0.0,False,0.0,False,19.333333,False,19.333333,False,19.333333,False,0.0,0.0,-2.0,False,0.0,False,0.0,False,0.0,False,15,-0.026291,,True
202609101652,C1.6,C,-5.79588,2026-09-10 16:52:00,2026-09-10 17:12:00,2026-09-10 15:52:00,60.0,True,0.97561,14.333333,False,14.333333,False,14.333333,False,0.0,0.0,0.0,False,0.0,False,0.0,False,0.0,False,14.333333,False,14.333333,False,14.333333,False,0.0,0.0,0.0,False,0.0,False,0.0,False,0.0,False,14.333333,False,14.333333,False,14.333333,False,0.0,0.0,2.0,False,0.0,False,0.0,False,0.0,False,15,-0.087285,,True
202609121709,C5.8,C,-5.236572,2026-09-12 17:09:00,2026-09-12 17:20:00,2026-09-12 16:09:00,60.0,True,1.0,68.333333,False,68.333333,False,68.333333,False,0.0,0.0,0.0,False,0.0,False,0.0,False,0.0,False,68.333333,False,68.333333,False,68.333333,False,0.0,0.0,0.0,False,0.0,False,0.0,False,0.0,False,68.333333,False,68.333333,False,68.333333,False,0.0,0.0,0.0,False,0.0,False,0.0,False,0.0,False,15,0.118074,,True
202609191757,C3.3,C,-5.481486,2026-09-19 17:57:00,2026-09-19 18:17:00,2026-09-19 16:57:00,60.0,True,0.97561,51.333333,False,51.333333,False,51.333333,False,0.0,0.0,0.0,False,0.0,False,0.0,False,0.0,False,51.333333,False,51.333333,False,51.333333,False,0.0,0.0,0.0,False,0.0,False,0.0,False,0.0,False,51.333333,False,51.333333,False,51.333333,False,0.0,0.0,0.0,False,0.0,False,0.0,False,0.0,False,15,0.003215,,True
202609202225,C3.7,C,-5.431798,2026-09-20 22:25:00,2026-09-20 22:34:00,2026-09-20 21:25:00,60.0,True,1.0,52.333333,False,16.333333,False,52.333333,False,-36.0,0.0,-46.0,False,-34.0,False,-10.0,False,-16.0,True,52.333333,False,6.333333,False,52.333333,False,-46.0,0.0,-46.0,False,-46.0,False,-34.0,False,-34.0,False,26.333333,False,6.333333,False,52.333333,False,-20.0,26.0,-14.0,False,-20.0,False,-20.0,False,-46.0,False,15,-0.122772,,True
202609210059,C1.1,C,-5.958607,2026-09-21 00:59:00,2026-09-21 01:13:00,2026-09-20 23:59:00,60.0,True,0.0,0.0,False,0.0,False,0.0,False,0.0,0.0,0.0,False,0.0,False,0.0,False,0.0,False,0.0,False,0.0,False,0.0,False,0.0,0.0,0.0,False,0.0,False,0.0,False,0.0,False,0.0,False,0.0,False,0.0,False,0.0,0.0,0.0,False,0.0,False,0.0,False,0.0,False,0,,common coverage under 80%,False
202609210621,C1.2,C,-5.920819,2026-09-21 06:21:00,2026-09-21 06:29:00,2026-09-21 05:21:00,60.0,True,0.0,0.0,False,0.0,False,0.0,False,0.0,0.0,0.0,False,0.0,False,0.0,False,0.0,False,0.0,False,0.0,False,0.0,False,0.0,0.0,0.0,False,0.0,False,0.0,False,0.0,False,0.0,False,0.0,False,0.0,False,0.0,0.0,0.0,False,0.0,False,0.0,False,0.0,False,0,,common coverage under 80%,False
